Gene,Class,Species,Mut,Observed,TreeLeaves,MSAsize,Expected,MutSpec
Cytb,Aves,Paradisaea_minor,A>C,0.0,26,1140,123.73076923076924,0.0
Cytb,Aves,Paradisaea_minor,A>G,7.98277,26,1140,164.3076923076923,0.0585593111696169
Cytb,Aves,Paradisaea_minor,A>T,0.99746,26,1140,123.73076923076924,0.009716682560668832
Cytb,Aves,Paradisaea_minor,C>A,1.995832,26,1140,55.8076923076923,0.04310524879628619
Cytb,Aves,Paradisaea_minor,C>G,0.0,26,1140,55.8076923076923,0.0
Cytb,Aves,Paradisaea_minor,C>T,24.266532,26,1140,191.76923076923077,0.15252078340283323
Cytb,Aves,Paradisaea_minor,G>A,1.963715,26,1140,13.307692307692308,0.1778590407577581
Cytb,Aves,Paradisaea_minor,G>C,0.0,26,1140,6.884615384615383,0.0
Cytb,Aves,Paradisaea_minor,G>T,0.0,26,1140,6.884615384615383,0.0
Cytb,Aves,Paradisaea_minor,T>A,1.992596,26,1140,22.038461538461544,0.1089778458915126
Cytb,Aves,Paradisaea_minor,T>C,22.220658,26,1140,59.615384615384606,0.4492610874213242
Cytb,Aves,Paradisaea_minor,T>G,0.0,26,1140,22.038461538461544,0.0
Cytb,Aves,Tityra_semifasciata,A>C,0.0,28,1026,81.35714285714288,0.0
Cytb,Aves,Tityra_semifasciata,A>G,3.99652,28,1026,130.25,0.06332058910680617
Cytb,Aves,Tityra_semifasciata,A>T,0.0,28,1026,81.35714285714288,0.0
Cytb,Aves,Tityra_semifasciata,C>A,0.0,28,1026,52.96428571428574,0.0
Cytb,Aves,Tityra_semifasciata,C>G,0.0,28,1026,52.96428571428574,0.0
Cytb,Aves,Tityra_semifasciata,C>T,10.5005,28,1026,145.39285714285717,0.14904163158767816
Cytb,Aves,Tityra_semifasciata,G>A,1.0,28,1026,3.571428571428571,0.5778281816993838
Cytb,Aves,Tityra_semifasciata,G>C,0.0,28,1026,2.4285714285714297,0.0
Cytb,Aves,Tityra_semifasciata,G>T,0.0,28,1026,2.4285714285714297,0.0
Cytb,Aves,Tityra_semifasciata,T>A,0.0,28,1026,38.85714285714285,0.0
Cytb,Aves,Tityra_semifasciata,T>C,9.081139,28,1026,89.32142857142858,0.2098095976061319
Cytb,Aves,Tityra_semifasciata,T>G,0.0,28,1026,38.85714285714285,0.0
Cytb,Aves,Dendrocolaptes_platyrostris,A>C,0.0,14,975,93.92857142857142,0.0
Cytb,Aves,Dendrocolaptes_platyrostris,A>G,1.863004,14,975,135.85714285714283,0.03914525870915743
Cytb,Aves,Dendrocolaptes_platyrostris,A>T,0.0,14,975,93.92857142857142,0.0
Cytb,Aves,Dendrocolaptes_platyrostris,C>A,1.9392610000000001,14,975,51.57142857142858,0.10734330405924808
Cytb,Aves,Dendrocolaptes_platyrostris,C>G,0.0,14,975,51.57142857142858,0.0
Cytb,Aves,Dendrocolaptes_platyrostris,C>T,6.99417,14,975,150.78571428571428,0.1324109323606331
Cytb,Aves,Dendrocolaptes_platyrostris,G>A,1.0,14,975,6.5,0.4391718556638646
Cytb,Aves,Dendrocolaptes_platyrostris,G>C,0.0,14,975,4.428571428571428,0.0
Cytb,Aves,Dendrocolaptes_platyrostris,G>T,0.0,14,975,4.428571428571428,0.0
Cytb,Aves,Dendrocolaptes_platyrostris,T>A,0.99981,14,975,29.000000000000007,0.09841636843356463
Cytb,Aves,Dendrocolaptes_platyrostris,T>C,3.98574,14,975,62.0,0.18351228077353218
Cytb,Aves,Dendrocolaptes_platyrostris,T>G,0.0,14,975,29.000000000000007,0.0
Cytb,Aves,Syndactyla_rufosuperciliata,A>C,0.0,27,1002,85.25925925925928,0.0
Cytb,Aves,Syndactyla_rufosuperciliata,A>G,5.95976,27,1002,132.2592592592592,0.04036083774665578
Cytb,Aves,Syndactyla_rufosuperciliata,A>T,0.0,27,1002,85.25925925925928,0.0
Cytb,Aves,Syndactyla_rufosuperciliata,C>A,0.0,27,1002,66.07407407407406,0.0
Cytb,Aves,Syndactyla_rufosuperciliata,C>G,0.99699,27,1002,66.07407407407406,0.013515035894263363
Cytb,Aves,Syndactyla_rufosuperciliata,C>T,13.883402,27,1002,153.29629629629625,0.08111883855067833
Cytb,Aves,Syndactyla_rufosuperciliata,G>A,4.939606,27,1002,6.62962962962963,0.6673605489396676
Cytb,Aves,Syndactyla_rufosuperciliata,G>C,0.0,27,1002,4.518518518518517,0.0
Cytb,Aves,Syndactyla_rufosuperciliata,G>T,0.0,27,1002,4.518518518518517,0.0
Cytb,Aves,Syndactyla_rufosuperciliata,T>A,0.0,27,1002,23.07407407407407,0.0
Cytb,Aves,Syndactyla_rufosuperciliata,T>C,15.716046,27,1002,71.22222222222224,0.19764473886873488
Cytb,Aves,Syndactyla_rufosuperciliata,T>G,0.0,27,1002,23.07407407407407,0.0
Cytb,Aves,Xanthomixis_zosterops,A>C,0.0,18,909,98.33333333333334,0.0
Cytb,Aves,Xanthomixis_zosterops,A>G,8.99611,18,909,130.22222222222223,0.09254369908990982
Cytb,Aves,Xanthomixis_zosterops,A>T,0.0,18,909,98.33333333333334,0.0
Cytb,Aves,Xanthomixis_zosterops,C>A,1.0,18,909,53.61111111111112,0.02498747609716706
Cytb,Aves,Xanthomixis_zosterops,C>G,0.0,18,909,53.61111111111112,0.0
Cytb,Aves,Xanthomixis_zosterops,C>T,10.93022,18,909,169.33333333333334,0.08646963897711292
Cytb,Aves,Xanthomixis_zosterops,G>A,3.9174100000000003,18,909,9.555555555555555,0.5491870472789543
Cytb,Aves,Xanthomixis_zosterops,G>C,0.0,18,909,8.222222222222223,0.0
Cytb,Aves,Xanthomixis_zosterops,G>T,0.0,18,909,8.222222222222223,0.0
Cytb,Aves,Xanthomixis_zosterops,T>A,0.0,18,909,17.555555555555557,0.0
Cytb,Aves,Xanthomixis_zosterops,T>C,5.9981100000000005,18,909,32.55555555555555,0.24681213855685585
Cytb,Aves,Xanthomixis_zosterops,T>G,0.0,18,909,17.555555555555557,0.0
Cytb,Aves,Merops_apiaster,A>C,0.0,14,1050,65.71428571428571,0.0
Cytb,Aves,Merops_apiaster,A>G,1.99999,14,1050,95.78571428571428,0.10255072591571149
Cytb,Aves,Merops_apiaster,A>T,0.99377,14,1050,65.71428571428571,0.07427415973593841
Cytb,Aves,Merops_apiaster,C>A,0.99999,14,1050,101.14285714285715,0.048559264070237924
Cytb,Aves,Merops_apiaster,C>G,0.0,14,1050,101.14285714285715,0.0
Cytb,Aves,Merops_apiaster,C>T,1.99998,14,1050,207.8571428571429,0.04725767554876763
Cytb,Aves,Merops_apiaster,G>A,0.97381,14,1050,13.785714285714286,0.3469417889673278
Cytb,Aves,Merops_apiaster,G>C,0.0,14,1050,3.0,0.0
Cytb,Aves,Merops_apiaster,G>T,0.0,14,1050,3.0,0.0
Cytb,Aves,Merops_apiaster,T>A,0.0,14,1050,29.142857142857142,0.0
Cytb,Aves,Merops_apiaster,T>C,3.99998,14,1050,51.64285714285715,0.38041638576201675
Cytb,Aves,Merops_apiaster,T>G,0.0,14,1050,29.142857142857142,0.0
Cytb,Aves,Vanellus_chilensis,A>C,0.0,16,951,75.625,0.0
Cytb,Aves,Vanellus_chilensis,A>G,4.7474810000000005,16,951,115.8125,0.1237165844108441
Cytb,Aves,Vanellus_chilensis,A>T,0.893081,16,951,75.625,0.03564064747037126
Cytb,Aves,Vanellus_chilensis,C>A,0.0,16,951,70.6875,0.0
Cytb,Aves,Vanellus_chilensis,C>G,0.0,16,951,70.6875,0.0
Cytb,Aves,Vanellus_chilensis,C>T,5.491472,16,951,187.6875,0.08830261129645721
Cytb,Aves,Vanellus_chilensis,G>A,1.8562539999999998,16,951,10.375,0.5399697366840827
Cytb,Aves,Vanellus_chilensis,G>C,0.0,16,951,6.5625,0.0
Cytb,Aves,Vanellus_chilensis,G>T,0.0,16,951,6.5625,0.0
Cytb,Aves,Vanellus_chilensis,T>A,0.0,16,951,17.5,0.0
Cytb,Aves,Vanellus_chilensis,T>C,2.330933,16,951,33.125,0.2123704201382448
Cytb,Aves,Vanellus_chilensis,T>G,0.0,16,951,17.5,0.0
Cytb,Aves,Quiscalus_quiscula,A>C,0.0,14,1140,105.0,0.0
Cytb,Aves,Quiscalus_quiscula,A>G,1.9990100000000002,14,1140,146.85714285714286,0.04618081417943048
Cytb,Aves,Quiscalus_quiscula,A>T,0.0,14,1140,105.0,0.0
Cytb,Aves,Quiscalus_quiscula,C>A,0.0,14,1140,75.85714285714286,0.0
Cytb,Aves,Quiscalus_quiscula,C>G,0.0,14,1140,75.85714285714286,0.0
Cytb,Aves,Quiscalus_quiscula,C>T,6.97489,14,1140,224.07142857142856,0.10560696776153893
Cytb,Aves,Quiscalus_quiscula,G>A,1.0,14,1140,12.071428571428571,0.2810496342225173
Cytb,Aves,Quiscalus_quiscula,G>C,0.0,14,1140,7.071428571428571,0.0
Cytb,Aves,Quiscalus_quiscula,G>T,0.0,14,1140,7.071428571428571,0.0
Cytb,Aves,Quiscalus_quiscula,T>A,0.0,14,1140,23.928571428571423,0.0
Cytb,Aves,Quiscalus_quiscula,T>C,6.99738,14,1140,41.85714285714286,0.5671625838365133
Cytb,Aves,Quiscalus_quiscula,T>G,0.0,14,1140,23.928571428571423,0.0
Cytb,Aves,Locustella_ochotensis,A>C,0.99952,9,1140,100.88888888888889,0.030711743116233228
Cytb,Aves,Locustella_ochotensis,A>G,3.93314,9,1140,146.22222222222223,0.08338392661815426
Cytb,Aves,Locustella_ochotensis,A>T,0.0,9,1140,100.88888888888889,0.0
Cytb,Aves,Locustella_ochotensis,C>A,0.0,9,1140,71.22222222222223,0.0
Cytb,Aves,Locustella_ochotensis,C>G,0.0,9,1140,71.22222222222223,0.0
Cytb,Aves,Locustella_ochotensis,C>T,0.994621,9,1140,206.11111111111111,0.014959343580449612
Cytb,Aves,Locustella_ochotensis,G>A,0.80789,9,1140,15.77777777777778,0.15873135170181463
Cytb,Aves,Locustella_ochotensis,G>C,0.99973,9,1140,10.77777777777778,0.2875476461546634
Cytb,Aves,Locustella_ochotensis,G>T,0.0,9,1140,10.77777777777778,0.0
Cytb,Aves,Locustella_ochotensis,T>A,0.0,9,1140,24.444444444444446,0.0
Cytb,Aves,Locustella_ochotensis,T>C,6.910421,9,1140,50.44444444444444,0.4246659888286849
Cytb,Aves,Locustella_ochotensis,T>G,0.0,9,1140,24.444444444444446,0.0
Cytb,Aves,Garrulax_taewanus,A>C,0.0,10,1092,92.3,0.0
Cytb,Aves,Garrulax_taewanus,A>G,3.96461,10,1092,131.89999999999998,0.1119269875156297
Cytb,Aves,Garrulax_taewanus,A>T,0.0,10,1092,92.3,0.0
Cytb,Aves,Garrulax_taewanus,C>A,0.0,10,1092,80.7,0.0
Cytb,Aves,Garrulax_taewanus,C>G,0.0,10,1092,80.7,0.0
Cytb,Aves,Garrulax_taewanus,C>T,1.982772,10,1092,216.9,0.03404022043517325
Cytb,Aves,Garrulax_taewanus,G>A,1.99997,10,1092,13.1,0.5685011192158791
Cytb,Aves,Garrulax_taewanus,G>C,0.0,10,1092,6.000000000000001,0.0
Cytb,Aves,Garrulax_taewanus,G>T,0.0,10,1092,6.000000000000001,0.0
Cytb,Aves,Garrulax_taewanus,T>A,0.0,10,1092,18.3,0.0
Cytb,Aves,Garrulax_taewanus,T>C,2.99814,10,1092,39.1,0.285531672833318
Cytb,Aves,Garrulax_taewanus,T>G,0.0,10,1092,18.3,0.0
Cytb,Aves,Adelomyia_melanogenys,A>C,1.3467120000000001,32,1140,89.0,0.009486811845919246
Cytb,Aves,Adelomyia_melanogenys,A>G,17.313499,32,1140,138.78125,0.07821492176602503
Cytb,Aves,Adelomyia_melanogenys,A>T,1.99707,32,1140,89.0,0.014068210079905684
Cytb,Aves,Adelomyia_melanogenys,C>A,1.0,32,1140,100.46875,0.006240287013876789
Cytb,Aves,Adelomyia_melanogenys,C>G,0.99976,32,1140,100.46875,0.00623878934499346
Cytb,Aves,Adelomyia_melanogenys,C>T,26.818157,32,1140,226.1875,0.07433543588217971
Cytb,Aves,Adelomyia_melanogenys,G>A,5.7900279999999995,32,1140,9.34375,0.3885035734812754
Cytb,Aves,Adelomyia_melanogenys,G>C,0.598086,32,1140,4.46875,0.08390988798059837
Cytb,Aves,Adelomyia_melanogenys,G>T,0.0,32,1140,4.46875,0.0
Cytb,Aves,Adelomyia_melanogenys,T>A,0.0,32,1140,16.3125,0.0
Cytb,Aves,Adelomyia_melanogenys,T>C,23.098583,32,1140,42.71875,0.33900208260522635
Cytb,Aves,Adelomyia_melanogenys,T>G,0.0,32,1140,16.3125,0.0
Cytb,Aves,Aerodramus_maximus,A>C,0.0,12,1137,94.41666666666669,0.0
Cytb,Aves,Aerodramus_maximus,A>G,2.98076,12,1137,134.33333333333334,0.14858336715173545
Cytb,Aves,Aerodramus_maximus,A>T,0.99986,12,1137,94.41666666666669,0.07091163655387044
Cytb,Aves,Aerodramus_maximus,C>A,0.0,12,1137,94.33333333333331,0.0
Cytb,Aves,Aerodramus_maximus,C>G,1.0,12,1137,94.33333333333331,0.0709842171327442
Cytb,Aves,Aerodramus_maximus,C>T,5.977033,12,1137,229.5833333333333,0.17433005784927247
Cytb,Aves,Aerodramus_maximus,G>A,0.991,12,1137,20.416666666666664,0.32502427179640014
Cytb,Aves,Aerodramus_maximus,G>C,0.0,12,1137,10.333333333333334,0.0
Cytb,Aves,Aerodramus_maximus,G>T,0.0,12,1137,10.333333333333334,0.0
Cytb,Aves,Aerodramus_maximus,T>A,0.0,12,1137,14.333333333333334,0.0
Cytb,Aves,Aerodramus_maximus,T>C,0.98866,12,1137,31.5,0.21016644951597735
Cytb,Aves,Aerodramus_maximus,T>G,0.0,12,1137,14.333333333333334,0.0
Cytb,Aves,Schiffornis_turdina,A>C,2.99876,111,1008,67.17117117117118,0.024985803154404785
Cytb,Aves,Schiffornis_turdina,A>G,19.655326,111,1008,106.51351351351352,0.10327853432927797
Cytb,Aves,Schiffornis_turdina,A>T,0.0,111,1008,67.17117117117118,0.0
Cytb,Aves,Schiffornis_turdina,C>A,2.954141,111,1008,62.89189189189191,0.02628881961512788
Cytb,Aves,Schiffornis_turdina,C>G,0.0,111,1008,62.89189189189191,0.0
Cytb,Aves,Schiffornis_turdina,C>T,32.365469,111,1008,145.9909909909911,0.12407673979497309
Cytb,Aves,Schiffornis_turdina,G>A,16.062852,111,1008,15.810810810810828,0.5685950065282503
Cytb,Aves,Schiffornis_turdina,G>C,0.0,111,1008,9.072072072072077,0.0
Cytb,Aves,Schiffornis_turdina,G>T,0.0,111,1008,9.072072072072077,0.0
Cytb,Aves,Schiffornis_turdina,T>A,0.0,111,1008,38.64864864864864,0.0
Cytb,Aves,Schiffornis_turdina,T>C,24.857663,111,1008,91.06306306306308,0.15277509657796587
Cytb,Aves,Schiffornis_turdina,T>G,0.0,111,1008,38.64864864864864,0.0
Cytb,Aves,Aulacorhynchus_haematopygus,A>C,0.0,9,1011,63.11111111111112,0.0
Cytb,Aves,Aulacorhynchus_haematopygus,A>G,3.95231,9,1011,105.0,0.10455517957747605
Cytb,Aves,Aulacorhynchus_haematopygus,A>T,0.0,9,1011,63.11111111111112,0.0
Cytb,Aves,Aulacorhynchus_haematopygus,C>A,0.99716,9,1011,96.22222222222224,0.02878546944472167
Cytb,Aves,Aulacorhynchus_haematopygus,C>G,0.0,9,1011,96.22222222222224,0.0
Cytb,Aves,Aulacorhynchus_haematopygus,C>T,4.728332,9,1011,199.77777777777777,0.06574226083773846
Cytb,Aves,Aulacorhynchus_haematopygus,G>A,1.0,9,1011,6.222222222222222,0.44641454121005386
Cytb,Aves,Aulacorhynchus_haematopygus,G>C,0.0,9,1011,6.111111111111111,0.0
Cytb,Aves,Aulacorhynchus_haematopygus,G>T,0.0,9,1011,6.111111111111111,0.0
Cytb,Aves,Aulacorhynchus_haematopygus,T>A,0.0,9,1011,18.11111111111111,0.0
Cytb,Aves,Aulacorhynchus_haematopygus,T>C,5.95583,9,1011,46.66666666666667,0.35450254893001
Cytb,Aves,Aulacorhynchus_haematopygus,T>G,0.0,9,1011,18.11111111111111,0.0
Cytb,Aves,Cinnyris_jugularis,A>C,0.0,10,1140,102.9,0.0
Cytb,Aves,Cinnyris_jugularis,A>G,1.3993410000000002,10,1140,141.4,0.038997075263793396
Cytb,Aves,Cinnyris_jugularis,A>T,0.0,10,1140,102.9,0.0
Cytb,Aves,Cinnyris_jugularis,C>A,0.0,10,1140,90.7,0.0
Cytb,Aves,Cinnyris_jugularis,C>G,0.0,10,1140,90.7,0.0
Cytb,Aves,Cinnyris_jugularis,C>T,8.166089,10,1140,232.6,0.1383446234635626
Cytb,Aves,Cinnyris_jugularis,G>A,1.89548,10,1140,13.5,0.5532779023550178
Cytb,Aves,Cinnyris_jugularis,G>C,0.0,10,1140,8.700000000000001,0.0
Cytb,Aves,Cinnyris_jugularis,G>T,0.0,10,1140,8.700000000000001,0.0
Cytb,Aves,Cinnyris_jugularis,T>A,0.0,10,1140,16.3,0.0
Cytb,Aves,Cinnyris_jugularis,T>C,2.440486,10,1140,35.7,0.2693803989176261
Cytb,Aves,Cinnyris_jugularis,T>G,0.0,10,1140,16.3,0.0
Cytb,Aves,Empidonax_alnorum,A>C,0.0,25,1140,100.2,0.0
Cytb,Aves,Empidonax_alnorum,A>G,6.325321,25,1140,150.36000000000004,0.04043553821581868
Cytb,Aves,Empidonax_alnorum,A>T,0.99956,25,1140,100.2,0.009588576154785833
Cytb,Aves,Empidonax_alnorum,C>A,1.9993699999999999,25,1140,63.48000000000002,0.030273959687831854
Cytb,Aves,Empidonax_alnorum,C>G,1.0,25,1140,63.48000000000002,0.015141749495006854
Cytb,Aves,Empidonax_alnorum,C>T,5.942107,25,1140,176.55999999999997,0.03234901957924284
Cytb,Aves,Empidonax_alnorum,G>A,5.643447,25,1140,10.200000000000005,0.5318109240386124
Cytb,Aves,Empidonax_alnorum,G>C,0.942341,25,1140,3.5200000000000014,0.25732287715576635
Cytb,Aves,Empidonax_alnorum,G>T,0.0,25,1140,3.5200000000000014,0.0
Cytb,Aves,Empidonax_alnorum,T>A,0.0,25,1140,36.75999999999999,0.0
Cytb,Aves,Empidonax_alnorum,T>C,6.98017,25,1140,80.76,0.08307735567293507
Cytb,Aves,Empidonax_alnorum,T>G,0.0,25,1140,36.75999999999999,0.0
Cytb,Aves,Phaethornis_bourcieri,A>C,0.0,16,999,84.6875,0.0
Cytb,Aves,Phaethornis_bourcieri,A>G,3.96447,16,999,123.625,0.045649143903771026
Cytb,Aves,Phaethornis_bourcieri,A>T,0.0,16,999,84.6875,0.0
Cytb,Aves,Phaethornis_bourcieri,C>A,0.99845,16,999,67.375,0.021095088377467517
Cytb,Aves,Phaethornis_bourcieri,C>G,0.99974,16,999,67.375,0.02112234328658358
Cytb,Aves,Phaethornis_bourcieri,C>T,4.927175,16,999,177.75,0.039458646506232306
Cytb,Aves,Phaethornis_bourcieri,G>A,3.993312,16,999,8.375,0.6787381081301995
Cytb,Aves,Phaethornis_bourcieri,G>C,0.0,16,999,5.75,0.0
Cytb,Aves,Phaethornis_bourcieri,G>T,0.0,16,999,5.75,0.0
Cytb,Aves,Phaethornis_bourcieri,T>A,0.0,16,999,23.4375,0.0
Cytb,Aves,Phaethornis_bourcieri,T>C,6.982324,16,999,51.25,0.19393666979574598
Cytb,Aves,Phaethornis_bourcieri,T>G,0.0,16,999,23.4375,0.0
Cytb,Aves,Sinosuthora_webbiana,A>C,0.99967,49,1140,90.6938775510204,0.00786134569001295
Cytb,Aves,Sinosuthora_webbiana,A>G,8.98871,49,1140,130.7142857142857,0.049044749452280365
Cytb,Aves,Sinosuthora_webbiana,A>T,1.9990700000000001,49,1140,90.6938775510204,0.015720568116012475
Cytb,Aves,Sinosuthora_webbiana,C>A,3.0,49,1140,82.3469387755102,0.025983161987260674
Cytb,Aves,Sinosuthora_webbiana,C>G,0.0,49,1140,82.3469387755102,0.0
Cytb,Aves,Sinosuthora_webbiana,C>T,21.95693,49,1140,204.77551020408157,0.07647364766940493
Cytb,Aves,Sinosuthora_webbiana,G>A,10.9663,49,1140,16.775510204081634,0.4662325496468443
Cytb,Aves,Sinosuthora_webbiana,G>C,0.99923,49,1140,10.836734693877547,0.06576354691366008
Cytb,Aves,Sinosuthora_webbiana,G>T,0.0,49,1140,10.836734693877547,0.0
Cytb,Aves,Sinosuthora_webbiana,T>A,1.0,49,1140,32.795918367346935,0.021746952627794403
Cytb,Aves,Sinosuthora_webbiana,T>C,24.88467,49,1140,65.44897959183672,0.27117347789672985
Cytb,Aves,Sinosuthora_webbiana,T>G,0.0,49,1140,32.795918367346935,0.0
Cytb,Aves,Locustella_pleskei,A>C,1.0,11,1140,102.0909090909091,0.06661510698035843
Cytb,Aves,Locustella_pleskei,A>G,3.344739,11,1140,146.0909090909091,0.15570366789176196
Cytb,Aves,Locustella_pleskei,A>T,0.975482,11,1140,102.0909090909091,0.064981837787414
Cytb,Aves,Locustella_pleskei,C>A,0.0,11,1140,75.36363636363636,0.0
Cytb,Aves,Locustella_pleskei,C>G,1.0,11,1140,75.36363636363636,0.09023976494444212
Cytb,Aves,Locustella_pleskei,C>T,2.7318670000000003,11,1140,208.27272727272725,0.08920453810293649
Cytb,Aves,Locustella_pleskei,G>A,0.97469,11,1140,15.545454545454549,0.4264055865103851
Cytb,Aves,Locustella_pleskei,G>C,0.0,11,1140,9.363636363636363,0.0
Cytb,Aves,Locustella_pleskei,G>T,0.0,11,1140,9.363636363636363,0.0
Cytb,Aves,Locustella_pleskei,T>A,0.0,11,1140,22.0,0.0
Cytb,Aves,Locustella_pleskei,T>C,0.771283,11,1140,49.09090909090908,0.10684949778270188
Cytb,Aves,Locustella_pleskei,T>G,0.0,11,1140,22.0,0.0
Cytb,Aves,Arachnothera_longirostra,A>C,0.0,25,1140,98.20000000000002,0.0
Cytb,Aves,Arachnothera_longirostra,A>G,6.9959299999999995,25,1140,142.95999999999998,0.118349005540045
Cytb,Aves,Arachnothera_longirostra,A>T,0.0,25,1140,98.20000000000002,0.0
Cytb,Aves,Arachnothera_longirostra,C>A,0.99982,25,1140,76.07999999999998,0.03178227734537526
Cytb,Aves,Arachnothera_longirostra,C>G,0.0,25,1140,76.07999999999998,0.0
Cytb,Aves,Arachnothera_longirostra,C>T,11.97372,25,1140,208.72,0.13873905409181744
Cytb,Aves,Arachnothera_longirostra,G>A,1.9993400000000001,25,1140,14.560000000000002,0.3320924307403087
Cytb,Aves,Arachnothera_longirostra,G>C,0.0,25,1140,9.6,0.0
Cytb,Aves,Arachnothera_longirostra,G>T,0.0,25,1140,9.6,0.0
Cytb,Aves,Arachnothera_longirostra,T>A,0.0,25,1140,28.200000000000003,0.0
Cytb,Aves,Arachnothera_longirostra,T>C,8.996220000000001,25,1140,57.40000000000001,0.3790372322824536
Cytb,Aves,Arachnothera_longirostra,T>G,0.0,25,1140,28.200000000000003,0.0
Cytb,Aves,Dendrocolaptes_concolor,A>C,0.0,16,1008,93.25,0.0
Cytb,Aves,Dendrocolaptes_concolor,A>G,2.97104,16,1008,140.25,0.023804743860885505
Cytb,Aves,Dendrocolaptes_concolor,A>T,0.99981,16,1008,93.25,0.012048320717213254
Cytb,Aves,Dendrocolaptes_concolor,C>A,0.0,16,1008,56.4375,0.0
Cytb,Aves,Dendrocolaptes_concolor,C>G,0.0,16,1008,56.4375,0.0
Cytb,Aves,Dendrocolaptes_concolor,C>T,6.866302,16,1008,157.3125,0.04904757636440644
Cytb,Aves,Dendrocolaptes_concolor,G>A,6.96412,16,1008,10.25,0.7634845699924051
Cytb,Aves,Dendrocolaptes_concolor,G>C,0.0,16,1008,7.75,0.0
Cytb,Aves,Dendrocolaptes_concolor,G>T,0.0,16,1008,7.75,0.0
Cytb,Aves,Dendrocolaptes_concolor,T>A,0.0,16,1008,21.0625,0.0
Cytb,Aves,Dendrocolaptes_concolor,T>C,7.97728,16,1008,59.125,0.1516147890650897
Cytb,Aves,Dendrocolaptes_concolor,T>G,0.0,16,1008,21.0625,0.0
Cytb,Aves,Alaudala_heinei,A>C,1.98201,28,1026,95.0,0.030349826685379177
Cytb,Aves,Alaudala_heinei,A>G,2.99848,28,1026,126.03571428571428,0.03460839896839648
Cytb,Aves,Alaudala_heinei,A>T,0.0,28,1026,95.0,0.0
Cytb,Aves,Alaudala_heinei,C>A,0.0,28,1026,96.35714285714285,0.0
Cytb,Aves,Alaudala_heinei,C>G,0.0,28,1026,96.35714285714285,0.0
Cytb,Aves,Alaudala_heinei,C>T,3.99959,28,1026,221.67857142857133,0.026246158012122284
Cytb,Aves,Alaudala_heinei,G>A,3.99861,28,1026,8.285714285714285,0.7020258007050313
Cytb,Aves,Alaudala_heinei,G>C,0.0,28,1026,5.357142857142858,0.0
Cytb,Aves,Alaudala_heinei,G>T,0.0,28,1026,5.357142857142858,0.0
Cytb,Aves,Alaudala_heinei,T>A,0.98482,28,1026,6.928571428571429,0.20676981562907065
Cytb,Aves,Alaudala_heinei,T>C,0.0,28,1026,18.89285714285714,0.0
Cytb,Aves,Alaudala_heinei,T>G,0.0,28,1026,6.928571428571429,0.0
Cytb,Aves,Cymbilaimus_lineatus,A>C,2.99877,81,1026,83.23456790123457,0.017859675552639048
Cytb,Aves,Cymbilaimus_lineatus,A>G,18.94831,81,1026,129.91358024691354,0.07230195935108995
Cytb,Aves,Cymbilaimus_lineatus,A>T,0.0,81,1026,83.23456790123457,0.0
Cytb,Aves,Cymbilaimus_lineatus,C>A,0.99966,81,1026,55.827160493827165,0.008876482730971197
Cytb,Aves,Cymbilaimus_lineatus,C>G,0.0,81,1026,55.827160493827165,0.0
Cytb,Aves,Cymbilaimus_lineatus,C>T,30.831834,81,1026,153.25925925925927,0.09972562659532866
Cytb,Aves,Cymbilaimus_lineatus,G>A,7.98734,81,1026,8.92592592592592,0.44359131036289623
Cytb,Aves,Cymbilaimus_lineatus,G>C,0.0,81,1026,4.530864197530865,0.0
Cytb,Aves,Cymbilaimus_lineatus,G>T,0.99971,81,1026,4.530864197530865,0.10937728219291565
Cytb,Aves,Cymbilaimus_lineatus,T>A,0.0,81,1026,36.9753086419753,0.0
Cytb,Aves,Cymbilaimus_lineatus,T>C,37.877211,81,1026,75.62962962962962,0.24826766321415922
Cytb,Aves,Cymbilaimus_lineatus,T>G,0.0,81,1026,36.9753086419753,0.0
Cytb,Aves,Catharus_frantzii,A>C,0.0,20,1059,96.0,0.0
Cytb,Aves,Catharus_frantzii,A>G,7.9966,20,1059,139.4,0.11691719536168077
Cytb,Aves,Catharus_frantzii,A>T,0.0,20,1059,96.0,0.0
Cytb,Aves,Catharus_frantzii,C>A,0.0,20,1059,69.55,0.0
Cytb,Aves,Catharus_frantzii,C>G,0.99973,20,1059,69.55,0.029296880548818575
Cytb,Aves,Catharus_frantzii,C>T,19.175892,20,1059,194.25,0.2012010939018901
Cytb,Aves,Catharus_frantzii,G>A,0.99996,20,1059,6.999999999999998,0.29115240232700623
Cytb,Aves,Catharus_frantzii,G>C,0.0,20,1059,4.65,0.0
Cytb,Aves,Catharus_frantzii,G>T,0.0,20,1059,4.65,0.0
Cytb,Aves,Catharus_frantzii,T>A,0.0,20,1059,27.8,0.0
Cytb,Aves,Catharus_frantzii,T>C,8.556352,20,1059,48.24999999999999,0.36143242786060437
Cytb,Aves,Catharus_frantzii,T>G,0.0,20,1059,27.8,0.0
Cytb,Aves,Sclerurus_caudacutus,A>C,0.0,22,1017,79.77272727272728,0.0
Cytb,Aves,Sclerurus_caudacutus,A>G,3.935743,22,1017,128.22727272727272,0.02460585471301806
Cytb,Aves,Sclerurus_caudacutus,A>T,1.99852,22,1017,79.77272727272728,0.02008381386832348
Cytb,Aves,Sclerurus_caudacutus,C>A,2.99249,22,1017,65.04545454545453,0.03688144123427995
Cytb,Aves,Sclerurus_caudacutus,C>G,1.0,22,1017,65.04545454545453,0.012324666493214665
Cytb,Aves,Sclerurus_caudacutus,C>T,15.653494,22,1017,155.63636363636363,0.0806291989159057
Cytb,Aves,Sclerurus_caudacutus,G>A,4.447221,22,1017,5.999999999999999,0.5941958173508644
Cytb,Aves,Sclerurus_caudacutus,G>C,0.0,22,1017,3.409090909090908,0.0
Cytb,Aves,Sclerurus_caudacutus,G>T,0.0,22,1017,3.409090909090908,0.0
Cytb,Aves,Sclerurus_caudacutus,T>A,0.0,22,1017,31.318181818181813,0.0
Cytb,Aves,Sclerurus_caudacutus,T>C,19.539898,22,1017,76.09090909090908,0.20586458849283726
Cytb,Aves,Sclerurus_caudacutus,T>G,0.99286,22,1017,31.318181818181813,0.025414618931556464
Cytb,Aves,Phytotoma_rutila,A>C,0.0,13,1011,76.61538461538461,0.0
Cytb,Aves,Phytotoma_rutila,A>G,1.99848,13,1011,123.61538461538464,0.13073755187832167
Cytb,Aves,Phytotoma_rutila,A>T,0.0,13,1011,76.61538461538461,0.0
Cytb,Aves,Phytotoma_rutila,C>A,0.0,13,1011,54.53846153846153,0.0
Cytb,Aves,Phytotoma_rutila,C>G,0.0,13,1011,54.53846153846153,0.0
Cytb,Aves,Phytotoma_rutila,C>T,3.92436,13,1011,154.0769230769231,0.2059701616554496
Cytb,Aves,Phytotoma_rutila,G>A,0.0,13,1011,15.15384615384615,0.0
Cytb,Aves,Phytotoma_rutila,G>C,0.0,13,1011,10.846153846153848,0.0
Cytb,Aves,Phytotoma_rutila,G>T,0.0,13,1011,10.846153846153848,0.0
Cytb,Aves,Phytotoma_rutila,T>A,0.0,13,1011,32.38461538461539,0.0
Cytb,Aves,Phytotoma_rutila,T>C,5.95608,13,1011,72.6153846153846,0.6632922864662288
Cytb,Aves,Phytotoma_rutila,T>G,0.0,13,1011,32.38461538461539,0.0
Cytb,Aves,Dendrocincla_fuliginosa,A>C,0.0,58,1035,99.24137931034475,0.0
Cytb,Aves,Dendrocincla_fuliginosa,A>G,15.181825,58,1035,146.94827586206904,0.051725752725363644
Cytb,Aves,Dendrocincla_fuliginosa,A>T,2.0,58,1035,99.24137931034475,0.010089845987041416
Cytb,Aves,Dendrocincla_fuliginosa,C>A,2.0,58,1035,52.48275862068965,0.019079222569451496
Cytb,Aves,Dendrocincla_fuliginosa,C>G,0.0,58,1035,52.48275862068965,0.0
Cytb,Aves,Dendrocincla_fuliginosa,C>T,19.026712,58,1035,150.6724137931035,0.06322332494857112
Cytb,Aves,Dendrocincla_fuliginosa,G>A,9.347065,58,1035,7.982758620689654,0.5862321045277108
Cytb,Aves,Dendrocincla_fuliginosa,G>C,0.0,58,1035,4.913793103448275,0.0
Cytb,Aves,Dendrocincla_fuliginosa,G>T,1.0,58,1035,4.913793103448275,0.10188974298493046
Cytb,Aves,Dendrocincla_fuliginosa,T>A,0.0,58,1035,28.99999999999999,0.0
Cytb,Aves,Dendrocincla_fuliginosa,T>C,23.49564,58,1035,70.12068965517238,0.1677600062569311
Cytb,Aves,Dendrocincla_fuliginosa,T>G,0.0,58,1035,28.99999999999999,0.0
Cytb,Aves,Montecincla_fairbanki,A>C,0.0,10,1062,87.89999999999999,0.0
Cytb,Aves,Montecincla_fairbanki,A>G,2.971517,10,1062,127.1,0.036370775268599165
Cytb,Aves,Montecincla_fairbanki,A>T,0.0,10,1062,87.89999999999999,0.0
Cytb,Aves,Montecincla_fairbanki,C>A,0.0,10,1062,71.9,0.0
Cytb,Aves,Montecincla_fairbanki,C>G,0.0,10,1062,71.9,0.0
Cytb,Aves,Montecincla_fairbanki,C>T,2.99719,10,1062,208.4,0.02237362991584292
Cytb,Aves,Montecincla_fairbanki,G>A,7.962873,10,1062,17.9,0.6920486854484051
Cytb,Aves,Montecincla_fairbanki,G>C,0.0,10,1062,13.1,0.0
Cytb,Aves,Montecincla_fairbanki,G>T,0.0,10,1062,13.1,0.0
Cytb,Aves,Montecincla_fairbanki,T>A,0.0,10,1062,22.800000000000004,0.0
Cytb,Aves,Montecincla_fairbanki,T>C,6.984361,10,1062,43.6,0.24920690936715273
Cytb,Aves,Montecincla_fairbanki,T>G,0.0,10,1062,22.800000000000004,0.0
Cytb,Aves,Pomatorhinus_musicus,A>C,0.0,14,1140,84.07142857142857,0.0
Cytb,Aves,Pomatorhinus_musicus,A>G,3.79994,14,1140,127.99999999999996,0.10568376770672505
Cytb,Aves,Pomatorhinus_musicus,A>T,0.0,14,1140,84.07142857142857,0.0
Cytb,Aves,Pomatorhinus_musicus,C>A,0.0,14,1140,79.35714285714288,0.0
Cytb,Aves,Pomatorhinus_musicus,C>G,1.0,14,1140,79.35714285714288,0.04485961013597586
Cytb,Aves,Pomatorhinus_musicus,C>T,4.8384,14,1140,221.50000000000003,0.0777623823168646
Cytb,Aves,Pomatorhinus_musicus,G>A,1.9979,14,1140,19.071428571428577,0.37293405155704157
Cytb,Aves,Pomatorhinus_musicus,G>C,0.0,14,1140,14.642857142857142,0.0
Cytb,Aves,Pomatorhinus_musicus,G>T,0.0,14,1140,14.642857142857142,0.0
Cytb,Aves,Pomatorhinus_musicus,T>A,0.0,14,1140,27.571428571428573,0.0
Cytb,Aves,Pomatorhinus_musicus,T>C,5.984719999999999,14,1140,53.42857142857143,0.39876018828339294
Cytb,Aves,Pomatorhinus_musicus,T>G,0.0,14,1140,27.571428571428573,0.0
Cytb,Aves,Bambusicola_thoracicus,A>C,0.99956,33,1140,98.3939393939394,0.018351508928058237
Cytb,Aves,Bambusicola_thoracicus,A>G,2.0,33,1140,142.15151515151513,0.02541614984624576
Cytb,Aves,Bambusicola_thoracicus,A>T,0.0,33,1140,98.3939393939394,0.0
Cytb,Aves,Bambusicola_thoracicus,C>A,0.0,33,1140,85.63636363636365,0.0
Cytb,Aves,Bambusicola_thoracicus,C>G,0.0,33,1140,85.63636363636365,0.0
Cytb,Aves,Bambusicola_thoracicus,C>T,8.80885,33,1140,208.84848484848493,0.07619371437386975
Cytb,Aves,Bambusicola_thoracicus,G>A,3.98802,33,1140,12.181818181818182,0.5913934009340661
Cytb,Aves,Bambusicola_thoracicus,G>C,0.0,33,1140,6.030303030303028,0.0
Cytb,Aves,Bambusicola_thoracicus,G>T,0.0,33,1140,6.030303030303028,0.0
Cytb,Aves,Bambusicola_thoracicus,T>A,0.0,33,1140,18.666666666666668,0.0
Cytb,Aves,Bambusicola_thoracicus,T>C,7.7471,33,1140,48.48484848484847,0.28864522591776026
Cytb,Aves,Bambusicola_thoracicus,T>G,0.0,33,1140,18.666666666666668,0.0
Cytb,Aves,Ptiloris_intercedens,A>C,0.0,10,912,102.4,0.0
Cytb,Aves,Ptiloris_intercedens,A>G,1.9974699999999999,10,912,140.99999999999997,0.09771161928331132
Cytb,Aves,Ptiloris_intercedens,A>T,0.0,10,912,102.4,0.0
Cytb,Aves,Ptiloris_intercedens,C>A,0.0,10,912,36.50000000000001,0.0
Cytb,Aves,Ptiloris_intercedens,C>G,0.0,10,912,36.50000000000001,0.0
Cytb,Aves,Ptiloris_intercedens,C>T,3.99983,10,912,147.5,0.18704003319546125
Cytb,Aves,Ptiloris_intercedens,G>A,0.0,10,912,9.000000000000002,0.0
Cytb,Aves,Ptiloris_intercedens,G>C,0.0,10,912,7.999999999999999,0.0
Cytb,Aves,Ptiloris_intercedens,G>T,0.0,10,912,7.999999999999999,0.0
Cytb,Aves,Ptiloris_intercedens,T>A,0.0,10,912,21.5,0.0
Cytb,Aves,Ptiloris_intercedens,T>C,4.99826,10,912,48.2,0.7152483475212275
Cytb,Aves,Ptiloris_intercedens,T>G,0.0,10,912,21.5,0.0
Cytb,Aves,Setophaga_tigrina,A>C,0.0,18,1140,105.88888888888889,0.0
Cytb,Aves,Setophaga_tigrina,A>G,1.99999,18,1140,148.00000000000006,0.03590742934661208
Cytb,Aves,Setophaga_tigrina,A>T,0.0,18,1140,105.88888888888889,0.0
Cytb,Aves,Setophaga_tigrina,C>A,0.0,18,1140,78.27777777777777,0.0
Cytb,Aves,Setophaga_tigrina,C>G,0.0,18,1140,78.27777777777777,0.0
Cytb,Aves,Setophaga_tigrina,C>T,8.99762,18,1140,218.22222222222223,0.10955870225149707
Cytb,Aves,Setophaga_tigrina,G>A,0.99999,18,1140,8.000000000000002,0.3321420607292509
Cytb,Aves,Setophaga_tigrina,G>C,0.0,18,1140,4.111111111111112,0.0
Cytb,Aves,Setophaga_tigrina,G>T,0.0,18,1140,4.111111111111112,0.0
Cytb,Aves,Setophaga_tigrina,T>A,0.0,18,1140,25.722222222222214,0.0
Cytb,Aves,Setophaga_tigrina,T>C,8.9998,18,1140,45.777777777777786,0.52239180767264
Cytb,Aves,Setophaga_tigrina,T>G,0.0,18,1140,25.722222222222214,0.0
Cytb,Aves,Thraupis_episcopus,A>C,0.0,51,1140,87.8235294117647,0.0
Cytb,Aves,Thraupis_episcopus,A>G,17.586711,51,1140,131.35294117647058,0.12604016235859702
Cytb,Aves,Thraupis_episcopus,A>T,0.0,51,1140,87.8235294117647,0.0
Cytb,Aves,Thraupis_episcopus,C>A,2.0,51,1140,89.9019607843137,0.020942328153764046
Cytb,Aves,Thraupis_episcopus,C>G,1.0,51,1140,89.9019607843137,0.010471164076882023
Cytb,Aves,Thraupis_episcopus,C>T,15.975305,51,1140,231.96078431372547,0.0648333882193894
Cytb,Aves,Thraupis_episcopus,G>A,5.767009,51,1140,12.352941176470589,0.4394853316007246
Cytb,Aves,Thraupis_episcopus,G>C,0.0,51,1140,7.568627450980398,0.0
Cytb,Aves,Thraupis_episcopus,G>T,0.0,51,1140,7.568627450980398,0.0
Cytb,Aves,Thraupis_episcopus,T>A,0.0,51,1140,25.17647058823528,0.0
Cytb,Aves,Thraupis_episcopus,T>C,14.99859,51,1140,41.74509803921568,0.33822762559064284
Cytb,Aves,Thraupis_episcopus,T>G,0.0,51,1140,25.17647058823528,0.0
Cytb,Aves,Empidonax_traillii,A>C,1.0,89,1140,97.86516853932572,0.008171492735892604
Cytb,Aves,Empidonax_traillii,A>G,15.99996,89,1140,142.82022471910088,0.08958983405915544
Cytb,Aves,Empidonax_traillii,A>T,5.0,89,1140,97.86516853932572,0.040857463679463024
Cytb,Aves,Empidonax_traillii,C>A,1.0,89,1140,62.123595505618034,0.01287279828714495
Cytb,Aves,Empidonax_traillii,C>G,0.0,89,1140,62.123595505618034,0.0
Cytb,Aves,Empidonax_traillii,C>T,20.999390000000002,89,1140,182.3483146067414,0.09209466512810777
Cytb,Aves,Empidonax_traillii,G>A,7.0,89,1140,11.752808988764045,0.47630584331488673
Cytb,Aves,Empidonax_traillii,G>C,0.0,89,1140,6.101123595505615,0.0
Cytb,Aves,Empidonax_traillii,G>T,0.0,89,1140,6.101123595505615,0.0
Cytb,Aves,Empidonax_traillii,T>A,2.0,89,1140,42.92134831460678,0.03726371818304944
Cytb,Aves,Empidonax_traillii,T>C,23.99996,89,1140,79.03370786516858,0.24284418461229995
Cytb,Aves,Empidonax_traillii,T>G,0.0,89,1140,42.92134831460678,0.0
Cytb,Aves,Garrulax_canorus,A>C,0.0,111,1092,94.41441441441437,0.0
Cytb,Aves,Garrulax_canorus,A>G,20.639533,111,1092,132.4774774774775,0.06387892012043722
Cytb,Aves,Garrulax_canorus,A>T,1.0,111,1092,94.41441441441437,0.004342716166261605
Cytb,Aves,Garrulax_canorus,C>A,3.0,111,1092,77.51351351351353,0.015868781528041
Cytb,Aves,Garrulax_canorus,C>G,0.0,111,1092,77.51351351351353,0.0
Cytb,Aves,Garrulax_canorus,C>T,14.94576,111,1092,217.45045045045055,0.028181067597622383
Cytb,Aves,Garrulax_canorus,G>A,18.96089,111,1092,13.693693693693676,0.5677247906521977
Cytb,Aves,Garrulax_canorus,G>C,0.0,111,1092,6.7567567567567535,0.0
Cytb,Aves,Garrulax_canorus,G>T,0.0,111,1092,6.7567567567567535,0.0
Cytb,Aves,Garrulax_canorus,T>A,0.0,111,1092,21.3783783783784,0.0
Cytb,Aves,Garrulax_canorus,T>C,29.96014,111,1092,38.38738738738737,0.32000372393544024
Cytb,Aves,Garrulax_canorus,T>G,0.0,111,1092,21.3783783783784,0.0
Cytb,Aves,Lanius_cristatus,A>C,0.0,21,1140,101.47619047619048,0.0
Cytb,Aves,Lanius_cristatus,A>G,4.988024,21,1140,153.8095238095238,0.06761622263545145
Cytb,Aves,Lanius_cristatus,A>T,0.0,21,1140,101.47619047619048,0.0
Cytb,Aves,Lanius_cristatus,C>A,0.0,21,1140,54.9047619047619,0.0
Cytb,Aves,Lanius_cristatus,C>G,0.0,21,1140,54.9047619047619,0.0
Cytb,Aves,Lanius_cristatus,C>T,14.58221,21,1140,195.23809523809524,0.1557271676603903
Cytb,Aves,Lanius_cristatus,G>A,1.96589,21,1140,12.14285714285714,0.3375545189062637
Cytb,Aves,Lanius_cristatus,G>C,1.0,21,1140,9.190476190476192,0.22686504426543194
Cytb,Aves,Lanius_cristatus,G>T,0.0,21,1140,9.190476190476192,0.0
Cytb,Aves,Lanius_cristatus,T>A,0.0,21,1140,34.28571428571429,0.0
Cytb,Aves,Lanius_cristatus,T>C,6.902498,21,1140,67.80952380952381,0.21223704653246261
Cytb,Aves,Lanius_cristatus,T>G,0.0,21,1140,34.28571428571429,0.0
Cytb,Aves,Neopelma_sulphureiventer,A>C,0.0,9,1035,79.55555555555556,0.0
Cytb,Aves,Neopelma_sulphureiventer,A>G,0.990848,9,1035,125.44444444444444,0.022280037844186883
Cytb,Aves,Neopelma_sulphureiventer,A>T,0.99944,9,1035,79.55555555555556,0.03543615018695851
Cytb,Aves,Neopelma_sulphureiventer,C>A,0.0,9,1035,58.11111111111111,0.0
Cytb,Aves,Neopelma_sulphureiventer,C>G,0.0,9,1035,58.11111111111111,0.0
Cytb,Aves,Neopelma_sulphureiventer,C>T,6.944998,9,1035,147.00000000000003,0.1332646950456326
Cytb,Aves,Neopelma_sulphureiventer,G>A,2.99847,9,1035,12.88888888888889,0.65621257393606
Cytb,Aves,Neopelma_sulphureiventer,G>C,0.0,9,1035,6.666666666666667,0.0
Cytb,Aves,Neopelma_sulphureiventer,G>T,0.0,9,1035,6.666666666666667,0.0
Cytb,Aves,Neopelma_sulphureiventer,T>A,0.0,9,1035,41.22222222222222,0.0
Cytb,Aves,Neopelma_sulphureiventer,T>C,4.99594,9,1035,92.22222222222224,0.15280654298716193
Cytb,Aves,Neopelma_sulphureiventer,T>G,0.0,9,1035,41.22222222222222,0.0
Cytb,Aves,Passer_montanus,A>C,0.0,16,1140,98.8125,0.0
Cytb,Aves,Passer_montanus,A>G,0.99998,16,1140,136.8125,0.0155573342863234
Cytb,Aves,Passer_montanus,A>T,0.99992,16,1140,98.8125,0.021538875023156188
Cytb,Aves,Passer_montanus,C>A,1.0,16,1140,84.9375,0.025059371498513065
Cytb,Aves,Passer_montanus,C>G,0.0,16,1140,84.9375,0.0
Cytb,Aves,Passer_montanus,C>T,7.99435,16,1140,233.5625,0.07285337765766349
Cytb,Aves,Passer_montanus,G>A,5.99222,16,1140,29.125,0.4379166565726058
Cytb,Aves,Passer_montanus,G>C,1.0,16,1140,19.5625,0.10880410819961422
Cytb,Aves,Passer_montanus,G>T,0.0,16,1140,19.5625,0.0
Cytb,Aves,Passer_montanus,T>A,0.0,16,1140,10.625,0.0
Cytb,Aves,Passer_montanus,T>C,3.99991,16,1140,26.75,0.3182702767621239
Cytb,Aves,Passer_montanus,T>G,0.0,16,1140,10.625,0.0
Cytb,Aves,Alectoris_rufa,A>C,0.0,20,1092,88.70000000000002,0.0
Cytb,Aves,Alectoris_rufa,A>G,6.999750000000001,20,1092,131.09999999999997,0.0797687077548457
Cytb,Aves,Alectoris_rufa,A>T,0.0,20,1092,88.70000000000002,0.0
Cytb,Aves,Alectoris_rufa,C>A,0.99973,20,1092,92.25,0.016190828361890768
Cytb,Aves,Alectoris_rufa,C>G,0.0,20,1092,92.25,0.0
Cytb,Aves,Alectoris_rufa,C>T,3.99999,20,1092,208.65,0.028641333589009985
Cytb,Aves,Alectoris_rufa,G>A,2.99606,20,1092,8.850000000000001,0.5057780233117988
Cytb,Aves,Alectoris_rufa,G>C,0.0,20,1092,3.2999999999999994,0.0
Cytb,Aves,Alectoris_rufa,G>T,0.0,20,1092,3.2999999999999994,0.0
Cytb,Aves,Alectoris_rufa,T>A,0.0,20,1092,17.7,0.0
Cytb,Aves,Alectoris_rufa,T>C,10.98467,20,1092,44.39999999999999,0.3696211069824548
Cytb,Aves,Alectoris_rufa,T>G,0.0,20,1092,17.7,0.0
Cytb,Aves,Falco_peregrinus,A>C,1.99905,16,1140,105.1875,0.060676166555209375
Cytb,Aves,Falco_peregrinus,A>G,1.0,16,1140,151.3125,0.02110006555311571
Cytb,Aves,Falco_peregrinus,A>T,0.0,16,1140,105.1875,0.0
Cytb,Aves,Falco_peregrinus,C>A,2.0,16,1140,77.25,0.08265899466681738
Cytb,Aves,Falco_peregrinus,C>G,0.0,16,1140,77.25,0.0
Cytb,Aves,Falco_peregrinus,C>T,7.99717,16,1140,207.3125,0.1231599348841159
Cytb,Aves,Falco_peregrinus,G>A,1.0,16,1140,16.0625,0.19876754359569312
Cytb,Aves,Falco_peregrinus,G>C,0.99968,16,1140,9.75,0.3273520003929989
Cytb,Aves,Falco_peregrinus,G>T,0.0,16,1140,9.75,0.0
Cytb,Aves,Falco_peregrinus,T>A,0.0,16,1140,15.875,0.0
Cytb,Aves,Falco_peregrinus,T>C,2.96112,16,1140,50.75,0.1862852943520496
Cytb,Aves,Falco_peregrinus,T>G,0.0,16,1140,15.875,0.0
Cytb,Aves,Larus_canus,A>C,0.995751,15,1140,101.93333333333332,0.018486199878878652
Cytb,Aves,Larus_canus,A>G,2.9316139999999997,15,1140,152.33333333333331,0.03641874377901651
Cytb,Aves,Larus_canus,A>T,0.0,15,1140,101.93333333333332,0.0
Cytb,Aves,Larus_canus,C>A,1.0,15,1140,64.86666666666666,0.029173701725440707
Cytb,Aves,Larus_canus,C>G,0.0,15,1140,64.86666666666666,0.0
Cytb,Aves,Larus_canus,C>T,5.308084,15,1140,193.4000000000001,0.051939102015562
Cytb,Aves,Larus_canus,G>A,4.711452,15,1140,12.800000000000004,0.6965590206640848
Cytb,Aves,Larus_canus,G>C,0.0,15,1140,8.933333333333332,0.0
Cytb,Aves,Larus_canus,G>T,0.0,15,1140,8.933333333333332,0.0
Cytb,Aves,Larus_canus,T>A,0.0,15,1140,31.066666666666663,0.0
Cytb,Aves,Larus_canus,T>C,5.614981,15,1140,63.46666666666667,0.16742323193701714
Cytb,Aves,Larus_canus,T>G,0.0,15,1140,31.066666666666663,0.0
Cytb,Aves,Ficedula_hyperythra,A>C,0.0,18,1140,102.27777777777776,0.0
Cytb,Aves,Ficedula_hyperythra,A>G,11.67172,18,1140,139.27777777777777,0.06883209534326373
Cytb,Aves,Ficedula_hyperythra,A>T,0.0,18,1140,102.27777777777776,0.0
Cytb,Aves,Ficedula_hyperythra,C>A,0.9999,18,1140,81.8888888888889,0.01002927520602266
Cytb,Aves,Ficedula_hyperythra,C>G,1.0,18,1140,81.8888888888889,0.010030278233846043
Cytb,Aves,Ficedula_hyperythra,C>T,8.940885,18,1140,226.16666666666663,0.03247056684864986
Cytb,Aves,Ficedula_hyperythra,G>A,11.590971,18,1140,19.05555555555556,0.4996157986246927
Cytb,Aves,Ficedula_hyperythra,G>C,1.9680309999999999,18,1140,12.666666666666666,0.12761671225077942
Cytb,Aves,Ficedula_hyperythra,G>T,0.0,18,1140,12.666666666666666,0.0
Cytb,Aves,Ficedula_hyperythra,T>A,0.0,18,1140,20.44444444444445,0.0
Cytb,Aves,Ficedula_hyperythra,T>C,12.294255,18,1140,40.16666666666667,0.2514052734927457
Cytb,Aves,Ficedula_hyperythra,T>G,0.0,18,1140,20.44444444444445,0.0
Cytb,Aves,Amazona_leucocephala,A>C,1.0,10,1065,87.10000000000001,0.05221872888194485
Cytb,Aves,Amazona_leucocephala,A>G,7.916796,10,1065,129.2,0.2786964209363055
Cytb,Aves,Amazona_leucocephala,A>T,0.0,10,1065,87.10000000000001,0.0
Cytb,Aves,Amazona_leucocephala,C>A,3.0,10,1065,80.9,0.1686619759808676
Cytb,Aves,Amazona_leucocephala,C>G,0.0,10,1065,80.9,0.0
Cytb,Aves,Amazona_leucocephala,C>T,2.991462,10,1065,206.4,0.06592015933806002
Cytb,Aves,Amazona_leucocephala,G>A,0.0,10,1065,17.4,0.0
Cytb,Aves,Amazona_leucocephala,G>C,0.0,10,1065,8.5,0.0
Cytb,Aves,Amazona_leucocephala,G>T,0.0,10,1065,8.5,0.0
Cytb,Aves,Amazona_leucocephala,T>A,0.0,10,1065,15.4,0.0
Cytb,Aves,Amazona_leucocephala,T>C,3.99323,10,1065,41.8,0.434502714862822
Cytb,Aves,Amazona_leucocephala,T>G,0.0,10,1065,15.4,0.0
Cytb,Aves,Polioptila_plumbea,A>C,1.426143,23,1125,105.08695652173914,0.03880621297414558
Cytb,Aves,Polioptila_plumbea,A>G,6.492773,23,1125,144.95652173913044,0.12807945251462907
Cytb,Aves,Polioptila_plumbea,A>T,1.702893,23,1125,105.08695652173914,0.04633674773860805
Cytb,Aves,Polioptila_plumbea,C>A,0.774223,23,1125,79.52173913043478,0.027839869937189805
Cytb,Aves,Polioptila_plumbea,C>G,0.0,23,1125,79.52173913043478,0.0
Cytb,Aves,Polioptila_plumbea,C>T,8.220271,23,1125,222.8695652173913,0.1054684035048739
Cytb,Aves,Polioptila_plumbea,G>A,1.347617,23,1125,8.956521739130435,0.43024328335629475
Cytb,Aves,Polioptila_plumbea,G>C,0.0,23,1125,4.043478260869565,0.0
Cytb,Aves,Polioptila_plumbea,G>T,0.0,23,1125,4.043478260869565,0.0
Cytb,Aves,Polioptila_plumbea,T>A,0.0,23,1125,20.91304347826087,0.0
Cytb,Aves,Polioptila_plumbea,T>C,3.085275,23,1125,39.52173913043478,0.2232260299742588
Cytb,Aves,Polioptila_plumbea,T>G,0.0,23,1125,20.91304347826087,0.0
Cytb,Aves,Drymophila_striaticeps,A>C,0.0,11,1017,89.18181818181817,0.0
Cytb,Aves,Drymophila_striaticeps,A>G,0.0,11,1017,127.81818181818184,0.0
Cytb,Aves,Drymophila_striaticeps,A>T,0.0,11,1017,89.18181818181817,0.0
Cytb,Aves,Drymophila_striaticeps,C>A,0.0,11,1017,63.909090909090914,0.0
Cytb,Aves,Drymophila_striaticeps,C>G,0.0,11,1017,63.909090909090914,0.0
Cytb,Aves,Drymophila_striaticeps,C>T,2.97217,11,1017,170.72727272727275,0.029912894631163738
Cytb,Aves,Drymophila_striaticeps,G>A,6.589642,11,1017,13.81818181818182,0.8194050117559974
Cytb,Aves,Drymophila_striaticeps,G>C,0.0,11,1017,5.181818181818182,0.0
Cytb,Aves,Drymophila_striaticeps,G>T,0.0,11,1017,5.181818181818182,0.0
Cytb,Aves,Drymophila_striaticeps,T>A,0.0,11,1017,25.36363636363636,0.0
Cytb,Aves,Drymophila_striaticeps,T>C,4.91091,11,1017,55.99999999999999,0.15068209361283882
Cytb,Aves,Drymophila_striaticeps,T>G,0.0,11,1017,25.36363636363636,0.0
Cytb,Aves,Pandion_haliaetus,A>C,0.0,44,1089,100.9090909090909,0.0
Cytb,Aves,Pandion_haliaetus,A>G,2.98298,44,1089,145.63636363636363,0.0389681297796933
Cytb,Aves,Pandion_haliaetus,A>T,0.0,44,1089,100.9090909090909,0.0
Cytb,Aves,Pandion_haliaetus,C>A,0.0,44,1089,79.11363636363636,0.0
Cytb,Aves,Pandion_haliaetus,C>G,0.0,44,1089,79.11363636363636,0.0
Cytb,Aves,Pandion_haliaetus,C>T,2.99856,44,1089,198.4090909090908,0.0287528053366838
Cytb,Aves,Pandion_haliaetus,G>A,4.0,44,1089,9.86363636363636,0.7715285229052788
Cytb,Aves,Pandion_haliaetus,G>C,0.0,44,1089,4.522727272727273,0.0
Cytb,Aves,Pandion_haliaetus,G>T,0.0,44,1089,4.522727272727273,0.0
Cytb,Aves,Pandion_haliaetus,T>A,0.0,44,1089,17.977272727272734,0.0
Cytb,Aves,Pandion_haliaetus,T>C,4.0,44,1089,47.34090909090912,0.16075054197834404
Cytb,Aves,Pandion_haliaetus,T>G,0.0,44,1089,17.977272727272734,0.0
Cytb,Aves,Microspingus_melanoleucus,A>C,0.0,19,1011,79.94736842105264,0.0
Cytb,Aves,Microspingus_melanoleucus,A>G,4.9999,19,1011,116.0,0.11813295376896066
Cytb,Aves,Microspingus_melanoleucus,A>T,0.0,19,1011,79.94736842105264,0.0
Cytb,Aves,Microspingus_melanoleucus,C>A,0.0,19,1011,79.05263157894737,0.0
Cytb,Aves,Microspingus_melanoleucus,C>G,1.0,19,1011,79.05263157894737,0.034669805261190345
Cytb,Aves,Microspingus_melanoleucus,C>T,4.525079,19,1011,205.4210526315789,0.060373860824416085
Cytb,Aves,Microspingus_melanoleucus,G>A,0.99451,19,1011,10.947368421052632,0.24898154318038573
Cytb,Aves,Microspingus_melanoleucus,G>C,0.9945,19,1011,8.210526315789474,0.33197205282721287
Cytb,Aves,Microspingus_melanoleucus,G>T,0.0,19,1011,8.210526315789474,0.0
Cytb,Aves,Microspingus_melanoleucus,T>A,1.0,19,1011,20.631578947368418,0.1328419579140508
Cytb,Aves,Microspingus_melanoleucus,T>C,0.9999,19,1011,37.526315789473685,0.07302782622378354
Cytb,Aves,Microspingus_melanoleucus,T>G,0.0,19,1011,20.631578947368418,0.0
Cytb,Aves,Microspingus_lateralis,A>C,0.0,19,1140,89.42105263157896,0.0
Cytb,Aves,Microspingus_lateralis,A>G,11.814463,19,1140,135.2105263157895,0.0916879495539922
Cytb,Aves,Microspingus_lateralis,A>T,0.0,19,1140,89.42105263157896,0.0
Cytb,Aves,Microspingus_lateralis,C>A,0.99969,19,1140,84.47368421052632,0.012418029562793503
Cytb,Aves,Microspingus_lateralis,C>G,0.0,19,1140,84.47368421052632,0.0
Cytb,Aves,Microspingus_lateralis,C>T,15.963936,19,1140,224.15789473684205,0.07472995422767544
Cytb,Aves,Microspingus_lateralis,G>A,5.542688,19,1140,10.368421052631575,0.5609402255986261
Cytb,Aves,Microspingus_lateralis,G>C,0.0,19,1140,4.63157894736842,0.0
Cytb,Aves,Microspingus_lateralis,G>T,0.0,19,1140,4.63157894736842,0.0
Cytb,Aves,Microspingus_lateralis,T>A,0.0,19,1140,27.36842105263157,0.0
Cytb,Aves,Microspingus_lateralis,T>C,11.994999,19,1140,48.368421052631575,0.26022384105691265
Cytb,Aves,Microspingus_lateralis,T>G,0.0,19,1140,27.36842105263157,0.0
Cytb,Aves,Agelaius_phoeniceus,A>C,0.0,10,1083,96.1,0.0
Cytb,Aves,Agelaius_phoeniceus,A>G,4.9174310000000006,10,1083,135.29999999999998,0.08421217871857882
Cytb,Aves,Agelaius_phoeniceus,A>T,0.0,10,1083,96.1,0.0
Cytb,Aves,Agelaius_phoeniceus,C>A,0.0,10,1083,74.9,0.0
Cytb,Aves,Agelaius_phoeniceus,C>G,0.0,10,1083,74.9,0.0
Cytb,Aves,Agelaius_phoeniceus,C>T,5.97726,10,1083,199.6,0.06938666844799252
Cytb,Aves,Agelaius_phoeniceus,G>A,1.9979900000000002,10,1083,8.4,0.5511228904891592
Cytb,Aves,Agelaius_phoeniceus,G>C,0.0,10,1083,6.299999999999999,0.0
Cytb,Aves,Agelaius_phoeniceus,G>T,0.0,10,1083,6.299999999999999,0.0
Cytb,Aves,Agelaius_phoeniceus,T>A,1.0,10,1083,29.5,0.07854389051011415
Cytb,Aves,Agelaius_phoeniceus,T>C,4.99499,10,1083,53.4,0.2167343718341553
Cytb,Aves,Agelaius_phoeniceus,T>G,0.0,10,1083,29.5,0.0
Cytb,Aves,Buccanodon_duchaillui,A>C,0.567579,11,1056,72.1818181818182,0.04437366823243791
Cytb,Aves,Buccanodon_duchaillui,A>G,3.272199,11,1056,114.18181818181816,0.1617221789259397
Cytb,Aves,Buccanodon_duchaillui,A>T,0.0,11,1056,72.1818181818182,0.0
Cytb,Aves,Buccanodon_duchaillui,C>A,0.0,11,1056,91.72727272727272,0.0
Cytb,Aves,Buccanodon_duchaillui,C>G,0.0,11,1056,91.72727272727272,0.0
Cytb,Aves,Buccanodon_duchaillui,C>T,8.499871,11,1056,204.72727272727272,0.23429523938461574
Cytb,Aves,Buccanodon_duchaillui,G>A,0.0,11,1056,7.000000000000002,0.0
Cytb,Aves,Buccanodon_duchaillui,G>C,0.0,11,1056,4.999999999999999,0.0
Cytb,Aves,Buccanodon_duchaillui,G>T,0.0,11,1056,4.999999999999999,0.0
Cytb,Aves,Buccanodon_duchaillui,T>A,0.0,11,1056,23.81818181818182,0.0
Cytb,Aves,Buccanodon_duchaillui,T>C,5.571262,11,1056,56.181818181818194,0.5596089134570067
Cytb,Aves,Buccanodon_duchaillui,T>G,0.0,11,1056,23.81818181818182,0.0
Cytb,Aves,Certhia_americana,A>C,0.0,21,1113,91.14285714285712,0.0
Cytb,Aves,Certhia_americana,A>G,5.9988600000000005,21,1113,133.1428571428571,0.109365741308182
Cytb,Aves,Certhia_americana,A>T,1.0,21,1113,91.14285714285712,0.02663224688219121
Cytb,Aves,Certhia_americana,C>A,1.0,21,1113,76.95238095238098,0.031543391418634874
Cytb,Aves,Certhia_americana,C>G,0.0,21,1113,76.95238095238098,0.0
Cytb,Aves,Certhia_americana,C>T,11.97538,21,1113,198.4285714285714,0.14649255184609003
Cytb,Aves,Certhia_americana,G>A,2.99941,21,1113,15.952380952380958,0.4563948861684408
Cytb,Aves,Certhia_americana,G>C,0.0,21,1113,8.904761904761907,0.0
Cytb,Aves,Certhia_americana,G>T,0.0,21,1113,8.904761904761907,0.0
Cytb,Aves,Certhia_americana,T>A,1.0,21,1113,29.952380952380945,0.08103993725359933
Cytb,Aves,Certhia_americana,T>C,3.88417,21,1113,63.47619047619048,0.1485312451228618
Cytb,Aves,Certhia_americana,T>G,0.0,21,1113,29.952380952380945,0.0
Cytb,Aves,Pogoniulus_pusillus,A>C,0.0,15,1023,75.60000000000001,0.0
Cytb,Aves,Pogoniulus_pusillus,A>G,4.941447,15,1023,111.6,0.13150505628194165
Cytb,Aves,Pogoniulus_pusillus,A>T,1.991851,15,1023,75.60000000000001,0.07825057849757747
Cytb,Aves,Pogoniulus_pusillus,C>A,0.0,15,1023,90.13333333333334,0.0
Cytb,Aves,Pogoniulus_pusillus,C>G,1.99683,15,1023,90.13333333333334,0.06579731394335978
Cytb,Aves,Pogoniulus_pusillus,C>T,7.8317309999999996,15,1023,207.26666666666668,0.11222272332493365
Cytb,Aves,Pogoniulus_pusillus,G>A,1.0,15,1023,8.266666666666667,0.3592709301154524
Cytb,Aves,Pogoniulus_pusillus,G>C,0.0,15,1023,5.4,0.0
Cytb,Aves,Pogoniulus_pusillus,G>T,0.0,15,1023,5.4,0.0
Cytb,Aves,Pogoniulus_pusillus,T>A,0.0,15,1023,18.733333333333327,0.0
Cytb,Aves,Pogoniulus_pusillus,T>C,3.8156280000000002,15,1023,44.79999999999999,0.252953397836735
Cytb,Aves,Pogoniulus_pusillus,T>G,0.0,15,1023,18.733333333333327,0.0
Cytb,Aves,Thamnomanes_caesius,A>C,0.978046,15,1017,88.4,0.008654676711592788
Cytb,Aves,Thamnomanes_caesius,A>G,7.709845,15,1017,136.53333333333333,0.04417237875184649
Cytb,Aves,Thamnomanes_caesius,A>T,3.9992,15,1017,88.4,0.035388706773507465
Cytb,Aves,Thamnomanes_caesius,C>A,2.99978,15,1017,70.73333333333333,0.033174861162494684
Cytb,Aves,Thamnomanes_caesius,C>G,0.99855,15,1017,70.73333333333333,0.011043062362509607
Cytb,Aves,Thamnomanes_caesius,C>T,20.97022,15,1017,173.9333333333333,0.0943113584055618
Cytb,Aves,Thamnomanes_caesius,G>A,2.937906,15,1017,4.800000000000001,0.47878495210772015
Cytb,Aves,Thamnomanes_caesius,G>C,0.0,15,1017,1.1333333333333333,0.0
Cytb,Aves,Thamnomanes_caesius,G>T,0.0,15,1017,1.1333333333333333,0.0
Cytb,Aves,Thamnomanes_caesius,T>A,0.644868,15,1017,23.66666666666667,0.021314618618127668
Cytb,Aves,Thamnomanes_caesius,T>C,18.414128,15,1017,52.73333333333334,0.2731553851066392
Cytb,Aves,Thamnomanes_caesius,T>G,0.0,15,1017,23.66666666666667,0.0
Cytb,Aves,Paradoxornis_brunneus,A>C,1.0,22,1140,81.27272727272728,0.029006786691360757
Cytb,Aves,Paradoxornis_brunneus,A>G,3.99756,22,1140,128.04545454545453,0.07359957043953783
Cytb,Aves,Paradoxornis_brunneus,A>T,0.0,22,1140,81.27272727272728,0.0
Cytb,Aves,Paradoxornis_brunneus,C>A,1.0,22,1140,84.81818181818181,0.02779428435377977
Cytb,Aves,Paradoxornis_brunneus,C>G,0.0,22,1140,84.81818181818181,0.0
Cytb,Aves,Paradoxornis_brunneus,C>T,3.6752700000000003,22,1140,208.13636363636368,0.04162801877846812
Cytb,Aves,Paradoxornis_brunneus,G>A,3.0,22,1140,15.454545454545451,0.4576247170954681
Cytb,Aves,Paradoxornis_brunneus,G>C,0.0,22,1140,10.954545454545451,0.0
Cytb,Aves,Paradoxornis_brunneus,G>T,0.0,22,1140,10.954545454545451,0.0
Cytb,Aves,Paradoxornis_brunneus,T>A,0.0,22,1140,34.72727272727273,0.0
Cytb,Aves,Paradoxornis_brunneus,T>C,9.98985,22,1140,63.59090909090909,0.37034662264138546
Cytb,Aves,Paradoxornis_brunneus,T>G,0.0,22,1140,34.72727272727273,0.0
Cytb,Aves,Calandrella_cinerea,A>C,0.0,11,1140,96.0,0.0
Cytb,Aves,Calandrella_cinerea,A>G,7.78496,11,1140,136.9090909090909,0.3643833478329125
Cytb,Aves,Calandrella_cinerea,A>T,0.0,11,1140,96.0,0.0
Cytb,Aves,Calandrella_cinerea,C>A,0.0,11,1140,96.0,0.0
Cytb,Aves,Calandrella_cinerea,C>G,0.0,11,1140,96.0,0.0
Cytb,Aves,Calandrella_cinerea,C>T,6.075302,11,1140,229.27272727272725,0.16980477442593875
Cytb,Aves,Calandrella_cinerea,G>A,0.0,11,1140,14.545454545454543,0.0
Cytb,Aves,Calandrella_cinerea,G>C,0.0,11,1140,11.909090909090908,0.0
Cytb,Aves,Calandrella_cinerea,G>T,0.0,11,1140,11.909090909090908,0.0
Cytb,Aves,Calandrella_cinerea,T>A,0.0,11,1140,14.72727272727273,0.0
Cytb,Aves,Calandrella_cinerea,T>C,2.557375,11,1140,35.18181818181819,0.4658118777411488
Cytb,Aves,Calandrella_cinerea,T>G,0.0,11,1140,14.72727272727273,0.0
Cytb,Aves,Carpodacus_pulcherrimus,A>C,1.0,10,1131,101.10000000000002,0.08911421262973414
Cytb,Aves,Carpodacus_pulcherrimus,A>G,0.0,10,1131,143.6,0.0
Cytb,Aves,Carpodacus_pulcherrimus,A>T,0.0,10,1131,101.10000000000002,0.0
Cytb,Aves,Carpodacus_pulcherrimus,C>A,0.0,10,1131,72.19999999999999,0.0
Cytb,Aves,Carpodacus_pulcherrimus,C>G,0.0,10,1131,72.19999999999999,0.0
Cytb,Aves,Carpodacus_pulcherrimus,C>T,6.85947,10,1131,216.1,0.2859788556485251
Cytb,Aves,Carpodacus_pulcherrimus,G>A,0.0,10,1131,18.6,0.0
Cytb,Aves,Carpodacus_pulcherrimus,G>C,0.0,10,1131,14.9,0.0
Cytb,Aves,Carpodacus_pulcherrimus,G>T,0.0,10,1131,14.9,0.0
Cytb,Aves,Carpodacus_pulcherrimus,T>A,0.0,10,1131,20.9,0.0
Cytb,Aves,Carpodacus_pulcherrimus,T>C,2.88543,10,1131,41.60000000000001,0.6249069317217407
Cytb,Aves,Carpodacus_pulcherrimus,T>G,0.0,10,1131,20.9,0.0
Cytb,Aves,Galerida_cristata,A>C,0.0,10,1002,81.89999999999999,0.0
Cytb,Aves,Galerida_cristata,A>G,4.89486,10,1002,112.2,0.3317169947636309
Cytb,Aves,Galerida_cristata,A>T,0.0,10,1002,81.89999999999999,0.0
Cytb,Aves,Galerida_cristata,C>A,0.0,10,1002,98.3,0.0
Cytb,Aves,Galerida_cristata,C>G,0.0,10,1002,98.3,0.0
Cytb,Aves,Galerida_cristata,C>T,4.99744,10,1002,216.7,0.17535129659555143
Cytb,Aves,Galerida_cristata,G>A,0.99836,10,1002,15.4,0.4929317086408176
Cytb,Aves,Galerida_cristata,G>C,0.0,10,1002,10.8,0.0
Cytb,Aves,Galerida_cristata,G>T,0.0,10,1002,10.8,0.0
Cytb,Aves,Galerida_cristata,T>A,0.0,10,1002,7.3,0.0
Cytb,Aves,Galerida_cristata,T>C,0.0,10,1002,16.099999999999998,0.0
Cytb,Aves,Galerida_cristata,T>G,0.0,10,1002,7.3,0.0
Cytb,Aves,Lonchura_castaneothorax,A>C,0.0,13,1140,115.69230769230768,0.0
Cytb,Aves,Lonchura_castaneothorax,A>G,2.99994,13,1140,159.46153846153848,0.06916539106506436
Cytb,Aves,Lonchura_castaneothorax,A>T,0.0,13,1140,115.69230769230768,0.0
Cytb,Aves,Lonchura_castaneothorax,C>A,1.9994399999999999,13,1140,81.23076923076924,0.09049405061225506
Cytb,Aves,Lonchura_castaneothorax,C>G,0.0,13,1140,81.23076923076924,0.0
Cytb,Aves,Lonchura_castaneothorax,C>T,1.99994,13,1140,219.6923076923077,0.03346835243945965
Cytb,Aves,Lonchura_castaneothorax,G>A,0.0,13,1140,10.61538461538462,0.0
Cytb,Aves,Lonchura_castaneothorax,G>C,0.0,13,1140,7.307692307692307,0.0
Cytb,Aves,Lonchura_castaneothorax,G>T,1.0,13,1140,7.307692307692307,0.5030972748503337
Cytb,Aves,Lonchura_castaneothorax,T>A,0.0,13,1140,9.0,0.0
Cytb,Aves,Lonchura_castaneothorax,T>C,2.99998,13,1140,36.30769230769232,0.30377493103288733
Cytb,Aves,Lonchura_castaneothorax,T>G,0.0,13,1140,9.0,0.0
Cytb,Aves,Vireo_olivaceus,A>C,0.0,42,1140,129.1190476190476,0.0
Cytb,Aves,Vireo_olivaceus,A>G,12.922927,42,1140,172.16666666666677,0.03903832184575576
Cytb,Aves,Vireo_olivaceus,A>T,0.0,42,1140,129.1190476190476,0.0
Cytb,Aves,Vireo_olivaceus,C>A,3.0,42,1140,60.99999999999998,0.025578244828774074
Cytb,Aves,Vireo_olivaceus,C>G,0.0,42,1140,60.99999999999998,0.0
Cytb,Aves,Vireo_olivaceus,C>T,18.950937,42,1140,215.8571428571429,0.04566080710322686
Cytb,Aves,Vireo_olivaceus,G>A,7.967651,42,1140,6.833333333333337,0.6064248881600883
Cytb,Aves,Vireo_olivaceus,G>C,0.0,42,1140,4.8809523809523805,0.0
Cytb,Aves,Vireo_olivaceus,G>T,0.0,42,1140,4.8809523809523805,0.0
Cytb,Aves,Vireo_olivaceus,T>A,1.0,42,1140,23.73809523809524,0.021909549732971965
Cytb,Aves,Vireo_olivaceus,T>C,17.99721,42,1140,35.8095238095238,0.26138818832918304
Cytb,Aves,Vireo_olivaceus,T>G,0.0,42,1140,23.73809523809524,0.0
Cytb,Aves,Pelecanoides_urinatrix,A>C,0.0,13,1116,97.15384615384616,0.0
Cytb,Aves,Pelecanoides_urinatrix,A>G,5.942977,13,1116,142.15384615384613,0.11982664739422368
Cytb,Aves,Pelecanoides_urinatrix,A>T,0.0,13,1116,97.15384615384616,0.0
Cytb,Aves,Pelecanoides_urinatrix,C>A,0.0,13,1116,73.46153846153845,0.0
Cytb,Aves,Pelecanoides_urinatrix,C>G,0.0,13,1116,73.46153846153845,0.0
Cytb,Aves,Pelecanoides_urinatrix,C>T,9.830252999999999,13,1116,185.30769230769235,0.15204747809493432
Cytb,Aves,Pelecanoides_urinatrix,G>A,0.99717,13,1116,8.692307692307692,0.3288077812408747
Cytb,Aves,Pelecanoides_urinatrix,G>C,0.0,13,1116,5.0769230769230775,0.0
Cytb,Aves,Pelecanoides_urinatrix,G>T,0.0,13,1116,5.0769230769230775,0.0
Cytb,Aves,Pelecanoides_urinatrix,T>A,0.99979,13,1116,28.76923076923077,0.09960669086984075
Cytb,Aves,Pelecanoides_urinatrix,T>C,7.834493,13,1116,74.92307692307693,0.2997114024001265
Cytb,Aves,Pelecanoides_urinatrix,T>G,0.0,13,1116,28.76923076923077,0.0
Cytb,Aves,Pomatorhinus_horsfieldii,A>C,1.0,12,1104,88.16666666666667,0.018128816465163088
Cytb,Aves,Pomatorhinus_horsfieldii,A>G,5.620813,12,1104,123.33333333333331,0.07284379129945873
Cytb,Aves,Pomatorhinus_horsfieldii,A>T,0.0,12,1104,88.16666666666667,0.0
Cytb,Aves,Pomatorhinus_horsfieldii,C>A,0.99999,12,1104,74.16666666666666,0.021550669682319494
Cytb,Aves,Pomatorhinus_horsfieldii,C>G,0.0,12,1104,74.16666666666666,0.0
Cytb,Aves,Pomatorhinus_horsfieldii,C>T,5.9020969999999995,12,1104,215.66666666666663,0.043741854405873214
Cytb,Aves,Pomatorhinus_horsfieldii,G>A,6.587822,12,1104,20.916666666666668,0.5034116417046498
Cytb,Aves,Pomatorhinus_horsfieldii,G>C,0.0,12,1104,14.5,0.0
Cytb,Aves,Pomatorhinus_horsfieldii,G>T,0.0,12,1104,14.5,0.0
Cytb,Aves,Pomatorhinus_horsfieldii,T>A,0.0,12,1104,25.75,0.0
Cytb,Aves,Pomatorhinus_horsfieldii,T>C,10.007269,12,1104,47.00000000000001,0.3403232264425356
Cytb,Aves,Pomatorhinus_horsfieldii,T>G,0.0,12,1104,25.75,0.0
Cytb,Aves,Sylvia_moltonii,A>C,1.0,29,1089,91.13793103448278,0.024227103191838618
Cytb,Aves,Sylvia_moltonii,A>G,7.4786090000000005,29,1089,130.6896551724138,0.1263514616117081
Cytb,Aves,Sylvia_moltonii,A>T,0.0,29,1089,91.13793103448278,0.0
Cytb,Aves,Sylvia_moltonii,C>A,1.0,29,1089,88.79310344827587,0.024866886887778435
Cytb,Aves,Sylvia_moltonii,C>G,0.0,29,1089,88.79310344827587,0.0
Cytb,Aves,Sylvia_moltonii,C>T,10.018178,29,1089,217.17241379310343,0.10185555974994419
Cytb,Aves,Sylvia_moltonii,G>A,1.3081010000000002,29,1089,10.24137931034483,0.28202231980583803
Cytb,Aves,Sylvia_moltonii,G>C,0.0,29,1089,6.827586206896549,0.0
Cytb,Aves,Sylvia_moltonii,G>T,0.0,29,1089,6.827586206896549,0.0
Cytb,Aves,Sylvia_moltonii,T>A,0.0,29,1089,22.206896551724125,0.0
Cytb,Aves,Sylvia_moltonii,T>C,7.735488,29,1089,38.75862068965517,0.44067666875289263
Cytb,Aves,Sylvia_moltonii,T>G,0.0,29,1089,22.206896551724125,0.0
Cytb,Aves,Pyrocephalus_rubinus,A>C,0.0,33,1140,95.75757575757572,0.0
Cytb,Aves,Pyrocephalus_rubinus,A>G,5.666613,33,1140,148.21212121212122,0.03500804945465231
Cytb,Aves,Pyrocephalus_rubinus,A>T,1.99634,33,1140,95.75757575757572,0.019089275643611157
Cytb,Aves,Pyrocephalus_rubinus,C>A,0.99965,33,1140,62.09090909090911,0.014741715820906234
Cytb,Aves,Pyrocephalus_rubinus,C>G,0.0,33,1140,62.09090909090911,0.0
Cytb,Aves,Pyrocephalus_rubinus,C>T,12.947994,33,1140,169.909090909091,0.0697772671923561
Cytb,Aves,Pyrocephalus_rubinus,G>A,5.928422,33,1140,9.06060606060606,0.599114657648395
Cytb,Aves,Pyrocephalus_rubinus,G>C,0.0,33,1140,5.636363636363634,0.0
Cytb,Aves,Pyrocephalus_rubinus,G>T,0.0,33,1140,5.636363636363634,0.0
Cytb,Aves,Pyrocephalus_rubinus,T>A,1.99977,33,1140,38.57575757575757,0.047467205906716874
Cytb,Aves,Pyrocephalus_rubinus,T>C,20.878529,33,1140,89.0,0.21480182833336245
Cytb,Aves,Pyrocephalus_rubinus,T>G,0.0,33,1140,38.57575757575757,0.0
Cytb,Aves,Megascops_usta,A>C,0.99871,17,1035,88.17647058823529,0.022743547238554505
Cytb,Aves,Megascops_usta,A>G,4.7698,17,1035,121.1764705882353,0.07904117440433472
Cytb,Aves,Megascops_usta,A>T,0.0,17,1035,88.17647058823529,0.0
Cytb,Aves,Megascops_usta,C>A,2.0,17,1035,84.76470588235296,0.04737906112708183
Cytb,Aves,Megascops_usta,C>G,2.0,17,1035,84.76470588235296,0.04737906112708183
Cytb,Aves,Megascops_usta,C>T,9.24169,17,1035,196.8823529411765,0.09425754407097199
Cytb,Aves,Megascops_usta,G>A,2.99684,17,1035,15.23529411764706,0.3949882970169671
Cytb,Aves,Megascops_usta,G>C,0.0,17,1035,8.529411764705882,0.0
Cytb,Aves,Megascops_usta,G>T,0.0,17,1035,8.529411764705882,0.0
Cytb,Aves,Megascops_usta,T>A,0.0,17,1035,18.23529411764705,0.0
Cytb,Aves,Megascops_usta,T>C,6.97703,17,1035,44.58823529411765,0.314211315015008
Cytb,Aves,Megascops_usta,T>G,0.0,17,1035,18.23529411764705,0.0
Cytb,Aves,Gyps_africanus,A>C,1.0,15,972,77.86666666666669,0.06872712093864328
Cytb,Aves,Gyps_africanus,A>G,0.99684,15,972,112.8,0.04729291589846652
Cytb,Aves,Gyps_africanus,A>T,0.0,15,972,77.86666666666669,0.0
Cytb,Aves,Gyps_africanus,C>A,0.0,15,972,71.79999999999998,0.0
Cytb,Aves,Gyps_africanus,C>G,0.0,15,972,71.79999999999998,0.0
Cytb,Aves,Gyps_africanus,C>T,3.99183,15,972,181.39999999999995,0.11776452640579102
Cytb,Aves,Gyps_africanus,G>A,0.9982,15,972,16.999999999999996,0.3142305308128392
Cytb,Aves,Gyps_africanus,G>C,0.0,15,972,8.999999999999998,0.0
Cytb,Aves,Gyps_africanus,G>T,0.0,15,972,8.999999999999998,0.0
Cytb,Aves,Gyps_africanus,T>A,0.0,15,972,18.933333333333326,0.0
Cytb,Aves,Gyps_africanus,T>C,3.99771,15,972,47.33333333333333,0.45198490594425994
Cytb,Aves,Gyps_africanus,T>G,0.0,15,972,18.933333333333326,0.0
Cytb,Aves,Setophaga_palmarum,A>C,0.0,19,1104,101.05263157894734,0.0
Cytb,Aves,Setophaga_palmarum,A>G,2.99994,19,1104,140.21052631578945,0.03807455154111098
Cytb,Aves,Setophaga_palmarum,A>T,1.0,19,1104,101.05263157894734,0.01760983228440952
Cytb,Aves,Setophaga_palmarum,C>A,1.99803,19,1104,79.84210526315789,0.04453206891397494
Cytb,Aves,Setophaga_palmarum,C>G,0.0,19,1104,79.84210526315789,0.0
Cytb,Aves,Setophaga_palmarum,C>T,4.99978,19,1104,214.1578947368422,0.041545085165193986
Cytb,Aves,Setophaga_palmarum,G>A,1.9746199999999998,19,1104,8.736842105263158,0.40219057764365157
Cytb,Aves,Setophaga_palmarum,G>C,0.0,19,1104,6.000000000000001,0.0
Cytb,Aves,Setophaga_palmarum,G>T,0.0,19,1104,6.000000000000001,0.0
Cytb,Aves,Setophaga_palmarum,T>A,0.0,19,1104,21.21052631578948,0.0
Cytb,Aves,Setophaga_palmarum,T>C,10.992882999999999,19,1104,42.89473684210527,0.4560478844516589
Cytb,Aves,Setophaga_palmarum,T>G,0.0,19,1104,21.21052631578948,0.0
Cytb,Aves,Icterus_cayanensis,A>C,0.0,10,1140,87.0,0.0
Cytb,Aves,Icterus_cayanensis,A>G,2.98872,10,1140,130.4,0.04953813645115252
Cytb,Aves,Icterus_cayanensis,A>T,0.0,10,1140,87.0,0.0
Cytb,Aves,Icterus_cayanensis,C>A,0.0,10,1140,88.9,0.0
Cytb,Aves,Icterus_cayanensis,C>G,0.0,10,1140,88.9,0.0
Cytb,Aves,Icterus_cayanensis,C>T,3.882311,10,1140,225.9,0.037145492267275676
Cytb,Aves,Icterus_cayanensis,G>A,3.810965,10,1140,16.5,0.49920973131998275
Cytb,Aves,Icterus_cayanensis,G>C,0.98769,10,1140,11.9,0.1793930947219704
Cytb,Aves,Icterus_cayanensis,G>T,0.0,10,1140,11.9,0.0
Cytb,Aves,Icterus_cayanensis,T>A,0.0,10,1140,21.1,0.0
Cytb,Aves,Icterus_cayanensis,T>C,4.984468,10,1140,45.900000000000006,0.23471354523961868
Cytb,Aves,Icterus_cayanensis,T>G,0.0,10,1140,21.1,0.0
Cytb,Aves,Pipra_filicauda,A>C,0.0,16,927,70.125,0.0
Cytb,Aves,Pipra_filicauda,A>G,5.927121,16,927,112.5,0.08165163805273833
Cytb,Aves,Pipra_filicauda,A>T,2.0,16,927,70.125,0.0442008633550514
Cytb,Aves,Pipra_filicauda,C>A,0.0,16,927,43.75,0.0
Cytb,Aves,Pipra_filicauda,C>G,0.0,16,927,43.75,0.0
Cytb,Aves,Pipra_filicauda,C>T,10.900996,16,927,118.25,0.14286921608213984
Cytb,Aves,Pipra_filicauda,G>A,1.99803,16,927,6.4375,0.4810147496719764
Cytb,Aves,Pipra_filicauda,G>C,0.0,16,927,4.25,0.0
Cytb,Aves,Pipra_filicauda,G>T,0.0,16,927,4.25,0.0
Cytb,Aves,Pipra_filicauda,T>A,3.0,16,927,44.5,0.10448041155414538
Cytb,Aves,Pipra_filicauda,T>C,8.924531,16,927,94.875,0.14578312128394877
Cytb,Aves,Pipra_filicauda,T>G,0.0,16,927,44.5,0.0
Cytb,Aves,Catharus_guttatus,A>C,0.819254,34,1140,95.91176470588238,0.012047658143451457
Cytb,Aves,Catharus_guttatus,A>G,11.41923,34,1140,142.20588235294116,0.11325964760449819
Cytb,Aves,Catharus_guttatus,A>T,0.908195,34,1140,95.91176470588238,0.013355592877900986
Cytb,Aves,Catharus_guttatus,C>A,2.0,34,1140,77.08823529411767,0.036592985097472566
Cytb,Aves,Catharus_guttatus,C>G,0.0,34,1140,77.08823529411767,0.0
Cytb,Aves,Catharus_guttatus,C>T,10.041149,34,1140,212.0,0.06680415849044068
Cytb,Aves,Catharus_guttatus,G>A,7.614639,34,1140,15.32352941176471,0.700884506304692
Cytb,Aves,Catharus_guttatus,G>C,0.0,34,1140,12.44117647058824,0.0
Cytb,Aves,Catharus_guttatus,G>T,0.0,34,1140,12.44117647058824,0.0
Cytb,Aves,Catharus_guttatus,T>A,0.0,34,1140,27.323529411764717,0.0
Cytb,Aves,Catharus_guttatus,T>C,2.0,34,1140,49.44117647058822,0.0570554514815441
Cytb,Aves,Catharus_guttatus,T>G,0.0,34,1140,27.323529411764717,0.0
Cytb,Aves,Regulus_regulus,A>C,0.957663,11,1140,117.27272727272728,0.03342688104810975
Cytb,Aves,Regulus_regulus,A>G,2.99499,11,1140,158.5454545454546,0.07732532495860915
Cytb,Aves,Regulus_regulus,A>T,0.0,11,1140,117.27272727272728,0.0
Cytb,Aves,Regulus_regulus,C>A,0.0,11,1140,55.99999999999999,0.0
Cytb,Aves,Regulus_regulus,C>G,0.0,11,1140,55.99999999999999,0.0
Cytb,Aves,Regulus_regulus,C>T,3.71957,11,1140,197.0,0.07728704142806297
Cytb,Aves,Regulus_regulus,G>A,2.99999,11,1140,17.999999999999996,0.6822247557963482
Cytb,Aves,Regulus_regulus,G>C,0.0,11,1140,12.09090909090909,0.0
Cytb,Aves,Regulus_regulus,G>T,0.0,11,1140,12.09090909090909,0.0
Cytb,Aves,Regulus_regulus,T>A,0.0,11,1140,28.545454545454547,0.0
Cytb,Aves,Regulus_regulus,T>C,1.800809,11,1140,56.81818181818181,0.12973599676887
Cytb,Aves,Regulus_regulus,T>G,0.0,11,1140,28.545454545454547,0.0
Cytb,Aves,Schiffornis_virescens,A>C,0.0,22,1011,67.40909090909092,0.0
Cytb,Aves,Schiffornis_virescens,A>G,2.0,22,1011,106.5454545454545,0.09084213075580355
Cytb,Aves,Schiffornis_virescens,A>T,0.0,22,1011,67.40909090909092,0.0
Cytb,Aves,Schiffornis_virescens,C>A,0.0,22,1011,69.8181818181818,0.0
Cytb,Aves,Schiffornis_virescens,C>G,0.0,22,1011,69.8181818181818,0.0
Cytb,Aves,Schiffornis_virescens,C>T,4.29696,22,1011,153.3181818181818,0.13563129040798108
Cytb,Aves,Schiffornis_virescens,G>A,1.99999,22,1011,15.68181818181818,0.6171967820922637
Cytb,Aves,Schiffornis_virescens,G>C,0.0,22,1011,9.181818181818183,0.0
Cytb,Aves,Schiffornis_virescens,G>T,0.0,22,1011,9.181818181818183,0.0
Cytb,Aves,Schiffornis_virescens,T>A,0.0,22,1011,34.13636363636365,0.0
Cytb,Aves,Schiffornis_virescens,T>C,2.65476,22,1011,82.18181818181819,0.15632979674395164
Cytb,Aves,Schiffornis_virescens,T>G,0.0,22,1011,34.13636363636365,0.0
Cytb,Aves,Setophaga_virens,A>C,1.0,25,1104,100.52000000000002,0.01693688854906807
Cytb,Aves,Setophaga_virens,A>G,3.99998,25,1104,141.04,0.04828382088690125
Cytb,Aves,Setophaga_virens,A>T,1.0,25,1104,100.52000000000002,0.01693688854906807
Cytb,Aves,Setophaga_virens,C>A,1.0,25,1104,73.4,0.02319476889580821
Cytb,Aves,Setophaga_virens,C>G,0.0,25,1104,73.4,0.0
Cytb,Aves,Setophaga_virens,C>T,9.98392,25,1104,207.48,0.0819239648797428
Cytb,Aves,Setophaga_virens,G>A,0.99999,25,1104,5.520000000000003,0.30842011086810733
Cytb,Aves,Setophaga_virens,G>C,0.0,25,1104,4.000000000000001,0.0
Cytb,Aves,Setophaga_virens,G>T,0.0,25,1104,4.000000000000001,0.0
Cytb,Aves,Setophaga_virens,T>A,0.0,25,1104,30.03999999999999,0.0
Cytb,Aves,Setophaga_virens,T>C,15.98372,25,1104,53.96,0.5043035573713044
Cytb,Aves,Setophaga_virens,T>G,0.0,25,1104,30.03999999999999,0.0
Cytb,Aves,Xiphorhynchus_fuscus,A>C,0.0,21,1026,98.38095238095237,0.0
Cytb,Aves,Xiphorhynchus_fuscus,A>G,6.915512,21,1026,144.0952380952381,0.08575839718499279
Cytb,Aves,Xiphorhynchus_fuscus,A>T,0.0,21,1026,98.38095238095237,0.0
Cytb,Aves,Xiphorhynchus_fuscus,C>A,0.0,21,1026,57.00000000000001,0.0
Cytb,Aves,Xiphorhynchus_fuscus,C>G,0.0,21,1026,57.00000000000001,0.0
Cytb,Aves,Xiphorhynchus_fuscus,C>T,4.941278,21,1026,160.85714285714286,0.05489096716523853
Cytb,Aves,Xiphorhynchus_fuscus,G>A,2.99823,21,1026,7.857142857142855,0.6818710326606936
Cytb,Aves,Xiphorhynchus_fuscus,G>C,0.0,21,1026,3.904761904761904,0.0
Cytb,Aves,Xiphorhynchus_fuscus,G>T,0.0,21,1026,3.904761904761904,0.0
Cytb,Aves,Xiphorhynchus_fuscus,T>A,0.0,21,1026,24.523809523809515,0.0
Cytb,Aves,Xiphorhynchus_fuscus,T>C,5.9640640000000005,21,1026,60.04761904761904,0.17747960298907495
Cytb,Aves,Xiphorhynchus_fuscus,T>G,0.0,21,1026,24.523809523809515,0.0
Cytb,Aves,Myioborus_miniatus,A>C,0.0,11,1140,105.36363636363636,0.0
Cytb,Aves,Myioborus_miniatus,A>G,5.31021,11,1140,148.72727272727275,0.050446124560548956
Cytb,Aves,Myioborus_miniatus,A>T,0.0,11,1140,105.36363636363636,0.0
Cytb,Aves,Myioborus_miniatus,C>A,1.474245,11,1140,81.63636363636364,0.025514833454052165
Cytb,Aves,Myioborus_miniatus,C>G,0.0,11,1140,81.63636363636364,0.0
Cytb,Aves,Myioborus_miniatus,C>T,9.644371,11,1140,226.8181818181818,0.06007624358764047
Cytb,Aves,Myioborus_miniatus,G>A,4.880388,11,1140,12.363636363636363,0.5577182464883668
Cytb,Aves,Myioborus_miniatus,G>C,0.0,11,1140,7.909090909090909,0.0
Cytb,Aves,Myioborus_miniatus,G>T,0.0,11,1140,7.909090909090909,0.0
Cytb,Aves,Myioborus_miniatus,T>A,0.0,11,1140,17.363636363636363,0.0
Cytb,Aves,Myioborus_miniatus,T>C,7.665113,11,1140,35.36363636363637,0.3062445519093916
Cytb,Aves,Myioborus_miniatus,T>G,0.0,11,1140,17.363636363636363,0.0
Cytb,Aves,Pycnonotus_jocosus,A>C,0.0,12,1140,109.0,0.0
Cytb,Aves,Pycnonotus_jocosus,A>G,4.622435,12,1140,150.83333333333334,0.09799258539057218
Cytb,Aves,Pycnonotus_jocosus,A>T,0.0,12,1140,109.0,0.0
Cytb,Aves,Pycnonotus_jocosus,C>A,0.0,12,1140,80.16666666666667,0.0
Cytb,Aves,Pycnonotus_jocosus,C>G,0.0,12,1140,80.16666666666667,0.0
Cytb,Aves,Pycnonotus_jocosus,C>T,6.685656,12,1140,216.66666666666669,0.09866693942896929
Cytb,Aves,Pycnonotus_jocosus,G>A,1.8594309999999998,12,1140,18.0,0.3303142379304458
Cytb,Aves,Pycnonotus_jocosus,G>C,0.0,12,1140,12.5,0.0
Cytb,Aves,Pycnonotus_jocosus,G>T,0.0,12,1140,12.5,0.0
Cytb,Aves,Pycnonotus_jocosus,T>A,0.0,12,1140,9.333333333333334,0.0
Cytb,Aves,Pycnonotus_jocosus,T>C,5.757065,12,1140,38.91666666666666,0.4730262372500127
Cytb,Aves,Pycnonotus_jocosus,T>G,0.0,12,1140,9.333333333333334,0.0
Cytb,Aves,Acritillas_indica,A>C,0.0,11,1140,109.63636363636364,0.0
Cytb,Aves,Acritillas_indica,A>G,2.900371,11,1140,154.0,0.04938479368940219
Cytb,Aves,Acritillas_indica,A>T,0.997372,11,1140,109.63636363636364,0.023854095831848166
Cytb,Aves,Acritillas_indica,C>A,1.0,11,1140,72.54545454545455,0.036145164395802704
Cytb,Aves,Acritillas_indica,C>G,0.0,11,1140,72.54545454545455,0.0
Cytb,Aves,Acritillas_indica,C>T,3.9548110000000003,11,1140,213.27272727272728,0.048624015520871464
Cytb,Aves,Acritillas_indica,G>A,2.9984200000000003,11,1140,14.09090909090909,0.5579738728675799
Cytb,Aves,Acritillas_indica,G>C,0.0,11,1140,10.454545454545457,0.0
Cytb,Aves,Acritillas_indica,G>T,0.0,11,1140,10.454545454545457,0.0
Cytb,Aves,Acritillas_indica,T>A,0.0,11,1140,18.90909090909091,0.0
Cytb,Aves,Acritillas_indica,T>C,3.99778,11,1140,36.90909090909091,0.2840180576944956
Cytb,Aves,Acritillas_indica,T>G,0.0,11,1140,18.90909090909091,0.0
Cytb,Aves,Gallus_gallus,A>C,0.0,78,1140,89.91025641025645,0.0
Cytb,Aves,Gallus_gallus,A>G,9.98069,78,1140,132.14102564102566,0.04636156434872676
Cytb,Aves,Gallus_gallus,A>T,2.0,78,1140,89.91025641025645,0.013653875793642098
Cytb,Aves,Gallus_gallus,C>A,4.0,78,1140,96.73076923076916,0.025382274603263658
Cytb,Aves,Gallus_gallus,C>G,1.0,78,1140,96.73076923076916,0.006345568650815914
Cytb,Aves,Gallus_gallus,C>T,15.9918,78,1140,224.85897435897436,0.04365382596155079
Cytb,Aves,Gallus_gallus,G>A,12.86003,78,1140,11.974358974358967,0.6592116844420622
Cytb,Aves,Gallus_gallus,G>C,1.0,78,1140,5.948717948717945,0.10318386954828893
Cytb,Aves,Gallus_gallus,G>T,0.0,78,1140,5.948717948717945,0.0
Cytb,Aves,Gallus_gallus,T>A,0.0,78,1140,19.23076923076922,0.0
Cytb,Aves,Gallus_gallus,T>C,6.99993,78,1140,42.03846153846158,0.10220733665164958
Cytb,Aves,Gallus_gallus,T>G,0.0,78,1140,19.23076923076922,0.0
Cytb,Aves,Attila_spadiceus,A>C,2.99885,50,1026,77.20000000000003,0.06359319469114152
Cytb,Aves,Attila_spadiceus,A>G,5.939109,50,1026,125.33999999999996,0.07757196727154521
Cytb,Aves,Attila_spadiceus,A>T,0.0,50,1026,77.20000000000003,0.0
Cytb,Aves,Attila_spadiceus,C>A,0.0,50,1026,65.22,0.0
Cytb,Aves,Attila_spadiceus,C>G,0.0,50,1026,65.22,0.0
Cytb,Aves,Attila_spadiceus,C>T,11.539431,50,1026,157.3,0.12009609105498739
Cytb,Aves,Attila_spadiceus,G>A,2.0,50,1026,7.440000000000001,0.4400786098968876
Cytb,Aves,Attila_spadiceus,G>C,0.0,50,1026,6.5,0.0
Cytb,Aves,Attila_spadiceus,G>T,0.0,50,1026,6.5,0.0
Cytb,Aves,Attila_spadiceus,T>A,0.0,50,1026,33.68,0.0
Cytb,Aves,Attila_spadiceus,T>C,14.116687,50,1026,77.37999999999997,0.29866013708543837
Cytb,Aves,Attila_spadiceus,T>G,0.0,50,1026,33.68,0.0
Cytb,Aves,Zosterops_palpebrosus,A>C,1.0,16,1104,103.9375,0.008813392422840231
Cytb,Aves,Zosterops_palpebrosus,A>G,7.683175,16,1104,140.6875,0.05002655389340523
Cytb,Aves,Zosterops_palpebrosus,A>T,1.0,16,1104,103.9375,0.008813392422840231
Cytb,Aves,Zosterops_palpebrosus,C>A,0.0,16,1104,64.6875,0.0
Cytb,Aves,Zosterops_palpebrosus,C>G,0.0,16,1104,64.6875,0.0
Cytb,Aves,Zosterops_palpebrosus,C>T,12.546999,16,1104,201.9375,0.05691651002732322
Cytb,Aves,Zosterops_palpebrosus,G>A,11.076786,16,1104,14.9375,0.6792837438344402
Cytb,Aves,Zosterops_palpebrosus,G>C,0.0,16,1104,9.75,0.0
Cytb,Aves,Zosterops_palpebrosus,G>T,0.0,16,1104,9.75,0.0
Cytb,Aves,Zosterops_palpebrosus,T>A,0.0,16,1104,29.125,0.0
Cytb,Aves,Zosterops_palpebrosus,T>C,11.6296,16,1104,54.3125,0.19614640739915093
Cytb,Aves,Zosterops_palpebrosus,T>G,0.0,16,1104,29.125,0.0
Cytb,Aves,Synallaxis_ruficapilla,A>C,0.0,57,996,84.66666666666664,0.0
Cytb,Aves,Synallaxis_ruficapilla,A>G,4.99967,57,996,128.4210526315789,0.031077228051698786
Cytb,Aves,Synallaxis_ruficapilla,A>T,0.0,57,996,84.66666666666664,0.0
Cytb,Aves,Synallaxis_ruficapilla,C>A,0.99999,57,996,58.05263157894738,0.013750259858361992
Cytb,Aves,Synallaxis_ruficapilla,C>G,0.99986,57,996,58.05263157894738,0.013748472306704888
Cytb,Aves,Synallaxis_ruficapilla,C>T,13.99334,57,996,154.40350877192978,0.07234381067782214
Cytb,Aves,Synallaxis_ruficapilla,G>A,10.99356,57,996,11.456140350877195,0.7660148440641326
Cytb,Aves,Synallaxis_ruficapilla,G>C,0.0,57,996,6.175438596491229,0.0
Cytb,Aves,Synallaxis_ruficapilla,G>T,0.0,57,996,6.175438596491229,0.0
Cytb,Aves,Synallaxis_ruficapilla,T>A,0.0,57,996,31.07017543859648,0.0
Cytb,Aves,Synallaxis_ruficapilla,T>C,8.99046,57,996,69.63157894736842,0.10306538504127954
Cytb,Aves,Synallaxis_ruficapilla,T>G,0.0,57,996,31.07017543859648,0.0
Cytb,Aves,Setophaga_fusca,A>C,0.0,30,1104,102.20000000000002,0.0
Cytb,Aves,Setophaga_fusca,A>G,5.99991,30,1104,142.33333333333334,0.05840097428186722
Cytb,Aves,Setophaga_fusca,A>T,1.0,30,1104,102.20000000000002,0.013555985041426685
Cytb,Aves,Setophaga_fusca,C>A,0.0,30,1104,68.56666666666663,0.0
Cytb,Aves,Setophaga_fusca,C>G,0.0,30,1104,68.56666666666663,0.0
Cytb,Aves,Setophaga_fusca,C>T,8.99829,30,1104,204.53333333333345,0.0609505832955335
Cytb,Aves,Setophaga_fusca,G>A,3.0,30,1104,7.633333333333333,0.5444888664237671
Cytb,Aves,Setophaga_fusca,G>C,0.0,30,1104,4.7,0.0
Cytb,Aves,Setophaga_fusca,G>T,0.0,30,1104,4.7,0.0
Cytb,Aves,Setophaga_fusca,T>A,0.0,30,1104,31.36666666666668,0.0
Cytb,Aves,Setophaga_fusca,T>C,11.99984,30,1104,51.53333333333334,0.32260359095740543
Cytb,Aves,Setophaga_fusca,T>G,0.0,30,1104,31.36666666666668,0.0
Cytb,Aves,Calliope_calliope,A>C,1.99757,110,1140,109.45454545454548,0.007614902026916496
Cytb,Aves,Calliope_calliope,A>G,33.911587,110,1140,148.17272727272734,0.09549397129114888
Cytb,Aves,Calliope_calliope,A>T,1.0,110,1140,109.45454545454548,0.0038120826939313747
Cytb,Aves,Calliope_calliope,C>A,0.0,110,1140,75.5181818181818,0.0
Cytb,Aves,Calliope_calliope,C>G,0.99476,110,1140,75.5181818181818,0.005496204750524464
Cytb,Aves,Calliope_calliope,C>T,33.795373,110,1140,214.68181818181824,0.06568377339999991
Cytb,Aves,Calliope_calliope,G>A,12.977054,110,1140,12.854545454545462,0.4212263223325456
Cytb,Aves,Calliope_calliope,G>C,0.99893,110,1140,8.072727272727265,0.05163104204505003
Cytb,Aves,Calliope_calliope,G>T,0.0,110,1140,8.072727272727265,0.0
Cytb,Aves,Calliope_calliope,T>A,1.99904,110,1140,24.472727272727266,0.03408279706287445
Cytb,Aves,Calliope_calliope,T>C,35.906863,110,1140,50.290909090909125,0.2979093220660527
Cytb,Aves,Calliope_calliope,T>G,1.0,110,1140,24.472727272727266,0.017049582330956086
Cytb,Aves,Pellorneum_ruficeps,A>C,0.0,14,1140,100.0,0.0
Cytb,Aves,Pellorneum_ruficeps,A>G,7.516406,14,1140,145.00000000000003,0.19264573632871446
Cytb,Aves,Pellorneum_ruficeps,A>T,0.0,14,1140,100.0,0.0
Cytb,Aves,Pellorneum_ruficeps,C>A,1.638662,14,1140,70.42857142857143,0.08646845052273135
Cytb,Aves,Pellorneum_ruficeps,C>G,0.0,14,1140,70.42857142857143,0.0
Cytb,Aves,Pellorneum_ruficeps,C>T,7.368925,14,1140,205.57142857142853,0.13321666454717487
Cytb,Aves,Pellorneum_ruficeps,G>A,1.99999,14,1140,19.785714285714285,0.3756585380673458
Cytb,Aves,Pellorneum_ruficeps,G>C,0.0,14,1140,15.28571428571428,0.0
Cytb,Aves,Pellorneum_ruficeps,G>T,0.0,14,1140,15.28571428571428,0.0
Cytb,Aves,Pellorneum_ruficeps,T>A,0.0,14,1140,28.71428571428572,0.0
Cytb,Aves,Pellorneum_ruficeps,T>C,2.9950200000000002,14,1140,52.5,0.21201061053403358
Cytb,Aves,Pellorneum_ruficeps,T>G,0.0,14,1140,28.71428571428572,0.0
Cytb,Aves,Forpus_passerinus,A>C,0.0,9,1137,105.44444444444444,0.0
Cytb,Aves,Forpus_passerinus,A>G,2.9988900000000003,9,1137,152.2222222222222,0.06158398537543218
Cytb,Aves,Forpus_passerinus,A>T,0.0,9,1137,105.44444444444444,0.0
Cytb,Aves,Forpus_passerinus,C>A,0.0,9,1137,81.0,0.0
Cytb,Aves,Forpus_passerinus,C>G,0.0,9,1137,81.0,0.0
Cytb,Aves,Forpus_passerinus,C>T,6.99393,9,1137,219.66666666666663,0.09952734838418809
Cytb,Aves,Forpus_passerinus,G>A,0.99924,9,1137,7.777777777777778,0.4016054450564288
Cytb,Aves,Forpus_passerinus,G>C,0.0,9,1137,5.777777777777777,0.0
Cytb,Aves,Forpus_passerinus,G>T,0.0,9,1137,5.777777777777777,0.0
Cytb,Aves,Forpus_passerinus,T>A,0.0,9,1137,19.77777777777777,0.0
Cytb,Aves,Forpus_passerinus,T>C,5.9996,9,1137,42.88888888888889,0.4372832211839508
Cytb,Aves,Forpus_passerinus,T>G,0.0,9,1137,19.77777777777777,0.0
Cytb,Aves,Rhopocichla_atriceps,A>C,1.0,11,1140,104.0909090909091,0.018851529331188846
Cytb,Aves,Rhopocichla_atriceps,A>G,3.9879100000000003,11,1140,148.9090909090909,0.05255130749312382
Cytb,Aves,Rhopocichla_atriceps,A>T,0.0,11,1140,104.0909090909091,0.0
Cytb,Aves,Rhopocichla_atriceps,C>A,0.0,11,1140,72.81818181818183,0.0
Cytb,Aves,Rhopocichla_atriceps,C>G,0.0,11,1140,72.81818181818183,0.0
Cytb,Aves,Rhopocichla_atriceps,C>T,3.9977210000000003,11,1140,216.72727272727272,0.036195810452757556
Cytb,Aves,Rhopocichla_atriceps,G>A,1.99464,11,1140,10.363636363636363,0.3776693558123779
Cytb,Aves,Rhopocichla_atriceps,G>C,1.0,11,1140,7.363636363636365,0.2664814948668052
Cytb,Aves,Rhopocichla_atriceps,G>T,0.0,11,1140,7.363636363636365,0.0
Cytb,Aves,Rhopocichla_atriceps,T>A,0.99965,11,1140,25.909090909090903,0.07571033801344478
Cytb,Aves,Rhopocichla_atriceps,T>C,3.9567930000000002,11,1140,45.0,0.17254016403030184
Cytb,Aves,Rhopocichla_atriceps,T>G,0.0,11,1140,25.909090909090903,0.0
Cytb,Aves,Alectoris_chukar,A>C,1.990313,100,1092,86.13999999999999,0.006979600186766647
Cytb,Aves,Alectoris_chukar,A>G,16.89561,100,1092,129.04000000000008,0.03955155430468415
Cytb,Aves,Alectoris_chukar,A>T,0.0,100,1092,86.13999999999999,0.0
Cytb,Aves,Alectoris_chukar,C>A,1.0,100,1092,89.48000000000005,0.003375888218341003
Cytb,Aves,Alectoris_chukar,C>G,1.0,100,1092,89.48000000000005,0.003375888218341003
Cytb,Aves,Alectoris_chukar,C>T,15.99363,100,1092,204.15000000000003,0.02366528253740391
Cytb,Aves,Alectoris_chukar,G>A,27.9951,100,1092,10.86999999999999,0.7779765605169445
Cytb,Aves,Alectoris_chukar,G>C,0.0,100,1092,7.010000000000004,0.0
Cytb,Aves,Alectoris_chukar,G>T,0.0,100,1092,7.010000000000004,0.0
Cytb,Aves,Alectoris_chukar,T>A,0.0,100,1092,17.47,0.0
Cytb,Aves,Alectoris_chukar,T>C,22.9998,100,1092,47.889999999999965,0.1450752260175187
Cytb,Aves,Alectoris_chukar,T>G,0.0,100,1092,17.47,0.0
Cytb,Aves,Zonotrichia_albicollis,A>C,0.0,30,1140,81.03333333333337,0.0
Cytb,Aves,Zonotrichia_albicollis,A>G,3.99424,30,1140,124.9333333333334,0.08108089354539606
Cytb,Aves,Zonotrichia_albicollis,A>T,0.0,30,1140,81.03333333333337,0.0
Cytb,Aves,Zonotrichia_albicollis,C>A,1.0,30,1140,98.16666666666664,0.025834416245993946
Cytb,Aves,Zonotrichia_albicollis,C>G,0.0,30,1140,98.16666666666664,0.0
Cytb,Aves,Zonotrichia_albicollis,C>T,13.664743999999999,30,1140,238.13333333333335,0.1455271438313749
Cytb,Aves,Zonotrichia_albicollis,G>A,1.0,30,1140,10.1,0.2510968839750896
Cytb,Aves,Zonotrichia_albicollis,G>C,0.0,30,1140,7.000000000000001,0.0
Cytb,Aves,Zonotrichia_albicollis,G>T,0.0,30,1140,7.000000000000001,0.0
Cytb,Aves,Zonotrichia_albicollis,T>A,0.0,30,1140,23.73333333333334,0.0
Cytb,Aves,Zonotrichia_albicollis,T>C,7.9935,30,1140,40.83333333333334,0.4964606624021454
Cytb,Aves,Zonotrichia_albicollis,T>G,0.0,30,1140,23.73333333333334,0.0
Cytb,Aves,Leuconotopicus_albolarvatus,A>C,0.0,25,1131,75.84000000000002,0.0
Cytb,Aves,Leuconotopicus_albolarvatus,A>G,2.93947,25,1131,120.36,0.05433410363785831
Cytb,Aves,Leuconotopicus_albolarvatus,A>T,0.0,25,1131,75.84000000000002,0.0
Cytb,Aves,Leuconotopicus_albolarvatus,C>A,0.0,25,1131,99.92,0.0
Cytb,Aves,Leuconotopicus_albolarvatus,C>G,0.0,25,1131,99.92,0.0
Cytb,Aves,Leuconotopicus_albolarvatus,C>T,1.0,25,1131,216.5600000000001,0.010273239452582347
Cytb,Aves,Leuconotopicus_albolarvatus,G>A,4.0,25,1131,11.320000000000004,0.7861387759191637
Cytb,Aves,Leuconotopicus_albolarvatus,G>C,0.0,25,1131,5.960000000000004,0.0
Cytb,Aves,Leuconotopicus_albolarvatus,G>T,0.0,25,1131,5.960000000000004,0.0
Cytb,Aves,Leuconotopicus_albolarvatus,T>A,0.0,25,1131,26.679999999999986,0.0
Cytb,Aves,Leuconotopicus_albolarvatus,T>C,3.9984,25,1131,59.59999999999999,0.14925388099039558
Cytb,Aves,Leuconotopicus_albolarvatus,T>G,0.0,25,1131,26.679999999999986,0.0
Cytb,Aves,Bleda_syndactylus,A>C,1.9963600000000001,57,951,85.91228070175437,0.011709085878946576
Cytb,Aves,Bleda_syndactylus,A>G,18.598222,57,951,119.77192982456148,0.07824484964080461
Cytb,Aves,Bleda_syndactylus,A>T,0.0,57,951,85.91228070175437,0.0
Cytb,Aves,Bleda_syndactylus,C>A,1.996243,57,951,69.0877192982456,0.0145596833617629
Cytb,Aves,Bleda_syndactylus,C>G,1.99838,57,951,69.0877192982456,0.014575269662300504
Cytb,Aves,Bleda_syndactylus,C>T,28.908286,57,951,181.4385964912282,0.08028456248828036
Cytb,Aves,Bleda_syndactylus,G>A,11.408572,57,951,14.140350877192976,0.4065467387260196
Cytb,Aves,Bleda_syndactylus,G>C,0.9999,57,951,10.87719298245614,0.04632112671662947
Cytb,Aves,Bleda_syndactylus,G>T,0.0,57,951,10.87719298245614,0.0
Cytb,Aves,Bleda_syndactylus,T>A,0.0,57,951,14.701754385964918,0.0
Cytb,Aves,Bleda_syndactylus,T>C,25.862172,57,951,37.4736842105263,0.3477586835252559
Cytb,Aves,Bleda_syndactylus,T>G,0.0,57,951,14.701754385964918,0.0
Cytb,Aves,Catharus_fuscescens,A>C,0.0,20,1140,95.74999999999996,0.0
Cytb,Aves,Catharus_fuscescens,A>G,7.99991,20,1140,141.59999999999997,0.1203207995122742
Cytb,Aves,Catharus_fuscescens,A>T,0.0,20,1140,95.74999999999996,0.0
Cytb,Aves,Catharus_fuscescens,C>A,0.0,20,1140,83.10000000000002,0.0
Cytb,Aves,Catharus_fuscescens,C>G,0.0,20,1140,83.10000000000002,0.0
Cytb,Aves,Catharus_fuscescens,C>T,5.9999199999999995,20,1140,213.05,0.0599767298142555
Cytb,Aves,Catharus_fuscescens,G>A,2.9999700000000002,20,1140,10.4,0.6143310038927571
Cytb,Aves,Catharus_fuscescens,G>C,0.0,20,1140,6.199999999999998,0.0
Cytb,Aves,Catharus_fuscescens,G>T,0.0,20,1140,6.199999999999998,0.0
Cytb,Aves,Catharus_fuscescens,T>A,0.0,20,1140,26.95000000000001,0.0
Cytb,Aves,Catharus_fuscescens,T>C,5.0,20,1140,51.85,0.20537146678071325
Cytb,Aves,Catharus_fuscescens,T>G,0.0,20,1140,26.95000000000001,0.0
Cytb,Aves,Vireo_plumbeus,A>C,1.0,11,1140,126.72727272727272,0.02115833787785879
Cytb,Aves,Vireo_plumbeus,A>G,0.99233,11,1140,166.0,0.016028750534672422
Cytb,Aves,Vireo_plumbeus,A>T,0.0,11,1140,126.72727272727272,0.0
Cytb,Aves,Vireo_plumbeus,C>A,0.0,11,1140,58.0909090909091,0.0
Cytb,Aves,Vireo_plumbeus,C>G,0.0,11,1140,58.0909090909091,0.0
Cytb,Aves,Vireo_plumbeus,C>T,1.97473,11,1140,219.45454545454544,0.02412763643463814
Cytb,Aves,Vireo_plumbeus,G>A,4.9803,11,1140,20.0,0.6676934952979162
Cytb,Aves,Vireo_plumbeus,G>C,0.0,11,1140,14.272727272727272,0.0
Cytb,Aves,Vireo_plumbeus,G>T,0.0,11,1140,14.272727272727272,0.0
Cytb,Aves,Vireo_plumbeus,T>A,0.0,11,1140,18.818181818181817,0.0
Cytb,Aves,Vireo_plumbeus,T>C,2.976849,11,1140,29.454545454545453,0.27099177985491446
Cytb,Aves,Vireo_plumbeus,T>G,0.0,11,1140,18.818181818181817,0.0
Cytb,Aves,Sylviparus_modestus,A>C,0.0,11,1140,96.54545454545452,0.0
Cytb,Aves,Sylviparus_modestus,A>G,1.99956,11,1140,138.0909090909091,0.05968625789059073
Cytb,Aves,Sylviparus_modestus,A>T,0.0,11,1140,96.54545454545452,0.0
Cytb,Aves,Sylviparus_modestus,C>A,0.0,11,1140,87.09090909090908,0.0
Cytb,Aves,Sylviparus_modestus,C>G,0.0,11,1140,87.09090909090908,0.0
Cytb,Aves,Sylviparus_modestus,C>T,2.98575,11,1140,220.27272727272728,0.055872449468946456
Cytb,Aves,Sylviparus_modestus,G>A,1.0,11,1140,9.909090909090908,0.41597878935112204
Cytb,Aves,Sylviparus_modestus,G>C,0.0,11,1140,4.909090909090908,0.0
Cytb,Aves,Sylviparus_modestus,G>T,0.0,11,1140,4.909090909090908,0.0
Cytb,Aves,Sylviparus_modestus,T>A,0.0,11,1140,25.000000000000004,0.0
Cytb,Aves,Sylviparus_modestus,T>C,5.9924599999999995,11,1140,52.72727272727273,0.4684625032893408
Cytb,Aves,Sylviparus_modestus,T>G,0.0,11,1140,25.000000000000004,0.0
Cytb,Aves,Hylexetastes_perrotii,A>C,0.0,26,1014,86.23076923076921,0.0
Cytb,Aves,Hylexetastes_perrotii,A>G,10.730838,26,1014,136.15384615384613,0.12556805750927197
Cytb,Aves,Hylexetastes_perrotii,A>T,0.0,26,1014,86.23076923076921,0.0
Cytb,Aves,Hylexetastes_perrotii,C>A,1.98685,26,1014,54.07692307692309,0.058536743664823254
Cytb,Aves,Hylexetastes_perrotii,C>G,0.0,26,1014,54.07692307692309,0.0
Cytb,Aves,Hylexetastes_perrotii,C>T,14.853993000000001,26,1014,142.80769230769232,0.1657170009673218
Cytb,Aves,Hylexetastes_perrotii,G>A,2.98559,26,1014,10.30769230769231,0.46147074369327795
Cytb,Aves,Hylexetastes_perrotii,G>C,0.0,26,1014,6.153846153846154,0.0
Cytb,Aves,Hylexetastes_perrotii,G>T,0.0,26,1014,6.153846153846154,0.0
Cytb,Aves,Hylexetastes_perrotii,T>A,0.0,26,1014,28.923076923076923,0.0
Cytb,Aves,Hylexetastes_perrotii,T>C,9.552976000000001,26,1014,80.65384615384615,0.18870745416530513
Cytb,Aves,Hylexetastes_perrotii,T>G,0.0,26,1014,28.923076923076923,0.0
Cytb,Aves,Alethe_poliocephala,A>C,0.0,13,1140,107.0,0.0
Cytb,Aves,Alethe_poliocephala,A>G,1.97953,13,1140,149.53846153846155,0.01997105571900018
Cytb,Aves,Alethe_poliocephala,A>T,0.0,13,1140,107.0,0.0
Cytb,Aves,Alethe_poliocephala,C>A,0.0,13,1140,69.15384615384616,0.0
Cytb,Aves,Alethe_poliocephala,C>G,0.0,13,1140,69.15384615384616,0.0
Cytb,Aves,Alethe_poliocephala,C>T,9.391919,13,1140,212.3846153846154,0.06671494429767227
Cytb,Aves,Alethe_poliocephala,G>A,5.9271139999999995,13,1140,13.692307692307692,0.6530681052956436
Cytb,Aves,Alethe_poliocephala,G>C,0.0,13,1140,7.923076923076923,0.0
Cytb,Aves,Alethe_poliocephala,G>T,0.0,13,1140,7.923076923076923,0.0
Cytb,Aves,Alethe_poliocephala,T>A,0.0,13,1140,25.461538461538456,0.0
Cytb,Aves,Alethe_poliocephala,T>C,8.771021000000001,13,1140,50.84615384615385,0.2602458946876839
Cytb,Aves,Alethe_poliocephala,T>G,0.0,13,1140,25.461538461538456,0.0
Cytb,Aves,Cyanopica_cyanus,A>C,1.9752290000000001,39,1122,106.07692307692304,0.04820360046793797
Cytb,Aves,Cyanopica_cyanus,A>G,6.448084,39,1122,150.87179487179483,0.11063831890119917
Cytb,Aves,Cyanopica_cyanus,A>T,1.0,39,1122,106.07692307692304,0.024404056677953777
Cytb,Aves,Cyanopica_cyanus,C>A,3.0,39,1122,69.53846153846155,0.11168095406714021
Cytb,Aves,Cyanopica_cyanus,C>G,1.0,39,1122,69.53846153846155,0.037226984689046734
Cytb,Aves,Cyanopica_cyanus,C>T,12.456942,39,1122,203.8205128205128,0.1582145758279536
Cytb,Aves,Cyanopica_cyanus,G>A,2.0,39,1122,15.461538461538469,0.3348576533223705
Cytb,Aves,Cyanopica_cyanus,G>C,0.0,39,1122,12.307692307692314,0.0
Cytb,Aves,Cyanopica_cyanus,G>T,0.0,39,1122,12.307692307692314,0.0
Cytb,Aves,Cyanopica_cyanus,T>A,0.0,39,1122,19.512820512820504,0.0
Cytb,Aves,Cyanopica_cyanus,T>C,3.735772,39,1122,55.33333333333332,0.17477385604639803
Cytb,Aves,Cyanopica_cyanus,T>G,0.0,39,1122,19.512820512820504,0.0
Cytb,Aves,Megascops_watsonii,A>C,0.99299,9,1005,82.66666666666666,0.04784998722004622
Cytb,Aves,Megascops_watsonii,A>G,4.558761,9,1005,117.33333333333334,0.15477214187972682
Cytb,Aves,Megascops_watsonii,A>T,0.0,9,1005,82.66666666666666,0.0
Cytb,Aves,Megascops_watsonii,C>A,0.0,9,1005,83.44444444444444,0.0
Cytb,Aves,Megascops_watsonii,C>G,0.0,9,1005,83.44444444444444,0.0
Cytb,Aves,Megascops_watsonii,C>T,3.89987,9,1005,192.66666666666663,0.08063264828252405
Cytb,Aves,Megascops_watsonii,G>A,2.40449,9,1005,15.0,0.6385561522078832
Cytb,Aves,Megascops_watsonii,G>C,0.0,9,1005,11.22222222222222,0.0
Cytb,Aves,Megascops_watsonii,G>T,0.0,9,1005,11.22222222222222,0.0
Cytb,Aves,Megascops_watsonii,T>A,0.0,9,1005,19.22222222222222,0.0
Cytb,Aves,Megascops_watsonii,T>C,0.84619,9,1005,43.11111111111112,0.0781890704098197
Cytb,Aves,Megascops_watsonii,T>G,0.0,9,1005,19.22222222222222,0.0
Cytb,Aves,Corvus_corax,A>C,0.0,13,1122,120.0,0.0
Cytb,Aves,Corvus_corax,A>G,5.96506,13,1122,159.99999999999997,0.06435424614305046
Cytb,Aves,Corvus_corax,A>T,0.0,13,1122,120.0,0.0
Cytb,Aves,Corvus_corax,C>A,1.98661,13,1122,60.84615384615385,0.05635881584538347
Cytb,Aves,Corvus_corax,C>G,0.0,13,1122,60.84615384615385,0.0
Cytb,Aves,Corvus_corax,C>T,13.65186,13,1122,199.6923076923077,0.1180083841163242
Cytb,Aves,Corvus_corax,G>A,2.99334,13,1122,9.307692307692308,0.5551321817655673
Cytb,Aves,Corvus_corax,G>C,0.0,13,1122,6.846153846153847,0.0
Cytb,Aves,Corvus_corax,G>T,0.0,13,1122,6.846153846153847,0.0
Cytb,Aves,Corvus_corax,T>A,0.0,13,1122,20.0,0.0
Cytb,Aves,Corvus_corax,T>C,5.98041,13,1122,50.07692307692308,0.20614637212967457
Cytb,Aves,Corvus_corax,T>G,0.0,13,1122,20.0,0.0
Cytb,Aves,Aerodramus_fuciphagus,A>C,2.0,18,1140,98.16666666666669,0.03866028522535459
Cytb,Aves,Aerodramus_fuciphagus,A>G,6.122645,18,1140,138.00000000000003,0.0841897258440732
Cytb,Aves,Aerodramus_fuciphagus,A>T,0.0,18,1140,98.16666666666669,0.0
Cytb,Aves,Aerodramus_fuciphagus,C>A,0.0,18,1140,99.2777777777778,0.0
Cytb,Aves,Aerodramus_fuciphagus,C>G,0.0,18,1140,99.2777777777778,0.0
Cytb,Aves,Aerodramus_fuciphagus,C>T,7.965667,18,1140,238.27777777777777,0.0634362801577004
Cytb,Aves,Aerodramus_fuciphagus,G>A,0.99999,18,1140,15.777777777777782,0.12026767758091837
Cytb,Aves,Aerodramus_fuciphagus,G>C,0.99771,18,1140,6.055555555555555,0.3126435222718218
Cytb,Aves,Aerodramus_fuciphagus,G>T,0.0,18,1140,6.055555555555555,0.0
Cytb,Aves,Aerodramus_fuciphagus,T>A,0.411686,18,1140,11.666666666666664,0.06696045735682188
Cytb,Aves,Aerodramus_fuciphagus,T>C,4.263414,18,1140,25.77777777777778,0.31384205156330985
Cytb,Aves,Aerodramus_fuciphagus,T>G,0.0,18,1140,11.666666666666664,0.0
Cytb,Aves,Tangara_gyrola,A>C,0.0,9,1104,97.22222222222224,0.0
Cytb,Aves,Tangara_gyrola,A>G,7.776946,9,1104,136.77777777777777,0.14312964593342703
Cytb,Aves,Tangara_gyrola,A>T,0.0,9,1104,97.22222222222224,0.0
Cytb,Aves,Tangara_gyrola,C>A,1.990848,9,1104,79.22222222222223,0.06325970171899456
Cytb,Aves,Tangara_gyrola,C>G,0.0,9,1104,79.22222222222223,0.0
Cytb,Aves,Tangara_gyrola,C>T,7.881692,9,1104,218.11111111111117,0.09096571268688501
Cytb,Aves,Tangara_gyrola,G>A,1.980704,9,1104,13.666666666666666,0.3648320921356071
Cytb,Aves,Tangara_gyrola,G>C,0.0,9,1104,9.444444444444445,0.0
Cytb,Aves,Tangara_gyrola,G>T,0.0,9,1104,9.444444444444445,0.0
Cytb,Aves,Tangara_gyrola,T>A,0.0,9,1104,22.11111111111111,0.0
Cytb,Aves,Tangara_gyrola,T>C,4.875794,9,1104,36.333333333333336,0.3378128475250864
Cytb,Aves,Tangara_gyrola,T>G,0.0,9,1104,22.11111111111111,0.0
Cytb,Aves,Turdus_rufopalliatus,A>C,0.0,14,1140,113.0,0.0
Cytb,Aves,Turdus_rufopalliatus,A>G,0.99589,14,1140,155.85714285714286,0.021667496442431027
Cytb,Aves,Turdus_rufopalliatus,A>T,0.0,14,1140,113.0,0.0
Cytb,Aves,Turdus_rufopalliatus,C>A,0.0,14,1140,74.14285714285714,0.0
Cytb,Aves,Turdus_rufopalliatus,C>G,0.0,14,1140,74.14285714285714,0.0
Cytb,Aves,Turdus_rufopalliatus,C>T,0.99999,14,1140,208.6428571428571,0.01625235158219286
Cytb,Aves,Turdus_rufopalliatus,G>A,0.99999,14,1140,15.428571428571423,0.21978295820178403
Cytb,Aves,Turdus_rufopalliatus,G>C,0.0,14,1140,10.42857142857143,0.0
Cytb,Aves,Turdus_rufopalliatus,G>T,0.0,14,1140,10.42857142857143,0.0
Cytb,Aves,Turdus_rufopalliatus,T>A,0.0,14,1140,16.57142857142857,0.0
Cytb,Aves,Turdus_rufopalliatus,T>C,8.990701,14,1140,41.07142857142857,0.742297193773592
Cytb,Aves,Turdus_rufopalliatus,T>G,0.0,14,1140,16.57142857142857,0.0
Cytb,Aves,Corvus_macrorhynchos,A>C,0.0,86,1140,114.94186046511616,0.0
Cytb,Aves,Corvus_macrorhynchos,A>G,20.414533,86,1140,157.1744186046513,0.07599119184881621
Cytb,Aves,Corvus_macrorhynchos,A>T,0.0,86,1140,114.94186046511616,0.0
Cytb,Aves,Corvus_macrorhynchos,C>A,1.936285,86,1140,61.046511627907,0.018557270488251374
Cytb,Aves,Corvus_macrorhynchos,C>G,0.0,86,1140,61.046511627907,0.0
Cytb,Aves,Corvus_macrorhynchos,C>T,22.299196,86,1140,206.4883720930231,0.06318285897185436
Cytb,Aves,Corvus_macrorhynchos,G>A,11.8187,86,1140,14.430232558139538,0.47918371226803375
Cytb,Aves,Corvus_macrorhynchos,G>C,0.0,86,1140,10.62790697674419,0.0
Cytb,Aves,Corvus_macrorhynchos,G>T,2.0,86,1140,10.62790697674419,0.11010015243702817
Cytb,Aves,Corvus_macrorhynchos,T>A,0.0,86,1140,25.151162790697693,0.0
Cytb,Aves,Corvus_macrorhynchos,T>C,20.760376,86,1140,48.01162790697672,0.2529848139860162
Cytb,Aves,Corvus_macrorhynchos,T>G,0.0,86,1140,25.151162790697693,0.0
Cytb,Aves,Setophaga_castanea,A>C,1.0,17,1104,97.94117647058825,0.02121799392816123
Cytb,Aves,Setophaga_castanea,A>G,3.99748,17,1104,138.99999999999997,0.05976420359823532
Cytb,Aves,Setophaga_castanea,A>T,0.0,17,1104,97.94117647058825,0.0
Cytb,Aves,Setophaga_castanea,C>A,0.0,17,1104,72.58823529411765,0.0
Cytb,Aves,Setophaga_castanea,C>G,0.0,17,1104,72.58823529411765,0.0
Cytb,Aves,Setophaga_castanea,C>T,3.99986,17,1104,207.7058823529412,0.04001894467492754
Cytb,Aves,Setophaga_castanea,G>A,3.99687,17,1104,11.0,0.7550869681662934
Cytb,Aves,Setophaga_castanea,G>C,0.0,17,1104,7.0,0.0
Cytb,Aves,Setophaga_castanea,G>T,0.0,17,1104,7.0,0.0
Cytb,Aves,Setophaga_castanea,T>A,0.0,17,1104,27.470588235294127,0.0
Cytb,Aves,Setophaga_castanea,T>C,2.99889,17,1104,50.29411764705881,0.12391188963238249
Cytb,Aves,Setophaga_castanea,T>G,0.0,17,1104,27.470588235294127,0.0
Cytb,Aves,Loxia_curvirostra,A>C,0.99996,9,1140,106.77777777777776,0.01782993637433747
Cytb,Aves,Loxia_curvirostra,A>G,6.98877,9,1140,153.0,0.08696757513141352
Cytb,Aves,Loxia_curvirostra,A>T,0.0,9,1140,106.77777777777776,0.0
Cytb,Aves,Loxia_curvirostra,C>A,0.0,9,1140,76.88888888888889,0.0
Cytb,Aves,Loxia_curvirostra,C>G,0.0,9,1140,76.88888888888889,0.0
Cytb,Aves,Loxia_curvirostra,C>T,5.86316,9,1140,224.22222222222223,0.049785300991926
Cytb,Aves,Loxia_curvirostra,G>A,0.98567,9,1140,9.11111111111111,0.20597202527168865
Cytb,Aves,Loxia_curvirostra,G>C,0.0,9,1140,8.0,0.0
Cytb,Aves,Loxia_curvirostra,G>T,0.99975,9,1140,8.0,0.23793014517142314
Cytb,Aves,Loxia_curvirostra,T>A,0.0,9,1140,20.88888888888889,0.0
Cytb,Aves,Loxia_curvirostra,T>C,7.849754,9,1140,37.22222222222222,0.4015150170592113
Cytb,Aves,Loxia_curvirostra,T>G,0.0,9,1140,20.88888888888889,0.0
Cytb,Aves,Setophaga_coronata,A>C,1.0,23,1104,99.26086956521736,0.026831358704175256
Cytb,Aves,Setophaga_coronata,A>G,6.0,23,1104,140.34782608695645,0.11385872104392589
Cytb,Aves,Setophaga_coronata,A>T,0.0,23,1104,99.26086956521736,0.0
Cytb,Aves,Setophaga_coronata,C>A,1.0,23,1104,72.08695652173914,0.03694571285985047
Cytb,Aves,Setophaga_coronata,C>G,1.0,23,1104,72.08695652173914,0.03694571285985047
Cytb,Aves,Setophaga_coronata,C>T,7.99972,23,1104,214.13043478260872,0.09949863628331342
Cytb,Aves,Setophaga_coronata,G>A,1.0,23,1104,7.739130434782607,0.3441347860765849
Cytb,Aves,Setophaga_coronata,G>C,0.0,23,1104,4.652173913043478,0.0
Cytb,Aves,Setophaga_coronata,G>T,0.0,23,1104,4.652173913043478,0.0
Cytb,Aves,Setophaga_coronata,T>A,0.0,23,1104,28.82608695652173,0.0
Cytb,Aves,Setophaga_coronata,T>C,5.9980899999999995,23,1104,46.73913043478261,0.3417850721722997
Cytb,Aves,Setophaga_coronata,T>G,0.0,23,1104,28.82608695652173,0.0
Cytb,Aves,Cardellina_canadensis,A>C,0.0,15,1083,94.0,0.0
Cytb,Aves,Cardellina_canadensis,A>G,1.0,15,1083,138.0,0.04028945556045712
Cytb,Aves,Cardellina_canadensis,A>T,0.0,15,1083,94.0,0.0
Cytb,Aves,Cardellina_canadensis,C>A,0.99891,15,1083,78.46666666666667,0.07078017664533999
Cytb,Aves,Cardellina_canadensis,C>G,0.0,15,1083,78.46666666666667,0.0
Cytb,Aves,Cardellina_canadensis,C>T,3.99686,15,1083,202.9333333333333,0.10950552517652205
Cytb,Aves,Cardellina_canadensis,G>A,0.0,15,1083,6.200000000000001,0.0
Cytb,Aves,Cardellina_canadensis,G>C,0.0,15,1083,4.2,0.0
Cytb,Aves,Cardellina_canadensis,G>T,0.0,15,1083,4.2,0.0
Cytb,Aves,Cardellina_canadensis,T>A,0.0,15,1083,25.33333333333334,0.0
Cytb,Aves,Cardellina_canadensis,T>C,6.9999400000000005,15,1083,49.93333333333334,0.7794248426176809
Cytb,Aves,Cardellina_canadensis,T>G,0.0,15,1083,25.33333333333334,0.0
Cytb,Aves,Otus_elegans,A>C,0.0,14,1140,94.57142857142856,0.0
Cytb,Aves,Otus_elegans,A>G,2.741691,14,1140,137.21428571428575,0.04048596737129688
Cytb,Aves,Otus_elegans,A>T,0.0,14,1140,94.57142857142856,0.0
Cytb,Aves,Otus_elegans,C>A,0.0,14,1140,95.64285714285715,0.0
Cytb,Aves,Otus_elegans,C>G,0.0,14,1140,95.64285714285715,0.0
Cytb,Aves,Otus_elegans,C>T,4.869017,14,1140,226.64285714285717,0.04352959214243539
Cytb,Aves,Otus_elegans,G>A,1.99997,14,1140,11.35714285714286,0.3568122335899323
Cytb,Aves,Otus_elegans,G>C,1.0,14,1140,5.928571428571429,0.3417710611490452
Cytb,Aves,Otus_elegans,G>T,0.0,14,1140,5.928571428571429,0.0
Cytb,Aves,Otus_elegans,T>A,0.0,14,1140,19.785714285714285,0.0
Cytb,Aves,Otus_elegans,T>C,4.437384,14,1140,41.35714285714285,0.2174011457472902
Cytb,Aves,Otus_elegans,T>G,0.0,14,1140,19.785714285714285,0.0
Cytb,Aves,Poephila_acuticauda,A>C,0.0,22,1140,115.0,0.0
Cytb,Aves,Poephila_acuticauda,A>G,5.9754000000000005,22,1140,158.13636363636363,0.05823491209440931
Cytb,Aves,Poephila_acuticauda,A>T,0.0,22,1140,115.0,0.0
Cytb,Aves,Poephila_acuticauda,C>A,1.0,22,1140,77.77272727272728,0.01981622207806829
Cytb,Aves,Poephila_acuticauda,C>G,0.0,22,1140,77.77272727272728,0.0
Cytb,Aves,Poephila_acuticauda,C>T,4.9957899999999995,22,1140,223.1818181818182,0.03449797097499329
Cytb,Aves,Poephila_acuticauda,G>A,7.98031,22,1140,15.454545454545451,0.7958142570807052
Cytb,Aves,Poephila_acuticauda,G>C,0.0,22,1140,9.999999999999996,0.0
Cytb,Aves,Poephila_acuticauda,G>T,0.0,22,1140,9.999999999999996,0.0
Cytb,Aves,Poephila_acuticauda,T>A,0.0,22,1140,13.772727272727268,0.0
Cytb,Aves,Poephila_acuticauda,T>C,2.0,22,1140,33.63636363636363,0.09163663777182392
Cytb,Aves,Poephila_acuticauda,T>G,0.0,22,1140,13.772727272727268,0.0
Cytb,Aves,Calandrella_brachydactyla,A>C,0.0,15,1140,99.13333333333333,0.0
Cytb,Aves,Calandrella_brachydactyla,A>G,7.964206,15,1140,142.66666666666666,0.11375258710093655
Cytb,Aves,Calandrella_brachydactyla,A>T,0.99977,15,1140,99.13333333333333,0.020550467378283387
Cytb,Aves,Calandrella_brachydactyla,C>A,0.0,15,1140,93.93333333333332,0.0
Cytb,Aves,Calandrella_brachydactyla,C>G,0.99943,15,1140,93.93333333333332,0.021680732928305402
Cytb,Aves,Calandrella_brachydactyla,C>T,7.9920100000000005,15,1140,223.3333333333333,0.07291951690906134
Cytb,Aves,Calandrella_brachydactyla,G>A,2.0,15,1140,10.866666666666664,0.3750377309665566
Cytb,Aves,Calandrella_brachydactyla,G>C,0.0,15,1140,7.933333333333333,0.0
Cytb,Aves,Calandrella_brachydactyla,G>T,0.0,15,1140,7.933333333333333,0.0
Cytb,Aves,Calandrella_brachydactyla,T>A,0.0,15,1140,14.333333333333336,0.0
Cytb,Aves,Calandrella_brachydactyla,T>C,7.956016,15,1140,40.93333333333334,0.3960589647168566
Cytb,Aves,Calandrella_brachydactyla,T>G,0.0,15,1140,14.333333333333336,0.0
Cytb,Aves,Luscinia_brunnea,A>C,0.0,12,1053,101.75,0.0
Cytb,Aves,Luscinia_brunnea,A>G,1.99885,12,1053,143.25,0.04795370952388963
Cytb,Aves,Luscinia_brunnea,A>T,0.0,12,1053,101.75,0.0
Cytb,Aves,Luscinia_brunnea,C>A,0.0,12,1053,71.58333333333334,0.0
Cytb,Aves,Luscinia_brunnea,C>G,0.0,12,1053,71.58333333333334,0.0
Cytb,Aves,Luscinia_brunnea,C>T,6.9706790000000005,12,1053,197.50000000000003,0.12129548024260087
Cytb,Aves,Luscinia_brunnea,G>A,0.99773,12,1053,6.499999999999999,0.5275168161630234
Cytb,Aves,Luscinia_brunnea,G>C,0.0,12,1053,2.1666666666666665,0.0
Cytb,Aves,Luscinia_brunnea,G>T,0.0,12,1053,2.1666666666666665,0.0
Cytb,Aves,Luscinia_brunnea,T>A,0.0,12,1053,21.416666666666664,0.0
Cytb,Aves,Luscinia_brunnea,T>C,3.99999,12,1053,45.33333333333333,0.3032339940704861
Cytb,Aves,Luscinia_brunnea,T>G,0.0,12,1053,21.416666666666664,0.0
Cytb,Aves,Chlorocharis_emiliae,A>C,0.0,23,1140,105.13043478260867,0.0
Cytb,Aves,Chlorocharis_emiliae,A>G,6.580216,23,1140,146.69565217391306,0.12453121124335678
Cytb,Aves,Chlorocharis_emiliae,A>T,0.0,23,1140,105.13043478260867,0.0
Cytb,Aves,Chlorocharis_emiliae,C>A,0.0,23,1140,68.95652173913044,0.0
Cytb,Aves,Chlorocharis_emiliae,C>G,0.0,23,1140,68.95652173913044,0.0
Cytb,Aves,Chlorocharis_emiliae,C>T,9.330165,23,1140,205.17391304347825,0.12624741297116587
Cytb,Aves,Chlorocharis_emiliae,G>A,2.9983500000000003,23,1140,17.217391304347824,0.48347083614937514
Cytb,Aves,Chlorocharis_emiliae,G>C,0.0,23,1140,11.347826086956522,0.0
Cytb,Aves,Chlorocharis_emiliae,G>T,0.0,23,1140,11.347826086956522,0.0
Cytb,Aves,Chlorocharis_emiliae,T>A,0.0,23,1140,27.04347826086957,0.0
Cytb,Aves,Chlorocharis_emiliae,T>C,5.614395,23,1140,58.65217391304349,0.26575053963610223
Cytb,Aves,Chlorocharis_emiliae,T>G,0.0,23,1140,27.04347826086957,0.0
Cytb,Aves,Collocalia_esculenta,A>C,4.690391,11,1125,98.90909090909092,0.08656208930664355
Cytb,Aves,Collocalia_esculenta,A>G,2.417637,11,1125,136.63636363636368,0.03229830197978888
Cytb,Aves,Collocalia_esculenta,A>T,0.99093,11,1125,98.90909090909092,0.01828780823531179
Cytb,Aves,Collocalia_esculenta,C>A,3.780203,11,1125,88.54545454545455,0.07792983259534696
Cytb,Aves,Collocalia_esculenta,C>G,0.0,11,1125,88.54545454545455,0.0
Cytb,Aves,Collocalia_esculenta,C>T,6.576093999999999,11,1125,219.45454545454544,0.05469886621374604
Cytb,Aves,Collocalia_esculenta,G>A,2.164975,11,1125,13.636363636363637,0.2898072223470721
Cytb,Aves,Collocalia_esculenta,G>C,0.0,11,1125,4.727272727272727,0.0
Cytb,Aves,Collocalia_esculenta,G>T,0.0,11,1125,4.727272727272727,0.0
Cytb,Aves,Collocalia_esculenta,T>A,0.0,11,1125,20.454545454545453,0.0
Cytb,Aves,Collocalia_esculenta,T>C,9.936046,11,1125,41.18181818181819,0.4404158793220906
Cytb,Aves,Collocalia_esculenta,T>G,0.0,11,1125,20.454545454545453,0.0
Cytb,Aves,Leiothlypis_peregrina,A>C,1.0,25,1083,102.68,0.014652334994500289
Cytb,Aves,Leiothlypis_peregrina,A>G,9.99985,25,1083,138.76000000000002,0.10842311831283735
Cytb,Aves,Leiothlypis_peregrina,A>T,0.0,25,1083,102.68,0.0
Cytb,Aves,Leiothlypis_peregrina,C>A,0.0,25,1083,79.11999999999999,0.0
Cytb,Aves,Leiothlypis_peregrina,C>G,0.0,25,1083,79.11999999999999,0.0
Cytb,Aves,Leiothlypis_peregrina,C>T,8.996970000000001,25,1083,218.12,0.06205738664401791
Cytb,Aves,Leiothlypis_peregrina,G>A,2.99999,25,1083,12.240000000000002,0.3687492015268216
Cytb,Aves,Leiothlypis_peregrina,G>C,0.0,25,1083,6.360000000000003,0.0
Cytb,Aves,Leiothlypis_peregrina,G>T,0.0,25,1083,6.360000000000003,0.0
Cytb,Aves,Leiothlypis_peregrina,T>A,0.99955,25,1083,15.88,0.09469929039323262
Cytb,Aves,Leiothlypis_peregrina,T>C,6.998,25,1083,29.95999999999999,0.3514186681285902
Cytb,Aves,Leiothlypis_peregrina,T>G,0.0,25,1083,15.88,0.0
Cytb,Aves,Microspingus_cabanisi,A>C,0.0,34,1140,88.47058823529414,0.0
Cytb,Aves,Microspingus_cabanisi,A>G,7.736365,34,1140,133.35294117647055,0.06389847585199188
Cytb,Aves,Microspingus_cabanisi,A>T,0.991831,34,1140,88.47058823529414,0.012347951351658929
Cytb,Aves,Microspingus_cabanisi,C>A,2.0,34,1140,84.73529411764706,0.02599691420399643
Cytb,Aves,Microspingus_cabanisi,C>G,0.0,34,1140,84.73529411764706,0.0
Cytb,Aves,Microspingus_cabanisi,C>T,10.568303,34,1140,224.94117647058837,0.05174786548248863
Cytb,Aves,Microspingus_cabanisi,G>A,0.99998,34,1140,11.558823529411768,0.095287038014653
Cytb,Aves,Microspingus_cabanisi,G>C,0.0,34,1140,5.558823529411765,0.0
Cytb,Aves,Microspingus_cabanisi,G>T,0.0,34,1140,5.558823529411765,0.0
Cytb,Aves,Microspingus_cabanisi,T>A,0.0,34,1140,26.764705882352946,0.0
Cytb,Aves,Microspingus_cabanisi,T>C,32.73634,34,1140,48.02941176470588,0.7507217550952111
Cytb,Aves,Microspingus_cabanisi,T>G,0.0,34,1140,26.764705882352946,0.0
Cytb,Aves,Phylloscopus_occisinensis,A>C,0.0,14,1140,114.78571428571423,0.0
Cytb,Aves,Phylloscopus_occisinensis,A>G,4.99999,14,1140,149.78571428571428,0.11313491971763319
Cytb,Aves,Phylloscopus_occisinensis,A>T,0.0,14,1140,114.78571428571423,0.0
Cytb,Aves,Phylloscopus_occisinensis,C>A,0.0,14,1140,75.78571428571429,0.0
Cytb,Aves,Phylloscopus_occisinensis,C>G,0.0,14,1140,75.78571428571429,0.0
Cytb,Aves,Phylloscopus_occisinensis,C>T,3.99592,14,1140,218.57142857142856,0.061961414862096637
Cytb,Aves,Phylloscopus_occisinensis,G>A,2.0,14,1140,18.214285714285715,0.3721480802143985
Cytb,Aves,Phylloscopus_occisinensis,G>C,0.0,14,1140,9.214285714285715,0.0
Cytb,Aves,Phylloscopus_occisinensis,G>T,0.0,14,1140,9.214285714285715,0.0
Cytb,Aves,Phylloscopus_occisinensis,T>A,0.0,14,1140,18.214285714285715,0.0
Cytb,Aves,Phylloscopus_occisinensis,T>C,4.99999,14,1140,37.42857142857142,0.4527555852058717
Cytb,Aves,Phylloscopus_occisinensis,T>G,0.0,14,1140,18.214285714285715,0.0
Cytb,Aves,Xiphorhynchus_juruanus,A>C,0.0,9,1002,94.0,0.0
Cytb,Aves,Xiphorhynchus_juruanus,A>G,1.0,9,1002,137.11111111111111,0.02522648649883641
Cytb,Aves,Xiphorhynchus_juruanus,A>T,0.0,9,1002,94.0,0.0
Cytb,Aves,Xiphorhynchus_juruanus,C>A,0.0,9,1002,59.888888888888886,0.0
Cytb,Aves,Xiphorhynchus_juruanus,C>G,0.0,9,1002,59.888888888888886,0.0
Cytb,Aves,Xiphorhynchus_juruanus,C>T,6.99987,9,1002,157.44444444444446,0.15377723609314378
Cytb,Aves,Xiphorhynchus_juruanus,G>A,1.0,9,1002,5.777777777777779,0.5986439296070023
Cytb,Aves,Xiphorhynchus_juruanus,G>C,0.0,9,1002,2.888888888888889,0.0
Cytb,Aves,Xiphorhynchus_juruanus,G>T,0.0,9,1002,2.888888888888889,0.0
Cytb,Aves,Xiphorhynchus_juruanus,T>A,0.0,9,1002,24.0,0.0
Cytb,Aves,Xiphorhynchus_juruanus,T>C,3.99998,9,1002,62.22222222222221,0.2223523478010174
Cytb,Aves,Xiphorhynchus_juruanus,T>G,0.0,9,1002,24.0,0.0
Cytb,Aves,Falco_cherrug,A>C,1.0,12,1137,107.0,0.03051868250854518
Cytb,Aves,Falco_cherrug,A>G,5.717842,12,1137,154.91666666666666,0.12052678318855305
Cytb,Aves,Falco_cherrug,A>T,0.9988,12,1137,107.0,0.03048206008953493
Cytb,Aves,Falco_cherrug,C>A,0.0,12,1137,78.08333333333333,0.0
Cytb,Aves,Falco_cherrug,C>G,0.0,12,1137,78.08333333333333,0.0
Cytb,Aves,Falco_cherrug,C>T,2.99672,12,1137,216.00000000000003,0.04530456596495279
Cytb,Aves,Falco_cherrug,G>A,2.99907,12,1137,12.666666666666668,0.7731679082484141
Cytb,Aves,Falco_cherrug,G>C,0.0,12,1137,9.583333333333334,0.0
Cytb,Aves,Falco_cherrug,G>T,0.0,12,1137,9.583333333333334,0.0
Cytb,Aves,Falco_cherrug,T>A,0.0,12,1137,16.916666666666664,0.0
Cytb,Aves,Falco_cherrug,T>C,0.0,12,1137,44.583333333333336,0.0
Cytb,Aves,Falco_cherrug,T>G,0.0,12,1137,16.916666666666664,0.0
Cytb,Aves,Paradisaea_raggiana,A>C,0.0,25,1140,121.84000000000005,0.0
Cytb,Aves,Paradisaea_raggiana,A>G,4.9909,25,1140,162.79999999999998,0.04612218256632491
Cytb,Aves,Paradisaea_raggiana,A>T,1.99855,25,1140,121.84000000000005,0.02467803128742699
Cytb,Aves,Paradisaea_raggiana,C>A,2.99678,25,1140,53.76,0.08386504501934926
Cytb,Aves,Paradisaea_raggiana,C>G,0.0,25,1140,53.76,0.0
Cytb,Aves,Paradisaea_raggiana,C>T,17.651654999999998,25,1140,193.6,0.13717199674675148
Cytb,Aves,Paradisaea_raggiana,G>A,0.9991,25,1140,13.119999999999996,0.11456725477576625
Cytb,Aves,Paradisaea_raggiana,G>C,0.0,25,1140,7.120000000000004,0.0
Cytb,Aves,Paradisaea_raggiana,G>T,0.0,25,1140,7.120000000000004,0.0
Cytb,Aves,Paradisaea_raggiana,T>A,0.0,25,1140,25.52,0.0
Cytb,Aves,Paradisaea_raggiana,T>C,23.625826,25,1140,59.87999999999999,0.5935954896043811
Cytb,Aves,Paradisaea_raggiana,T>G,0.0,25,1140,25.52,0.0
Cytb,Aves,Empidonax_flaviventris,A>C,0.0,29,1140,90.03448275862067,0.0
Cytb,Aves,Empidonax_flaviventris,A>G,4.99985,29,1140,138.27586206896552,0.05526584162174275
Cytb,Aves,Empidonax_flaviventris,A>T,0.0,29,1140,90.03448275862067,0.0
Cytb,Aves,Empidonax_flaviventris,C>A,1.0,29,1140,70.79310344827589,0.02159012894139268
Cytb,Aves,Empidonax_flaviventris,C>G,1.9895100000000001,29,1140,70.79310344827589,0.042953777430190146
Cytb,Aves,Empidonax_flaviventris,C>T,17.557554,29,1140,192.6206896551724,0.13931801142373246
Cytb,Aves,Empidonax_flaviventris,G>A,4.99961,29,1140,13.758620689655167,0.5554019724683119
Cytb,Aves,Empidonax_flaviventris,G>C,0.0,29,1140,9.034482758620692,0.0
Cytb,Aves,Empidonax_flaviventris,G>T,0.0,29,1140,9.034482758620692,0.0
Cytb,Aves,Empidonax_flaviventris,T>A,0.0,29,1140,37.103448275862064,0.0
Cytb,Aves,Empidonax_flaviventris,T>C,8.4064,29,1140,69.27586206896552,0.18547026811463008
Cytb,Aves,Empidonax_flaviventris,T>G,0.0,29,1140,37.103448275862064,0.0
Cytb,Aves,Carpodacus_vinaceus,A>C,0.0,14,1119,99.85714285714285,0.0
Cytb,Aves,Carpodacus_vinaceus,A>G,7.498541,14,1119,133.57142857142858,0.13560262329585993
Cytb,Aves,Carpodacus_vinaceus,A>T,0.0,14,1119,99.85714285714285,0.0
Cytb,Aves,Carpodacus_vinaceus,C>A,0.0,14,1119,74.85714285714285,0.0
Cytb,Aves,Carpodacus_vinaceus,C>G,0.0,14,1119,74.85714285714285,0.0
Cytb,Aves,Carpodacus_vinaceus,C>T,0.99862,14,1119,216.14285714285708,0.011160001767121504
Cytb,Aves,Carpodacus_vinaceus,G>A,7.3485570000000004,14,1119,26.428571428571427,0.6716349236382151
Cytb,Aves,Carpodacus_vinaceus,G>C,0.0,14,1119,18.285714285714285,0.0
Cytb,Aves,Carpodacus_vinaceus,G>T,0.0,14,1119,18.285714285714285,0.0
Cytb,Aves,Carpodacus_vinaceus,T>A,0.0,14,1119,21.0,0.0
Cytb,Aves,Carpodacus_vinaceus,T>C,2.9965599999999997,14,1119,39.85714285714285,0.1816024512988036
Cytb,Aves,Carpodacus_vinaceus,T>G,0.0,14,1119,21.0,0.0
Cytb,Aves,Setophaga_magnolia,A>C,0.0,28,1104,98.89285714285715,0.0
Cytb,Aves,Setophaga_magnolia,A>G,7.99977,28,1104,137.99999999999997,0.059758357317305236
Cytb,Aves,Setophaga_magnolia,A>T,1.0,28,1104,98.89285714285715,0.010424021822898416
Cytb,Aves,Setophaga_magnolia,C>A,0.0,28,1104,81.17857142857144,0.0
Cytb,Aves,Setophaga_magnolia,C>G,0.0,28,1104,81.17857142857144,0.0
Cytb,Aves,Setophaga_magnolia,C>T,3.99996,28,1104,220.25000000000003,0.01872147091710163
Cytb,Aves,Setophaga_magnolia,G>A,6.99991,28,1104,12.964285714285712,0.5566011493739988
Cytb,Aves,Setophaga_magnolia,G>C,0.0,28,1104,9.107142857142854,0.0
Cytb,Aves,Setophaga_magnolia,G>T,0.0,28,1104,9.107142857142854,0.0
Cytb,Aves,Setophaga_magnolia,T>A,0.0,28,1104,17.928571428571423,0.0
Cytb,Aves,Setophaga_magnolia,T>C,12.99384,28,1104,37.785714285714285,0.354495000568696
Cytb,Aves,Setophaga_magnolia,T>G,0.0,28,1104,17.928571428571423,0.0
Cytb,Aves,Sholicola_albiventris,A>C,0.872465,12,1035,108.33333333333336,0.03664568769397578
Cytb,Aves,Sholicola_albiventris,A>G,1.828457,12,1035,147.0,0.05659843012825708
Cytb,Aves,Sholicola_albiventris,A>T,0.0,12,1035,108.33333333333336,0.0
Cytb,Aves,Sholicola_albiventris,C>A,0.0,12,1035,61.33333333333333,0.0
Cytb,Aves,Sholicola_albiventris,C>G,0.99988,12,1035,61.33333333333333,0.07418024815946316
Cytb,Aves,Sholicola_albiventris,C>T,6.481745,12,1035,197.0833333333333,0.14965078901150197
Cytb,Aves,Sholicola_albiventris,G>A,1.0,12,1035,10.166666666666666,0.44756733632105433
Cytb,Aves,Sholicola_albiventris,G>C,0.0,12,1035,6.833333333333333,0.0
Cytb,Aves,Sholicola_albiventris,G>T,0.0,12,1035,6.833333333333333,0.0
Cytb,Aves,Sholicola_albiventris,T>A,0.0,12,1035,19.416666666666668,0.0
Cytb,Aves,Sholicola_albiventris,T>C,1.99999,12,1035,38.66666666666666,0.23535750868574776
Cytb,Aves,Sholicola_albiventris,T>G,0.0,12,1035,19.416666666666668,0.0
Cytb,Aves,Lepidothrix_iris,A>C,0.0,26,966,70.53846153846155,0.0
Cytb,Aves,Lepidothrix_iris,A>G,5.769779,26,966,113.49999999999996,0.10114535776306202
Cytb,Aves,Lepidothrix_iris,A>T,0.0,26,966,70.53846153846155,0.0
Cytb,Aves,Lepidothrix_iris,C>A,0.0,26,966,56.03846153846153,0.0
Cytb,Aves,Lepidothrix_iris,C>G,0.0,26,966,56.03846153846153,0.0
Cytb,Aves,Lepidothrix_iris,C>T,10.814398,26,966,140.57692307692307,0.15306325800169227
Cytb,Aves,Lepidothrix_iris,G>A,2.99664,26,966,11.57692307692308,0.5150199619320496
Cytb,Aves,Lepidothrix_iris,G>C,0.0,26,966,4.846153846153847,0.0
Cytb,Aves,Lepidothrix_iris,G>T,0.0,26,966,4.846153846153847,0.0
Cytb,Aves,Lepidothrix_iris,T>A,1.0,26,966,32.19230769230769,0.061805984367783416
Cytb,Aves,Lepidothrix_iris,T>C,6.99292,26,966,82.34615384615384,0.16896543793541285
Cytb,Aves,Lepidothrix_iris,T>G,0.0,26,966,32.19230769230769,0.0
Cytb,Aves,Sciaphylax_hemimelaena,A>C,0.0,17,981,79.58823529411764,0.0
Cytb,Aves,Sciaphylax_hemimelaena,A>G,1.91171,17,981,120.7058823529412,0.060663867044703654
Cytb,Aves,Sciaphylax_hemimelaena,A>T,0.0,17,981,79.58823529411764,0.0
Cytb,Aves,Sciaphylax_hemimelaena,C>A,1.0,17,981,66.17647058823529,0.057880585177427266
Cytb,Aves,Sciaphylax_hemimelaena,C>G,1.0,17,981,66.17647058823529,0.057880585177427266
Cytb,Aves,Sciaphylax_hemimelaena,C>T,4.91306,17,981,176.0,0.10692417656694088
Cytb,Aves,Sciaphylax_hemimelaena,G>A,0.0,17,981,5.411764705882352,0.0
Cytb,Aves,Sciaphylax_hemimelaena,G>C,0.0,17,981,3.235294117647057,0.0
Cytb,Aves,Sciaphylax_hemimelaena,G>T,0.0,17,981,3.235294117647057,0.0
Cytb,Aves,Sciaphylax_hemimelaena,T>A,0.0,17,981,26.58823529411765,0.0
Cytb,Aves,Sciaphylax_hemimelaena,T>C,7.7558,17,981,51.88235294117648,0.5725895950498601
Cytb,Aves,Sciaphylax_hemimelaena,T>G,1.0,17,981,26.58823529411765,0.14406119098364087
Cytb,Aves,Toxostoma_redivivum,A>C,0.0,25,1104,111.08,0.0
Cytb,Aves,Toxostoma_redivivum,A>G,4.99999,25,1104,157.67999999999998,0.03808283795487169
Cytb,Aves,Toxostoma_redivivum,A>T,0.0,25,1104,111.08,0.0
Cytb,Aves,Toxostoma_redivivum,C>A,1.0,25,1104,62.760000000000005,0.01913611822355629
Cytb,Aves,Toxostoma_redivivum,C>G,0.0,25,1104,62.760000000000005,0.0
Cytb,Aves,Toxostoma_redivivum,C>T,2.99998,25,1104,205.55999999999992,0.017527360962617172
Cytb,Aves,Toxostoma_redivivum,G>A,3.99773,25,1104,10.320000000000002,0.46523303177632047
Cytb,Aves,Toxostoma_redivivum,G>C,1.0,25,1104,10.320000000000002,0.11637430035953417
Cytb,Aves,Toxostoma_redivivum,G>T,0.0,25,1104,10.320000000000002,0.0
Cytb,Aves,Toxostoma_redivivum,T>A,0.0,25,1104,20.12,0.0
Cytb,Aves,Toxostoma_redivivum,T>C,10.999130000000001,25,1104,38.440000000000005,0.3436463507231002
Cytb,Aves,Toxostoma_redivivum,T>G,0.0,25,1104,20.12,0.0
Cytb,Aves,Xiphorhynchus_susurrans,A>C,0.0,15,1002,93.13333333333335,0.0
Cytb,Aves,Xiphorhynchus_susurrans,A>G,3.835315,15,1002,139.8,0.16773178969985567
Cytb,Aves,Xiphorhynchus_susurrans,A>T,0.0,15,1002,93.13333333333335,0.0
Cytb,Aves,Xiphorhynchus_susurrans,C>A,0.0,15,1002,56.2,0.0
Cytb,Aves,Xiphorhynchus_susurrans,C>G,0.0,15,1002,56.2,0.0
Cytb,Aves,Xiphorhynchus_susurrans,C>T,7.35179,15,1002,145.0,0.309989229242036
Cytb,Aves,Xiphorhynchus_susurrans,G>A,0.0,15,1002,5.066666666666666,0.0
Cytb,Aves,Xiphorhynchus_susurrans,G>C,0.0,15,1002,3.0000000000000004,0.0
Cytb,Aves,Xiphorhynchus_susurrans,G>T,0.0,15,1002,3.0000000000000004,0.0
Cytb,Aves,Xiphorhynchus_susurrans,T>A,0.0,15,1002,27.733333333333334,0.0
Cytb,Aves,Xiphorhynchus_susurrans,T>C,6.372647000000001,15,1002,74.60000000000001,0.5222789810581084
Cytb,Aves,Xiphorhynchus_susurrans,T>G,0.0,15,1002,27.733333333333334,0.0
Cytb,Aves,Symposiachrus_trivirgatus,A>C,0.495676,29,1140,121.2758620689655,0.006616157479497867
Cytb,Aves,Symposiachrus_trivirgatus,A>G,7.261458,29,1140,160.44827586206898,0.07326070404455302
Cytb,Aves,Symposiachrus_trivirgatus,A>T,0.0,29,1140,121.2758620689655,0.0
Cytb,Aves,Symposiachrus_trivirgatus,C>A,0.605074,29,1140,60.10344827586209,0.01629639021925022
Cytb,Aves,Symposiachrus_trivirgatus,C>G,0.0,29,1140,60.10344827586209,0.0
Cytb,Aves,Symposiachrus_trivirgatus,C>T,8.990310000000001,29,1140,213.27586206896547,0.06823626920858382
Cytb,Aves,Symposiachrus_trivirgatus,G>A,3.303496,29,1140,11.965517241379308,0.44691468091089576
Cytb,Aves,Symposiachrus_trivirgatus,G>C,0.98602,29,1140,7.620689655172415,0.20944681527967512
Cytb,Aves,Symposiachrus_trivirgatus,G>T,0.0,29,1140,7.620689655172415,0.0
Cytb,Aves,Symposiachrus_trivirgatus,T>A,0.0,29,1140,22.3103448275862,0.0
Cytb,Aves,Symposiachrus_trivirgatus,T>C,4.997669999999999,29,1140,45.13793103448274,0.17922898285754413
Cytb,Aves,Symposiachrus_trivirgatus,T>G,0.0,29,1140,22.3103448275862,0.0
Cytb,Aves,Oenanthe_oenanthe,A>C,2.0,38,1140,107.078947368421,0.02609540711917551
Cytb,Aves,Oenanthe_oenanthe,A>G,3.9999700000000002,38,1140,150.07894736842107,0.03723703847144953
Cytb,Aves,Oenanthe_oenanthe,A>T,0.0,38,1140,107.078947368421,0.0
Cytb,Aves,Oenanthe_oenanthe,C>A,1.0,38,1140,80.02631578947373,0.017458436627412866
Cytb,Aves,Oenanthe_oenanthe,C>G,0.0,38,1140,80.02631578947373,0.0
Cytb,Aves,Oenanthe_oenanthe,C>T,11.99914,38,1140,218.9473684210526,0.0765682224827616
Cytb,Aves,Oenanthe_oenanthe,G>A,3.0,38,1140,12.210526315789478,0.3432614598101026
Cytb,Aves,Oenanthe_oenanthe,G>C,0.0,38,1140,9.184210526315788,0.0
Cytb,Aves,Oenanthe_oenanthe,G>T,0.0,38,1140,9.184210526315788,0.0
Cytb,Aves,Oenanthe_oenanthe,T>A,0.0,38,1140,20.631578947368435,0.0
Cytb,Aves,Oenanthe_oenanthe,T>C,15.99975,38,1140,44.763157894736814,0.49937943548909786
Cytb,Aves,Oenanthe_oenanthe,T>G,0.0,38,1140,20.631578947368435,0.0
Cytb,Aves,Criniger_calurus,A>C,0.0,23,1005,88.86956521739128,0.0
Cytb,Aves,Criniger_calurus,A>G,8.668273,23,1005,126.4347826086956,0.07363426948338415
Cytb,Aves,Criniger_calurus,A>T,0.0,23,1005,88.86956521739128,0.0
Cytb,Aves,Criniger_calurus,C>A,0.330895,23,1005,68.3478260869565,0.005199714125479019
Cytb,Aves,Criniger_calurus,C>G,0.373644,23,1005,68.3478260869565,0.005871475799575341
Cytb,Aves,Criniger_calurus,C>T,14.554819,23,1005,191.00000000000003,0.08184410614526073
Cytb,Aves,Criniger_calurus,G>A,5.65715,23,1005,13.434782608695656,0.4522525445136717
Cytb,Aves,Criniger_calurus,G>C,0.729478,23,1005,9.347826086956523,0.0838138022371146
Cytb,Aves,Criniger_calurus,G>T,0.0,23,1005,9.347826086956523,0.0
Cytb,Aves,Criniger_calurus,T>A,0.0,23,1005,16.913043478260864,0.0
Cytb,Aves,Criniger_calurus,T>C,9.799419,23,1005,35.391304347826086,0.29738408769551444
Cytb,Aves,Criniger_calurus,T>G,0.0,23,1005,16.913043478260864,0.0
Cytb,Aves,Bleda_canicapillus,A>C,0.0,31,951,98.96774193548389,0.0
Cytb,Aves,Bleda_canicapillus,A>G,16.451402,31,951,130.70967741935482,0.12405690591548792
Cytb,Aves,Bleda_canicapillus,A>T,3.0,31,951,98.96774193548389,0.029878126844138007
Cytb,Aves,Bleda_canicapillus,C>A,2.9849259999999997,31,951,57.64516129032257,0.05103833329326345
Cytb,Aves,Bleda_canicapillus,C>G,0.0,31,951,57.64516129032257,0.0
Cytb,Aves,Bleda_canicapillus,C>T,14.809784,31,951,182.90322580645167,0.07980923220406372
Cytb,Aves,Bleda_canicapillus,G>A,5.3873,31,951,13.51612903225806,0.39286614452593405
Cytb,Aves,Bleda_canicapillus,G>C,0.0,31,951,10.806451612903222,0.0
Cytb,Aves,Bleda_canicapillus,G>T,0.0,31,951,10.806451612903222,0.0
Cytb,Aves,Bleda_canicapillus,T>A,0.0,31,951,15.451612903225811,0.0
Cytb,Aves,Bleda_canicapillus,T>C,10.570843,31,951,32.32258064516128,0.32235125721711283
Cytb,Aves,Bleda_canicapillus,T>G,0.0,31,951,15.451612903225811,0.0
Cytb,Aves,Antigone_antigone,A>C,1.99875,9,1140,98.66666666666666,0.09748495653935933
Cytb,Aves,Antigone_antigone,A>G,0.0,9,1140,147.88888888888889,0.0
Cytb,Aves,Antigone_antigone,A>T,0.0,9,1140,98.66666666666666,0.0
Cytb,Aves,Antigone_antigone,C>A,3.0,9,1140,86.66666666666667,0.1665784219116776
Cytb,Aves,Antigone_antigone,C>G,0.0,9,1140,86.66666666666667,0.0
Cytb,Aves,Antigone_antigone,C>T,2.998,9,1140,221.44444444444443,0.06515030020658027
Cytb,Aves,Antigone_antigone,G>A,0.0,9,1140,6.0,0.0
Cytb,Aves,Antigone_antigone,G>C,0.0,9,1140,4.000000000000001,0.0
Cytb,Aves,Antigone_antigone,G>T,0.0,9,1140,4.000000000000001,0.0
Cytb,Aves,Antigone_antigone,T>A,1.9981200000000001,9,1140,24.777777777777786,0.3880688603652104
Cytb,Aves,Antigone_antigone,T>C,2.70247,9,1140,46.0,0.28271746097717243
Cytb,Aves,Antigone_antigone,T>G,0.0,9,1140,24.777777777777786,0.0
Cytb,Aves,Hirundo_rustica,A>C,1.9990999999999999,205,1140,115.43414634146336,0.005261831389933039
Cytb,Aves,Hirundo_rustica,A>G,37.97257,205,1140,161.7804878048779,0.07131494550439174
Cytb,Aves,Hirundo_rustica,A>T,1.0,205,1140,115.43414634146336,0.002632100140029533
Cytb,Aves,Hirundo_rustica,C>A,3.99922,205,1140,65.34146341463416,0.018596154368108894
Cytb,Aves,Hirundo_rustica,C>G,0.0,205,1140,65.34146341463416,0.0
Cytb,Aves,Hirundo_rustica,C>T,66.342412,205,1140,210.0634146341465,0.09595719408770521
Cytb,Aves,Hirundo_rustica,G>A,26.99286,205,1140,18.28780487804873,0.4484603243804529
Cytb,Aves,Hirundo_rustica,G>C,0.0,205,1140,14.487804878048772,0.0
Cytb,Aves,Hirundo_rustica,G>T,1.0,205,1140,14.487804878048772,0.02097172313591208
Cytb,Aves,Hirundo_rustica,T>A,0.0,205,1140,20.30731707317069,0.0
Cytb,Aves,Hirundo_rustica,T>C,42.314385,205,1140,39.94634146341461,0.3218457117660986
Cytb,Aves,Hirundo_rustica,T>G,0.99988,205,1140,20.30731707317069,0.014960015227368081
Cytb,Aves,Halcyon_senegalensis,A>C,1.4537,18,1140,93.22222222222224,0.015778202680732382
Cytb,Aves,Halcyon_senegalensis,A>G,0.0,18,1140,137.83333333333337,0.0
Cytb,Aves,Halcyon_senegalensis,A>T,0.0,18,1140,93.22222222222224,0.0
Cytb,Aves,Halcyon_senegalensis,C>A,0.0,18,1140,88.55555555555554,0.0
Cytb,Aves,Halcyon_senegalensis,C>G,0.0,18,1140,88.55555555555554,0.0
Cytb,Aves,Halcyon_senegalensis,C>T,2.962058,18,1140,227.44444444444449,0.013177117436343857
Cytb,Aves,Halcyon_senegalensis,G>A,4.451384,18,1140,6.722222222222223,0.67001478574108
Cytb,Aves,Halcyon_senegalensis,G>C,0.4379,18,1140,2.3888888888888897,0.18547320906287187
Cytb,Aves,Halcyon_senegalensis,G>T,0.0,18,1140,2.3888888888888897,0.0
Cytb,Aves,Halcyon_senegalensis,T>A,0.0,18,1140,27.94444444444445,0.0
Cytb,Aves,Halcyon_senegalensis,T>C,4.980696,18,1140,43.61111111111112,0.11555668507897195
Cytb,Aves,Halcyon_senegalensis,T>G,0.0,18,1140,27.94444444444445,0.0
Cytb,Aves,Chamaea_fasciata,A>C,0.99957,33,1140,101.27272727272732,0.04840686185353905
Cytb,Aves,Chamaea_fasciata,A>G,7.99833,33,1140,147.5454545454545,0.2658641044861153
Cytb,Aves,Chamaea_fasciata,A>T,1.0,33,1140,101.27272727272732,0.04842768575841517
Cytb,Aves,Chamaea_fasciata,C>A,1.99676,33,1140,71.78787878787877,0.1364146360293965
Cytb,Aves,Chamaea_fasciata,C>G,0.0,33,1140,71.78787878787877,0.0
Cytb,Aves,Chamaea_fasciata,C>T,9.9995,33,1140,212.0303030303032,0.23129517441522537
Cytb,Aves,Chamaea_fasciata,G>A,0.0,33,1140,10.3030303030303,0.0
Cytb,Aves,Chamaea_fasciata,G>C,0.0,33,1140,8.242424242424237,0.0
Cytb,Aves,Chamaea_fasciata,G>T,0.0,33,1140,8.242424242424237,0.0
Cytb,Aves,Chamaea_fasciata,T>A,0.0,33,1140,33.03030303030303,0.0
Cytb,Aves,Chamaea_fasciata,T>C,2.99999,33,1140,54.57575757575755,0.2695915374573087
Cytb,Aves,Chamaea_fasciata,T>G,0.0,33,1140,33.03030303030303,0.0
Cytb,Aves,Larus_cachinnans,A>C,0.0,10,1140,104.2,0.0
Cytb,Aves,Larus_cachinnans,A>G,5.0,10,1140,155.2,0.3402855166185225
Cytb,Aves,Larus_cachinnans,A>T,0.0,10,1140,104.2,0.0
Cytb,Aves,Larus_cachinnans,C>A,0.0,10,1140,66.2,0.0
Cytb,Aves,Larus_cachinnans,C>G,0.0,10,1140,66.2,0.0
Cytb,Aves,Larus_cachinnans,C>T,2.99789,10,1140,193.1,0.16398291305943655
Cytb,Aves,Larus_cachinnans,G>A,0.0,10,1140,10.8,0.0
Cytb,Aves,Larus_cachinnans,G>C,0.0,10,1140,6.8,0.0
Cytb,Aves,Larus_cachinnans,G>T,0.0,10,1140,6.8,0.0
Cytb,Aves,Larus_cachinnans,T>A,0.0,10,1140,28.899999999999995,0.0
Cytb,Aves,Larus_cachinnans,T>C,2.99904,10,1140,63.89999999999999,0.4957315703220409
Cytb,Aves,Larus_cachinnans,T>G,0.0,10,1140,28.899999999999995,0.0
Cytb,Aves,Alethe_castanea,A>C,0.0,10,1140,100.29999999999998,0.0
Cytb,Aves,Alethe_castanea,A>G,1.9734500000000001,10,1140,142.60000000000002,0.031908891264436204
Cytb,Aves,Alethe_castanea,A>T,0.93784,10,1140,100.29999999999998,0.021559214381474297
Cytb,Aves,Alethe_castanea,C>A,0.880701,10,1140,76.7,0.02647513831329597
Cytb,Aves,Alethe_castanea,C>G,0.0,10,1140,76.7,0.0
Cytb,Aves,Alethe_castanea,C>T,6.4920480000000005,10,1140,202.1,0.07406627798430493
Cytb,Aves,Alethe_castanea,G>A,1.96754,10,1140,15.499999999999998,0.2926826538546936
Cytb,Aves,Alethe_castanea,G>C,0.0,10,1140,8.8,0.0
Cytb,Aves,Alethe_castanea,G>T,0.0,10,1140,8.8,0.0
Cytb,Aves,Alethe_castanea,T>A,0.0,10,1140,29.9,0.0
Cytb,Aves,Alethe_castanea,T>C,15.550226,10,1140,64.8,0.5533078242017949
Cytb,Aves,Alethe_castanea,T>G,0.0,10,1140,29.9,0.0
Cytb,Aves,Pterodroma_macroptera,A>C,0.0,14,1140,94.0,0.0
Cytb,Aves,Pterodroma_macroptera,A>G,2.95585,14,1140,143.92857142857144,0.06416417332184199
Cytb,Aves,Pterodroma_macroptera,A>T,0.0,14,1140,94.0,0.0
Cytb,Aves,Pterodroma_macroptera,C>A,0.0,14,1140,72.92857142857143,0.0
Cytb,Aves,Pterodroma_macroptera,C>G,0.0,14,1140,72.92857142857143,0.0
Cytb,Aves,Pterodroma_macroptera,C>T,7.764628,14,1140,195.1428571428571,0.12431548287520428
Cytb,Aves,Pterodroma_macroptera,G>A,2.830746,14,1140,12.071428571428571,0.7326549028845587
Cytb,Aves,Pterodroma_macroptera,G>C,0.0,14,1140,4.071428571428571,0.0
Cytb,Aves,Pterodroma_macroptera,G>T,0.0,14,1140,4.071428571428571,0.0
Cytb,Aves,Pterodroma_macroptera,T>A,0.0,14,1140,34.28571428571428,0.0
Cytb,Aves,Pterodroma_macroptera,T>C,1.813842,14,1140,71.85714285714286,0.07886544091839497
Cytb,Aves,Pterodroma_macroptera,T>G,0.0,14,1140,34.28571428571428,0.0
Cytb,Aves,Sclerurus_scansor,A>C,0.0,33,1014,78.09090909090911,0.0
Cytb,Aves,Sclerurus_scansor,A>G,4.034953,33,1014,127.6666666666666,0.027215289729651173
Cytb,Aves,Sclerurus_scansor,A>T,0.0,33,1014,78.09090909090911,0.0
Cytb,Aves,Sclerurus_scansor,C>A,0.0,33,1014,58.15151515151516,0.0
Cytb,Aves,Sclerurus_scansor,C>G,0.0,33,1014,58.15151515151516,0.0
Cytb,Aves,Sclerurus_scansor,C>T,9.72913,33,1014,151.06060606060603,0.05545935121174781
Cytb,Aves,Sclerurus_scansor,G>A,5.262746,33,1014,6.727272727272724,0.6736361363402844
Cytb,Aves,Sclerurus_scansor,G>C,0.0,33,1014,5.393939393939392,0.0
Cytb,Aves,Sclerurus_scansor,G>T,0.708452,33,1014,5.393939393939392,0.11309837610631991
Cytb,Aves,Sclerurus_scansor,T>A,0.0,33,1014,38.63636363636364,0.0
Cytb,Aves,Sclerurus_scansor,T>C,11.921112,33,1014,78.6060606060606,0.13059084661199677
Cytb,Aves,Sclerurus_scansor,T>G,0.0,33,1014,38.63636363636364,0.0
Cytb,Aves,Zosterops_poliogastrus,A>C,0.0,9,1119,105.0,0.0
Cytb,Aves,Zosterops_poliogastrus,A>G,0.383266,9,1119,145.8888888888889,0.008857365897799266
Cytb,Aves,Zosterops_poliogastrus,A>T,0.0,9,1119,105.0,0.0
Cytb,Aves,Zosterops_poliogastrus,C>A,1.0,9,1119,65.22222222222223,0.05169290231187325
Cytb,Aves,Zosterops_poliogastrus,C>G,0.0,9,1119,65.22222222222223,0.0
Cytb,Aves,Zosterops_poliogastrus,C>T,4.9707099999999995,9,1119,207.44444444444449,0.08078730601314
Cytb,Aves,Zosterops_poliogastrus,G>A,1.525858,9,1119,18.666666666666664,0.27559659970541023
Cytb,Aves,Zosterops_poliogastrus,G>C,0.99694,9,1119,13.22222222222222,0.25420909102587375
Cytb,Aves,Zosterops_poliogastrus,G>T,0.0,9,1119,13.22222222222222,0.0
Cytb,Aves,Zosterops_poliogastrus,T>A,0.0,9,1119,26.22222222222222,0.0
Cytb,Aves,Zosterops_poliogastrus,T>C,4.866134,9,1119,49.888888888888886,0.3288567350459036
Cytb,Aves,Zosterops_poliogastrus,T>G,0.0,9,1119,26.22222222222222,0.0
Cytb,Aves,Dicaeum_trigonostigma,A>C,0.0,9,1140,109.55555555555556,0.0
Cytb,Aves,Dicaeum_trigonostigma,A>G,4.865397,9,1140,154.00000000000003,0.08493149966531222
Cytb,Aves,Dicaeum_trigonostigma,A>T,0.0,9,1140,109.55555555555556,0.0
Cytb,Aves,Dicaeum_trigonostigma,C>A,0.0,9,1140,76.0,0.0
Cytb,Aves,Dicaeum_trigonostigma,C>G,0.0,9,1140,76.0,0.0
Cytb,Aves,Dicaeum_trigonostigma,C>T,10.488397,9,1140,207.22222222222223,0.13606424663298508
Cytb,Aves,Dicaeum_trigonostigma,G>A,0.989275,9,1140,8.444444444444445,0.3149322832165133
Cytb,Aves,Dicaeum_trigonostigma,G>C,0.0,9,1140,3.888888888888889,0.0
Cytb,Aves,Dicaeum_trigonostigma,G>T,0.0,9,1140,3.888888888888889,0.0
Cytb,Aves,Dicaeum_trigonostigma,T>A,0.0,9,1140,22.444444444444443,0.0
Cytb,Aves,Dicaeum_trigonostigma,T>C,8.612276,9,1140,49.888888888888886,0.46407197048518933
Cytb,Aves,Dicaeum_trigonostigma,T>G,0.0,9,1140,22.444444444444443,0.0
Cytb,Aves,Hylophylax_naevius,A>C,1.99865,35,1014,85.57142857142857,0.00975869133402913
Cytb,Aves,Hylophylax_naevius,A>G,13.905081000000001,35,1014,130.57142857142858,0.04449477176018878
Cytb,Aves,Hylophylax_naevius,A>T,0.99986,35,1014,85.57142857142857,0.004881957880190312
Cytb,Aves,Hylophylax_naevius,C>A,1.99985,35,1014,71.40000000000003,0.011702612548534818
Cytb,Aves,Hylophylax_naevius,C>G,0.0,35,1014,71.40000000000003,0.0
Cytb,Aves,Hylophylax_naevius,C>T,32.952596,35,1014,169.8857142857143,0.08104316427646803
Cytb,Aves,Hylophylax_naevius,G>A,3.548189,35,1014,4.514285714285715,0.3283986163165309
Cytb,Aves,Hylophylax_naevius,G>C,0.99965,35,1014,1.2571428571428571,0.3322362025870457
Cytb,Aves,Hylophylax_naevius,G>T,0.0,35,1014,1.2571428571428571,0.0
Cytb,Aves,Hylophylax_naevius,T>A,0.0,35,1014,24.400000000000013,0.0
Cytb,Aves,Hylophylax_naevius,T>C,26.551717,35,1014,59.17142857142857,0.1874839832970124
Cytb,Aves,Hylophylax_naevius,T>G,0.0,35,1014,24.400000000000013,0.0
Cytb,Aves,Tarsiger_cyanurus,A>C,0.0,22,1140,109.31818181818184,0.0
Cytb,Aves,Tarsiger_cyanurus,A>G,6.8454429999999995,22,1140,150.77272727272725,0.10256386763361074
Cytb,Aves,Tarsiger_cyanurus,A>T,1.0,22,1140,109.31818181818184,0.020664420074295746
Cytb,Aves,Tarsiger_cyanurus,C>A,0.986091,22,1140,80.81818181818183,0.027562813141976995
Cytb,Aves,Tarsiger_cyanurus,C>G,0.0,22,1140,80.81818181818183,0.0
Cytb,Aves,Tarsiger_cyanurus,C>T,13.574078,22,1140,227.68181818181824,0.13467829547641869
Cytb,Aves,Tarsiger_cyanurus,G>A,1.85099,22,1140,8.909090909090907,0.46933863248232793
Cytb,Aves,Tarsiger_cyanurus,G>C,0.0,22,1140,5.818181818181818,0.0
Cytb,Aves,Tarsiger_cyanurus,G>T,0.0,22,1140,5.818181818181818,0.0
Cytb,Aves,Tarsiger_cyanurus,T>A,0.0,22,1140,20.545454545454543,0.0
Cytb,Aves,Tarsiger_cyanurus,T>C,3.966651,22,1140,36.54545454545454,0.2451919711913699
Cytb,Aves,Tarsiger_cyanurus,T>G,0.0,22,1140,20.545454545454543,0.0
Cytb,Aves,Xenops_minutus,A>C,3.9978,105,1026,91.65714285714276,0.018670901854993118
Cytb,Aves,Xenops_minutus,A>G,17.354933,105,1026,139.1714285714287,0.05338059420586692
Cytb,Aves,Xenops_minutus,A>T,3.995931,105,1026,91.65714285714276,0.01866217307527253
Cytb,Aves,Xenops_minutus,C>A,3.0,105,1026,50.37142857142853,0.0254945607850134
Cytb,Aves,Xenops_minutus,C>G,0.0,105,1026,50.37142857142853,0.0
Cytb,Aves,Xenops_minutus,C>T,50.752149,105,1026,142.26666666666662,0.15270801359672856
Cytb,Aves,Xenops_minutus,G>A,2.997081,105,1026,3.866666666666664,0.33179687674804853
Cytb,Aves,Xenops_minutus,G>C,1.0,105,1026,2.761904761904758,0.15498934711716778
Cytb,Aves,Xenops_minutus,G>T,0.0,105,1026,2.761904761904758,0.0
Cytb,Aves,Xenops_minutus,T>A,0.0,105,1026,36.6285714285714,0.0
Cytb,Aves,Xenops_minutus,T>C,49.286814,105,1026,86.36190476190468,0.24429753261690904
Cytb,Aves,Xenops_minutus,T>G,0.0,105,1026,36.6285714285714,0.0
Cytb,Aves,Parus_major,A>C,0.0,11,1140,94.63636363636364,0.0
Cytb,Aves,Parus_major,A>G,2.626293,11,1140,135.0909090909091,0.12975134668296237
Cytb,Aves,Parus_major,A>T,0.0,11,1140,94.63636363636364,0.0
Cytb,Aves,Parus_major,C>A,0.0,11,1140,96.36363636363636,0.0
Cytb,Aves,Parus_major,C>G,2.0,11,1140,96.36363636363636,0.13851973044729837
Cytb,Aves,Parus_major,C>T,4.99661,11,1140,247.18181818181816,0.13491298539376465
Cytb,Aves,Parus_major,G>A,0.0,11,1140,7.090909090909092,0.0
Cytb,Aves,Parus_major,G>C,0.0,11,1140,3.8181818181818175,0.0
Cytb,Aves,Parus_major,G>T,0.0,11,1140,3.8181818181818175,0.0
Cytb,Aves,Parus_major,T>A,0.0,11,1140,21.181818181818183,0.0
Cytb,Aves,Parus_major,T>C,2.99971,11,1140,33.54545454545455,0.5968159374759746
Cytb,Aves,Parus_major,T>G,0.0,11,1140,21.181818181818183,0.0
Cytb,Aves,Picoides_villosus,A>C,0.0,18,1140,80.1111111111111,0.0
Cytb,Aves,Picoides_villosus,A>G,2.99992,18,1140,119.83333333333336,0.07300723454832263
Cytb,Aves,Picoides_villosus,A>T,0.0,18,1140,80.1111111111111,0.0
Cytb,Aves,Picoides_villosus,C>A,0.0,18,1140,107.7222222222222,0.0
Cytb,Aves,Picoides_villosus,C>G,0.0,18,1140,107.7222222222222,0.0
Cytb,Aves,Picoides_villosus,C>T,9.897221,18,1140,231.6666666666667,0.124590113868278
Cytb,Aves,Picoides_villosus,G>A,2.99999,18,1140,14.166666666666671,0.6175697234228814
Cytb,Aves,Picoides_villosus,G>C,0.0,18,1140,5.944444444444444,0.0
Cytb,Aves,Picoides_villosus,G>T,0.0,18,1140,5.944444444444444,0.0
Cytb,Aves,Picoides_villosus,T>A,0.0,18,1140,18.22222222222222,0.0
Cytb,Aves,Picoides_villosus,T>C,2.99994,18,1140,47.333333333333336,0.184832928160518
Cytb,Aves,Picoides_villosus,T>G,0.0,18,1140,18.22222222222222,0.0
Cytb,Aves,Zosterops_senegalensis,A>C,0.952692,18,1122,104.83333333333334,0.014345816944822636
Cytb,Aves,Zosterops_senegalensis,A>G,4.132764,18,1122,145.33333333333334,0.04488978576823877
Cytb,Aves,Zosterops_senegalensis,A>T,0.0,18,1122,104.83333333333334,0.0
Cytb,Aves,Zosterops_senegalensis,C>A,0.957792,18,1122,65.16666666666666,0.023201595972665096
Cytb,Aves,Zosterops_senegalensis,C>G,0.0,18,1122,65.16666666666666,0.0
Cytb,Aves,Zosterops_senegalensis,C>T,7.99143,18,1122,207.0,0.06094334894186403
Cytb,Aves,Zosterops_senegalensis,G>A,6.880985,18,1122,18.55555555555556,0.585394733493433
Cytb,Aves,Zosterops_senegalensis,G>C,0.0,18,1122,12.500000000000002,0.0
Cytb,Aves,Zosterops_senegalensis,G>T,0.0,18,1122,12.500000000000002,0.0
Cytb,Aves,Zosterops_senegalensis,T>A,1.0,18,1122,26.222222222222225,0.06020085620465239
Cytb,Aves,Zosterops_senegalensis,T>C,6.79529,18,1122,50.83333333333334,0.21102386267432416
Cytb,Aves,Zosterops_senegalensis,T>G,0.0,18,1122,26.222222222222225,0.0
Cytb,Aves,Zoothera_salimalii,A>C,0.0,12,1026,92.41666666666669,0.0
Cytb,Aves,Zoothera_salimalii,A>G,2.99961,12,1026,132.33333333333334,0.06068208467004282
Cytb,Aves,Zoothera_salimalii,A>T,0.0,12,1026,92.41666666666669,0.0
Cytb,Aves,Zoothera_salimalii,C>A,2.0,12,1026,75.5,0.07091661463895237
Cytb,Aves,Zoothera_salimalii,C>G,0.0,12,1026,75.5,0.0
Cytb,Aves,Zoothera_salimalii,C>T,2.99999,12,1026,197.75,0.04061329879564768
Cytb,Aves,Zoothera_salimalii,G>A,3.0,12,1026,15.5,0.51814881341041
Cytb,Aves,Zoothera_salimalii,G>C,0.0,12,1026,11.749999999999998,0.0
Cytb,Aves,Zoothera_salimalii,G>T,0.0,12,1026,11.749999999999998,0.0
Cytb,Aves,Zoothera_salimalii,T>A,0.0,12,1026,12.0,0.0
Cytb,Aves,Zoothera_salimalii,T>C,3.99998,12,1026,34.583333333333336,0.3096391884849471
Cytb,Aves,Zoothera_salimalii,T>G,0.0,12,1026,12.0,0.0
Cytb,Aves,Pyrrhura_roseifrons,A>C,0.0,10,1131,93.8,0.0
Cytb,Aves,Pyrrhura_roseifrons,A>G,3.97103,10,1131,134.79999999999998,0.10768274315817652
Cytb,Aves,Pyrrhura_roseifrons,A>T,0.0,10,1131,93.8,0.0
Cytb,Aves,Pyrrhura_roseifrons,C>A,0.0,10,1131,86.69999999999999,0.0
Cytb,Aves,Pyrrhura_roseifrons,C>G,0.0,10,1131,86.69999999999999,0.0
Cytb,Aves,Pyrrhura_roseifrons,C>T,4.955113,10,1131,227.70000000000005,0.07954691965832451
Cytb,Aves,Pyrrhura_roseifrons,G>A,1.99633,10,1131,18.200000000000003,0.4009532885256656
Cytb,Aves,Pyrrhura_roseifrons,G>C,0.0,10,1131,8.800000000000002,0.0
Cytb,Aves,Pyrrhura_roseifrons,G>T,0.0,10,1131,8.800000000000002,0.0
Cytb,Aves,Pyrrhura_roseifrons,T>A,0.0,10,1131,15.3,0.0
Cytb,Aves,Pyrrhura_roseifrons,T>C,4.990858,10,1131,44.3,0.41181704865783353
Cytb,Aves,Pyrrhura_roseifrons,T>G,0.0,10,1131,15.3,0.0
Cytb,Aves,Ficedula_nigrorufa,A>C,0.0,11,1140,106.9090909090909,0.0
Cytb,Aves,Ficedula_nigrorufa,A>G,2.99996,11,1140,147.9090909090909,0.11273668914328284
Cytb,Aves,Ficedula_nigrorufa,A>T,0.0,11,1140,106.9090909090909,0.0
Cytb,Aves,Ficedula_nigrorufa,C>A,1.99979,11,1140,70.81818181818181,0.15695830489877768
Cytb,Aves,Ficedula_nigrorufa,C>G,0.0,11,1140,70.81818181818181,0.0
Cytb,Aves,Ficedula_nigrorufa,C>T,6.98474,11,1140,209.9090909090909,0.18495397809000744
Cytb,Aves,Ficedula_nigrorufa,G>A,0.0,11,1140,14.272727272727272,0.0
Cytb,Aves,Ficedula_nigrorufa,G>C,0.0,11,1140,10.272727272727272,0.0
Cytb,Aves,Ficedula_nigrorufa,G>T,0.0,11,1140,10.272727272727272,0.0
Cytb,Aves,Ficedula_nigrorufa,T>A,0.0,11,1140,25.090909090909093,0.0
Cytb,Aves,Ficedula_nigrorufa,T>C,4.9949,11,1140,50.90909090909092,0.545351027867932
Cytb,Aves,Ficedula_nigrorufa,T>G,0.0,11,1140,25.090909090909093,0.0
Cytb,Aves,Setophaga_pensylvanica,A>C,0.0,26,1104,96.42307692307692,0.0
Cytb,Aves,Setophaga_pensylvanica,A>G,5.9991200000000005,26,1104,136.3461538461538,0.03626623720247109
Cytb,Aves,Setophaga_pensylvanica,A>T,0.0,26,1104,96.42307692307692,0.0
Cytb,Aves,Setophaga_pensylvanica,C>A,1.99864,26,1104,82.0769230769231,0.020071108006706286
Cytb,Aves,Setophaga_pensylvanica,C>G,0.0,26,1104,82.0769230769231,0.0
Cytb,Aves,Setophaga_pensylvanica,C>T,9.94122,26,1104,218.9615384615384,0.037422232198011184
Cytb,Aves,Setophaga_pensylvanica,G>A,6.99733,26,1104,9.730769230769235,0.5927110487431847
Cytb,Aves,Setophaga_pensylvanica,G>C,0.0,26,1104,6.73076923076923,0.0
Cytb,Aves,Setophaga_pensylvanica,G>T,0.0,26,1104,6.73076923076923,0.0
Cytb,Aves,Setophaga_pensylvanica,T>A,0.0,26,1104,21.769230769230774,0.0
Cytb,Aves,Setophaga_pensylvanica,T>C,15.96143,26,1104,41.96153846153847,0.3135293738496267
Cytb,Aves,Setophaga_pensylvanica,T>G,0.0,26,1104,21.769230769230774,0.0
Cytb,Aves,Ptiloris_magnificus,A>C,0.0,19,912,105.5263157894737,0.0
Cytb,Aves,Ptiloris_magnificus,A>G,1.99997,19,912,140.3157894736842,0.02850285134159983
Cytb,Aves,Ptiloris_magnificus,A>T,1.0,19,912,105.5263157894737,0.018950060230131665
Cytb,Aves,Ptiloris_magnificus,C>A,1.0,19,912,36.368421052631575,0.05498534118873226
Cytb,Aves,Ptiloris_magnificus,C>G,0.0,19,912,36.368421052631575,0.0
Cytb,Aves,Ptiloris_magnificus,C>T,8.927665,19,912,150.42105263157893,0.11868631136326067
Cytb,Aves,Ptiloris_magnificus,G>A,1.99999,19,912,10.578947368421051,0.37805652524437994
Cytb,Aves,Ptiloris_magnificus,G>C,0.0,19,912,8.68421052631579,0.0
Cytb,Aves,Ptiloris_magnificus,G>T,0.0,19,912,8.68421052631579,0.0
Cytb,Aves,Ptiloris_magnificus,T>A,0.0,19,912,20.947368421052637,0.0
Cytb,Aves,Ptiloris_magnificus,T>C,8.76646,19,912,43.736842105263165,0.4008189106318956
Cytb,Aves,Ptiloris_magnificus,T>G,0.0,19,912,20.947368421052637,0.0
Cytb,Aves,Rhopias_gularis,A>C,0.0,37,996,84.81081081081079,0.0
Cytb,Aves,Rhopias_gularis,A>G,1.0,37,996,127.78378378378376,0.018946616544491087
Cytb,Aves,Rhopias_gularis,A>T,1.0,37,996,84.81081081081079,0.02854671861770359
Cytb,Aves,Rhopias_gularis,C>A,1.0,37,996,61.91891891891894,0.03910065605515225
Cytb,Aves,Rhopias_gularis,C>G,0.0,37,996,61.91891891891894,0.0
Cytb,Aves,Rhopias_gularis,C>T,5.717092,37,996,163.59459459459458,0.0846084308280646
Cytb,Aves,Rhopias_gularis,G>A,1.9954800000000001,37,996,7.729729729729726,0.6250150567798837
Cytb,Aves,Rhopias_gularis,G>C,0.0,37,996,3.837837837837837,0.0
Cytb,Aves,Rhopias_gularis,G>T,0.0,37,996,3.837837837837837,0.0
Cytb,Aves,Rhopias_gularis,T>A,1.0,37,996,28.99999999999999,0.08348518455019001
Cytb,Aves,Rhopias_gularis,T>C,2.98126,37,996,59.99999999999999,0.1202973366245147
Cytb,Aves,Rhopias_gularis,T>G,0.0,37,996,28.99999999999999,0.0
Cytb,Aves,Anser_cygnoides,A>C,0.998101,10,1137,100.1,0.016866739899368537
Cytb,Aves,Anser_cygnoides,A>G,4.412701,10,1137,144.89999999999998,0.05151418700129775
Cytb,Aves,Anser_cygnoides,A>T,0.0,10,1137,100.1,0.0
Cytb,Aves,Anser_cygnoides,C>A,1.99841,10,1137,80.9,0.04178561583376296
Cytb,Aves,Anser_cygnoides,C>G,0.0,10,1137,80.9,0.0
Cytb,Aves,Anser_cygnoides,C>T,6.134413,10,1137,225.2,0.046078184557203854
Cytb,Aves,Anser_cygnoides,G>A,7.356135,10,1137,21.5,0.5787646075961087
Cytb,Aves,Anser_cygnoides,G>C,0.0,10,1137,15.300000000000002,0.0
Cytb,Aves,Anser_cygnoides,G>T,0.0,10,1137,15.300000000000002,0.0
Cytb,Aves,Anser_cygnoides,T>A,0.0,10,1137,15.7,0.0
Cytb,Aves,Anser_cygnoides,T>C,5.059905,10,1137,32.300000000000004,0.2649906651122582
Cytb,Aves,Anser_cygnoides,T>G,0.0,10,1137,15.7,0.0
Cytb,Aves,Eupsittula_canicularis,A>C,0.0,88,1125,91.13636363636368,0.0
Cytb,Aves,Eupsittula_canicularis,A>G,9.99305,88,1125,141.26136363636363,0.09897408252764307
Cytb,Aves,Eupsittula_canicularis,A>T,0.0,88,1125,91.13636363636368,0.0
Cytb,Aves,Eupsittula_canicularis,C>A,1.0,88,1125,86.10227272727278,0.016249208204336174
Cytb,Aves,Eupsittula_canicularis,C>G,0.0,88,1125,86.10227272727278,0.0
Cytb,Aves,Eupsittula_canicularis,C>T,9.99812,88,1125,223.82954545454555,0.062495356631542424
Cytb,Aves,Eupsittula_canicularis,G>A,2.99998,88,1125,8.272727272727272,0.5073602874831793
Cytb,Aves,Eupsittula_canicularis,G>C,0.0,88,1125,5.136363636363631,0.0
Cytb,Aves,Eupsittula_canicularis,G>T,0.0,88,1125,5.136363636363631,0.0
Cytb,Aves,Eupsittula_canicularis,T>A,0.0,88,1125,15.795454545454533,0.0
Cytb,Aves,Eupsittula_canicularis,T>C,9.99857,88,1125,44.420454545454525,0.31492106515329915
Cytb,Aves,Eupsittula_canicularis,T>G,0.0,88,1125,15.795454545454533,0.0
Cytb,Aves,Larus_argentatus,A>C,1.0,34,1140,105.20588235294125,0.028147123069172747
Cytb,Aves,Larus_argentatus,A>G,5.0,34,1140,156.20588235294127,0.09478653663945671
Cytb,Aves,Larus_argentatus,A>T,0.0,34,1140,105.20588235294125,0.0
Cytb,Aves,Larus_argentatus,C>A,0.0,34,1140,65.6176470588235,0.0
Cytb,Aves,Larus_argentatus,C>G,0.0,34,1140,65.6176470588235,0.0
Cytb,Aves,Larus_argentatus,C>T,6.99438,34,1140,193.264705882353,0.10716937760344074
Cytb,Aves,Larus_argentatus,G>A,1.0,34,1140,9.70588235294118,0.30509775520736654
Cytb,Aves,Larus_argentatus,G>C,0.0,34,1140,5.735294117647061,0.0
Cytb,Aves,Larus_argentatus,G>T,0.0,34,1140,5.735294117647061,0.0
Cytb,Aves,Larus_argentatus,T>A,0.0,34,1140,29.735294117647044,0.0
Cytb,Aves,Larus_argentatus,T>C,9.985479999999999,34,1140,63.61764705882352,0.46479920748056325
Cytb,Aves,Larus_argentatus,T>G,0.0,34,1140,29.735294117647044,0.0
Cytb,Aves,Chlorophanes_spiza,A>C,0.0,20,1104,95.15,0.0
Cytb,Aves,Chlorophanes_spiza,A>G,6.99996,20,1104,134.1,0.08969082787538157
Cytb,Aves,Chlorophanes_spiza,A>T,0.0,20,1104,95.15,0.0
Cytb,Aves,Chlorophanes_spiza,C>A,2.0,20,1104,86.29999999999997,0.03981992632769911
Cytb,Aves,Chlorophanes_spiza,C>G,0.0,20,1104,86.29999999999997,0.0
Cytb,Aves,Chlorophanes_spiza,C>T,5.99925,20,1104,225.75,0.04566152936378966
Cytb,Aves,Chlorophanes_spiza,G>A,2.99999,20,1104,9.6,0.5369450292523372
Cytb,Aves,Chlorophanes_spiza,G>C,0.0,20,1104,5.65,0.0
Cytb,Aves,Chlorophanes_spiza,G>T,0.0,20,1104,5.65,0.0
Cytb,Aves,Chlorophanes_spiza,T>A,0.0,20,1104,17.25,0.0
Cytb,Aves,Chlorophanes_spiza,T>C,5.99815,20,1104,35.800000000000004,0.2878826871807924
Cytb,Aves,Chlorophanes_spiza,T>G,0.0,20,1104,17.25,0.0
Cytb,Aves,Vireo_solitarius,A>C,0.0,37,1140,133.1081081081081,0.0
Cytb,Aves,Vireo_solitarius,A>G,19.945779,37,1140,170.59459459459455,0.08689762902217062
Cytb,Aves,Vireo_solitarius,A>T,0.0,37,1140,133.1081081081081,0.0
Cytb,Aves,Vireo_solitarius,C>A,2.0,37,1140,58.91891891891892,0.025228847786504482
Cytb,Aves,Vireo_solitarius,C>G,1.0,37,1140,58.91891891891892,0.012614423893252241
Cytb,Aves,Vireo_solitarius,C>T,9.99556,37,1140,214.18918918918908,0.03468420736165948
Cytb,Aves,Vireo_solitarius,G>A,13.9546,37,1140,16.27027027027027,0.6374480771769027
Cytb,Aves,Vireo_solitarius,G>C,0.0,37,1140,8.702702702702704,0.0
Cytb,Aves,Vireo_solitarius,G>T,0.0,37,1140,8.702702702702704,0.0
Cytb,Aves,Vireo_solitarius,T>A,0.0,37,1140,17.0,0.0
Cytb,Aves,Vireo_solitarius,T>C,8.98208,37,1140,32.86486486486486,0.2031268147595105
Cytb,Aves,Vireo_solitarius,T>G,0.0,37,1140,17.0,0.0
Cytb,Aves,Regulus_satrapa,A>C,0.0,27,1140,109.22222222222224,0.0
Cytb,Aves,Regulus_satrapa,A>G,6.5281590000000005,27,1140,152.11111111111111,0.05541363864731268
Cytb,Aves,Regulus_satrapa,A>T,2.0,27,1140,109.22222222222224,0.023643179027909127
Cytb,Aves,Regulus_satrapa,C>A,1.0,27,1140,64.33333333333331,0.02007015974476225
Cytb,Aves,Regulus_satrapa,C>G,0.0,27,1140,64.33333333333331,0.0
Cytb,Aves,Regulus_satrapa,C>T,11.413406,27,1140,200.7407407407408,0.07341192756996769
Cytb,Aves,Regulus_satrapa,G>A,5.60103,27,1140,13.185185185185183,0.5484897909908771
Cytb,Aves,Regulus_satrapa,G>C,0.0,27,1140,4.962962962962962,0.0
Cytb,Aves,Regulus_satrapa,G>T,0.0,27,1140,4.962962962962962,0.0
Cytb,Aves,Regulus_satrapa,T>A,0.794264,27,1140,31.370370370370377,0.03269129434412695
Cytb,Aves,Regulus_satrapa,T>C,11.769378,27,1140,61.70370370370371,0.24628000967504424
Cytb,Aves,Regulus_satrapa,T>G,0.0,27,1140,31.370370370370377,0.0
Cytb,Aves,Premnoplex_brunnescens,A>C,0.0,64,1017,84.609375,0.0
Cytb,Aves,Premnoplex_brunnescens,A>G,16.984896,64,1017,133.71875,0.11531838435666475
Cytb,Aves,Premnoplex_brunnescens,A>T,0.88375,64,1017,84.609375,0.009482850529267575
Cytb,Aves,Premnoplex_brunnescens,C>A,1.0,64,1017,55.953125,0.01622570658863439
Cytb,Aves,Premnoplex_brunnescens,C>G,0.0,64,1017,55.953125,0.0
Cytb,Aves,Premnoplex_brunnescens,C>T,24.802252,64,1017,144.65625,0.1556617392602761
Cytb,Aves,Premnoplex_brunnescens,G>A,5.299224000000001,64,1017,13.203125,0.3643875315450422
Cytb,Aves,Premnoplex_brunnescens,G>C,0.0,64,1017,8.390625,0.0
Cytb,Aves,Premnoplex_brunnescens,G>T,0.0,64,1017,8.390625,0.0
Cytb,Aves,Premnoplex_brunnescens,T>A,0.0,64,1017,27.859375,0.0
Cytb,Aves,Premnoplex_brunnescens,T>C,23.127888,64,1017,76.703125,0.27374795452448986
Cytb,Aves,Premnoplex_brunnescens,T>G,2.0,64,1017,27.859375,0.06517583319562509
Cytb,Aves,Leiothlypis_ruficapilla,A>C,0.0,27,1104,100.4444444444445,0.0
Cytb,Aves,Leiothlypis_ruficapilla,A>G,6.660219,27,1104,139.6666666666667,0.04210547242120888
Cytb,Aves,Leiothlypis_ruficapilla,A>T,0.0,27,1104,100.4444444444445,0.0
Cytb,Aves,Leiothlypis_ruficapilla,C>A,1.0,27,1104,75.55555555555554,0.011686283013644496
Cytb,Aves,Leiothlypis_ruficapilla,C>G,0.0,27,1104,75.55555555555554,0.0
Cytb,Aves,Leiothlypis_ruficapilla,C>T,11.699626,27,1104,215.14814814814807,0.04801502613241158
Cytb,Aves,Leiothlypis_ruficapilla,G>A,6.782964,27,1104,8.296296296296294,0.7219016938827624
Cytb,Aves,Leiothlypis_ruficapilla,G>C,0.0,27,1104,4.3703703703703685,0.0
Cytb,Aves,Leiothlypis_ruficapilla,G>T,0.0,27,1104,4.3703703703703685,0.0
Cytb,Aves,Leiothlypis_ruficapilla,T>A,0.0,27,1104,27.25925925925926,0.0
Cytb,Aves,Leiothlypis_ruficapilla,T>C,7.764512,27,1104,38.88888888888888,0.17629152454997266
Cytb,Aves,Leiothlypis_ruficapilla,T>G,0.0,27,1104,27.25925925925926,0.0
Cytb,Aves,Brotogeris_chrysoptera,A>C,0.0,13,1137,100.6153846153846,0.0
Cytb,Aves,Brotogeris_chrysoptera,A>G,0.99996,13,1137,142.6153846153846,0.014463883410117034
Cytb,Aves,Brotogeris_chrysoptera,A>T,1.0,13,1137,100.6153846153846,0.02050237960768965
Cytb,Aves,Brotogeris_chrysoptera,C>A,1.0,13,1137,87.46153846153847,0.023585850947104713
Cytb,Aves,Brotogeris_chrysoptera,C>G,0.0,13,1137,87.46153846153847,0.0
Cytb,Aves,Brotogeris_chrysoptera,C>T,5.986641,13,1137,222.61538461538456,0.05547492237557087
Cytb,Aves,Brotogeris_chrysoptera,G>A,2.9992799999999997,13,1137,13.999999999999998,0.44193422670085075
Cytb,Aves,Brotogeris_chrysoptera,G>C,0.0,13,1137,6.769230769230768,0.0
Cytb,Aves,Brotogeris_chrysoptera,G>T,0.0,13,1137,6.769230769230768,0.0
Cytb,Aves,Brotogeris_chrysoptera,T>A,0.0,13,1137,20.0,0.0
Cytb,Aves,Brotogeris_chrysoptera,T>C,8.991014,13,1137,41.76923076923077,0.444038736958667
Cytb,Aves,Brotogeris_chrysoptera,T>G,0.0,13,1137,20.0,0.0
Cytb,Aves,Sclerurus_albigularis,A>C,0.99997,10,1017,81.39999999999999,0.048904005933061885
Cytb,Aves,Sclerurus_albigularis,A>G,2.99998,10,1017,129.0,0.09257858071503425
Cytb,Aves,Sclerurus_albigularis,A>T,1.0,10,1017,81.39999999999999,0.048905473097254806
Cytb,Aves,Sclerurus_albigularis,C>A,0.88905,10,1017,60.2,0.058791097072576584
Cytb,Aves,Sclerurus_albigularis,C>G,0.0,10,1017,60.2,0.0
Cytb,Aves,Sclerurus_albigularis,C>T,4.497356,10,1017,152.1,0.11770906825348905
Cytb,Aves,Sclerurus_albigularis,G>A,0.99998,10,1017,8.500000000000002,0.4683324578830985
Cytb,Aves,Sclerurus_albigularis,G>C,0.0,10,1017,6.6000000000000005,0.0
Cytb,Aves,Sclerurus_albigularis,G>T,0.0,10,1017,6.6000000000000005,0.0
Cytb,Aves,Sclerurus_albigularis,T>A,0.0,10,1017,35.6,0.0
Cytb,Aves,Sclerurus_albigularis,T>C,3.145824,10,1017,76.0,0.16477931704548496
Cytb,Aves,Sclerurus_albigularis,T>G,0.0,10,1017,35.6,0.0
Cytb,Aves,Garrulax_chinensis,A>C,0.99999,45,1140,98.40000000000003,0.0060920347110999
Cytb,Aves,Garrulax_chinensis,A>G,8.924401,45,1140,137.73333333333335,0.03884202188858066
Cytb,Aves,Garrulax_chinensis,A>T,0.0,45,1140,98.40000000000003,0.0
Cytb,Aves,Garrulax_chinensis,C>A,1.0,45,1140,77.13333333333331,0.007771765905717361
Cytb,Aves,Garrulax_chinensis,C>G,0.99806,45,1140,77.13333333333331,0.00775668867986027
Cytb,Aves,Garrulax_chinensis,C>T,17.98957,45,1140,223.06666666666663,0.048344593810425836
Cytb,Aves,Garrulax_chinensis,G>A,13.99666,45,1140,16.75555555555556,0.5007574181064153
Cytb,Aves,Garrulax_chinensis,G>C,1.0,45,1140,8.177777777777782,0.07330380287702429
Cytb,Aves,Garrulax_chinensis,G>T,0.0,45,1140,8.177777777777782,0.0
Cytb,Aves,Garrulax_chinensis,T>A,0.0,45,1140,27.31111111111113,0.0
Cytb,Aves,Garrulax_chinensis,T>C,24.911292,45,1140,47.0888888888889,0.3171316740208765
Cytb,Aves,Garrulax_chinensis,T>G,0.0,45,1140,27.31111111111113,0.0
Cytb,Aves,Pomatorhinus_schisticeps,A>C,0.0,14,1038,79.57142857142857,0.0
Cytb,Aves,Pomatorhinus_schisticeps,A>G,3.98811,14,1038,117.14285714285712,0.2473335273192915
Cytb,Aves,Pomatorhinus_schisticeps,A>T,0.0,14,1038,79.57142857142857,0.0
Cytb,Aves,Pomatorhinus_schisticeps,C>A,0.0,14,1038,70.42857142857143,0.0
Cytb,Aves,Pomatorhinus_schisticeps,C>G,0.0,14,1038,70.42857142857143,0.0
Cytb,Aves,Pomatorhinus_schisticeps,C>T,7.819999,14,1038,198.42857142857144,0.286308450676102
Cytb,Aves,Pomatorhinus_schisticeps,G>A,0.0,14,1038,20.142857142857142,0.0
Cytb,Aves,Pomatorhinus_schisticeps,G>C,0.0,14,1038,15.642857142857142,0.0
Cytb,Aves,Pomatorhinus_schisticeps,G>T,0.0,14,1038,15.642857142857142,0.0
Cytb,Aves,Pomatorhinus_schisticeps,T>A,0.0,14,1038,25.0,0.0
Cytb,Aves,Pomatorhinus_schisticeps,T>C,2.98039,14,1038,46.42857142857143,0.4663580220046066
Cytb,Aves,Pomatorhinus_schisticeps,T>G,0.0,14,1038,25.0,0.0
Cytb,Aves,Vireo_cassinii,A>C,1.99719,13,1140,129.76923076923077,0.03558200722406696
Cytb,Aves,Vireo_cassinii,A>G,5.99206,13,1140,170.46153846153842,0.08127042681865157
Cytb,Aves,Vireo_cassinii,A>T,0.0,13,1140,129.76923076923077,0.0
Cytb,Aves,Vireo_cassinii,C>A,0.0,13,1140,56.38461538461538,0.0
Cytb,Aves,Vireo_cassinii,C>G,0.0,13,1140,56.38461538461538,0.0
Cytb,Aves,Vireo_cassinii,C>T,1.97336,13,1140,215.23076923076923,0.02119750536701711
Cytb,Aves,Vireo_cassinii,G>A,5.9938,13,1140,16.076923076923077,0.8619500605902644
Cytb,Aves,Vireo_cassinii,G>C,0.0,13,1140,11.769230769230768,0.0
Cytb,Aves,Vireo_cassinii,G>T,0.0,13,1140,11.769230769230768,0.0
Cytb,Aves,Vireo_cassinii,T>A,0.0,13,1140,19.153846153846157,0.0
Cytb,Aves,Vireo_cassinii,T>C,0.0,13,1140,33.0,0.0
Cytb,Aves,Vireo_cassinii,T>G,0.0,13,1140,19.153846153846157,0.0
Cytb,Aves,Tarsiger_rufilatus,A>C,0.0,13,1140,102.38461538461536,0.0
Cytb,Aves,Tarsiger_rufilatus,A>G,2.0,13,1140,149.92307692307693,0.043441119869816934
Cytb,Aves,Tarsiger_rufilatus,A>T,0.0,13,1140,102.38461538461536,0.0
Cytb,Aves,Tarsiger_rufilatus,C>A,1.0,13,1140,84.99999999999999,0.038310743269806886
Cytb,Aves,Tarsiger_rufilatus,C>G,0.0,13,1140,84.99999999999999,0.0
Cytb,Aves,Tarsiger_rufilatus,C>T,3.95512,13,1140,224.3076923076923,0.0574189175404708
Cytb,Aves,Tarsiger_rufilatus,G>A,1.0,13,1140,8.076923076923077,0.4031749648870153
Cytb,Aves,Tarsiger_rufilatus,G>C,0.0,13,1140,5.153846153846156,0.0
Cytb,Aves,Tarsiger_rufilatus,G>T,0.0,13,1140,5.153846153846156,0.0
Cytb,Aves,Tarsiger_rufilatus,T>A,0.0,13,1140,18.0,0.0
Cytb,Aves,Tarsiger_rufilatus,T>C,5.99995,13,1140,42.69230769230769,0.45765425443289004
Cytb,Aves,Tarsiger_rufilatus,T>G,0.0,13,1140,18.0,0.0
Cytb,Aves,Cinclus_cinclus,A>C,0.0,43,1029,110.2093023255814,0.0
Cytb,Aves,Cinclus_cinclus,A>G,5.9861699999999995,43,1029,152.58139534883725,0.047983216706624934
Cytb,Aves,Cinclus_cinclus,A>T,2.0,43,1029,110.2093023255814,0.02219492273589944
Cytb,Aves,Cinclus_cinclus,C>A,0.0,43,1029,53.255813953488335,0.0
Cytb,Aves,Cinclus_cinclus,C>G,0.0,43,1029,53.255813953488335,0.0
Cytb,Aves,Cinclus_cinclus,C>T,9.75084,43,1029,190.4883720930232,0.06260592762810085
Cytb,Aves,Cinclus_cinclus,G>A,3.990587,43,1029,8.186046511627913,0.5962171586277807
Cytb,Aves,Cinclus_cinclus,G>C,0.0,43,1029,6.418604651162793,0.0
Cytb,Aves,Cinclus_cinclus,G>T,0.0,43,1029,6.418604651162793,0.0
Cytb,Aves,Cinclus_cinclus,T>A,0.0,43,1029,19.627906976744203,0.0
Cytb,Aves,Cinclus_cinclus,T>C,5.99981,43,1029,35.16279069767443,0.2086873176396111
Cytb,Aves,Cinclus_cinclus,T>G,1.0,43,1029,19.627906976744203,0.062311456661983046
Cytb,Aves,Pipra_aureola,A>C,0.99983,24,927,71.70833333333334,0.03544336355125639
Cytb,Aves,Pipra_aureola,A>G,6.949682,24,927,113.1666666666667,0.1561078718784559
Cytb,Aves,Pipra_aureola,A>T,1.0,24,927,71.70833333333334,0.035449389947547476
Cytb,Aves,Pipra_aureola,C>A,0.0,24,927,45.458333333333336,0.0
Cytb,Aves,Pipra_aureola,C>G,0.0,24,927,45.458333333333336,0.0
Cytb,Aves,Pipra_aureola,C>T,12.855445,24,927,123.875,0.2638042825496345
Cytb,Aves,Pipra_aureola,G>A,0.0,24,927,5.500000000000001,0.0
Cytb,Aves,Pipra_aureola,G>C,0.0,24,927,3.458333333333335,0.0
Cytb,Aves,Pipra_aureola,G>T,0.0,24,927,3.458333333333335,0.0
Cytb,Aves,Pipra_aureola,T>A,1.9999099999999999,24,927,44.29166666666666,0.11478015940117542
Cytb,Aves,Pipra_aureola,T>C,13.886666,24,927,89.5,0.3944149326719303
Cytb,Aves,Pipra_aureola,T>G,0.0,24,927,44.29166666666666,0.0
Cytb,Aves,Pycnonotus_goiavier,A>C,0.99982,23,1131,112.04347826086956,0.00809723169579233
Cytb,Aves,Pycnonotus_goiavier,A>G,11.680572,23,1131,151.26086956521738,0.0700710857735541
Cytb,Aves,Pycnonotus_goiavier,A>T,0.0,23,1131,112.04347826086956,0.0
Cytb,Aves,Pycnonotus_goiavier,C>A,0.0,23,1131,63.56521739130434,0.0
Cytb,Aves,Pycnonotus_goiavier,C>G,0.0,23,1131,63.56521739130434,0.0
Cytb,Aves,Pycnonotus_goiavier,C>T,17.326802,23,1131,205.26086956521735,0.0765973204321156
Cytb,Aves,Pycnonotus_goiavier,G>A,8.472727,23,1131,15.130434782608695,0.5081280085121692
Cytb,Aves,Pycnonotus_goiavier,G>C,0.0,23,1131,11.0,0.0
Cytb,Aves,Pycnonotus_goiavier,G>T,0.0,23,1131,11.0,0.0
Cytb,Aves,Pycnonotus_goiavier,T>A,0.0,23,1131,24.695652173913043,0.0
Cytb,Aves,Pycnonotus_goiavier,T>C,16.069323,23,1131,47.99999999999999,0.30377894673330796
Cytb,Aves,Pycnonotus_goiavier,T>G,0.907028,23,1131,24.695652173913043,0.03332740685306064
Cytb,Aves,Megalaima_haemacephala,A>C,0.0,17,1140,87.76470588235293,0.0
Cytb,Aves,Megalaima_haemacephala,A>G,5.331886,17,1140,132.70588235294116,0.03764093465612558
Cytb,Aves,Megalaima_haemacephala,A>T,0.99941,17,1140,87.76470588235293,0.010668257907792
Cytb,Aves,Megalaima_haemacephala,C>A,0.0,17,1140,83.64705882352942,0.0
Cytb,Aves,Megalaima_haemacephala,C>G,0.0,17,1140,83.64705882352942,0.0
Cytb,Aves,Megalaima_haemacephala,C>T,15.178011,17,1140,205.0,0.06936345537868878
Cytb,Aves,Megalaima_haemacephala,G>A,6.445946,17,1140,8.705882352941178,0.6936551042577871
Cytb,Aves,Megalaima_haemacephala,G>C,0.0,17,1140,6.176470588235293,0.0
Cytb,Aves,Megalaima_haemacephala,G>T,0.0,17,1140,6.176470588235293,0.0
Cytb,Aves,Megalaima_haemacephala,T>A,0.0,17,1140,27.882352941176475,0.0
Cytb,Aves,Megalaima_haemacephala,T>C,13.208827,17,1140,65.58823529411765,0.18867224779960662
Cytb,Aves,Megalaima_haemacephala,T>G,0.0,17,1140,27.882352941176475,0.0
Cytb,Aves,Rhipidura_javanica,A>C,0.0,18,1140,121.2222222222222,0.0
Cytb,Aves,Rhipidura_javanica,A>G,4.99722,18,1140,167.88888888888886,0.08585146012121134
Cytb,Aves,Rhipidura_javanica,A>T,0.0,18,1140,121.2222222222222,0.0
Cytb,Aves,Rhipidura_javanica,C>A,2.0,18,1140,53.388888888888886,0.108048883706417
Cytb,Aves,Rhipidura_javanica,C>G,0.0,18,1140,53.388888888888886,0.0
Cytb,Aves,Rhipidura_javanica,C>T,6.99996,18,1140,192.38888888888889,0.10494378967571144
Cytb,Aves,Rhipidura_javanica,G>A,1.0,18,1140,7.666666666666668,0.3762136856589373
Cytb,Aves,Rhipidura_javanica,G>C,0.0,18,1140,6.222222222222224,0.0
Cytb,Aves,Rhipidura_javanica,G>T,0.0,18,1140,6.222222222222224,0.0
Cytb,Aves,Rhipidura_javanica,T>A,0.0,18,1140,30.5,0.0
Cytb,Aves,Rhipidura_javanica,T>C,6.9973600000000005,18,1140,62.11111111111112,0.3249421808377229
Cytb,Aves,Rhipidura_javanica,T>G,0.0,18,1140,30.5,0.0
Cytb,Aves,Pomatorhinus_ruficollis,A>C,0.0,118,1140,84.66949152542377,0.0
Cytb,Aves,Pomatorhinus_ruficollis,A>G,31.90879,118,1140,127.50847457627115,0.0991237248552378
Cytb,Aves,Pomatorhinus_ruficollis,A>T,3.0,118,1140,84.66949152542377,0.01403461911888063
Cytb,Aves,Pomatorhinus_ruficollis,C>A,4.99923,118,1140,77.33050847457626,0.02560699283201378
Cytb,Aves,Pomatorhinus_ruficollis,C>G,0.0,118,1140,77.33050847457626,0.0
Cytb,Aves,Pomatorhinus_ruficollis,C>T,68.6022,118,1140,218.3474576271185,0.12445038133699826
Cytb,Aves,Pomatorhinus_ruficollis,G>A,22.981126,118,1140,21.08474576271188,0.43172705267645345
Cytb,Aves,Pomatorhinus_ruficollis,G>C,1.0,118,1140,16.449152542372858,0.02408035026906004
Cytb,Aves,Pomatorhinus_ruficollis,G>T,0.0,118,1140,16.449152542372858,0.0
Cytb,Aves,Pomatorhinus_ruficollis,T>A,0.0,118,1140,29.28813559322031,0.0
Cytb,Aves,Pomatorhinus_ruficollis,T>C,38.918397,118,1140,54.864406779661,0.28097687891135603
Cytb,Aves,Pomatorhinus_ruficollis,T>G,0.0,118,1140,29.28813559322031,0.0
Cytb,Aves,Cyornis_hainanus,A>C,0.0,15,972,105.2,0.0
Cytb,Aves,Cyornis_hainanus,A>G,4.0,15,972,137.1333333333333,0.12840458042349037
Cytb,Aves,Cyornis_hainanus,A>T,0.0,15,972,105.2,0.0
Cytb,Aves,Cyornis_hainanus,C>A,0.0,15,972,67.4,0.0
Cytb,Aves,Cyornis_hainanus,C>G,0.0,15,972,67.4,0.0
Cytb,Aves,Cyornis_hainanus,C>T,8.999,15,972,190.86666666666667,0.20755238116993938
Cytb,Aves,Cyornis_hainanus,G>A,1.0,15,972,8.666666666666664,0.5079388883290764
Cytb,Aves,Cyornis_hainanus,G>C,0.0,15,972,4.666666666666668,0.0
Cytb,Aves,Cyornis_hainanus,G>T,0.0,15,972,4.666666666666668,0.0
Cytb,Aves,Cyornis_hainanus,T>A,0.0,15,972,8.799999999999999,0.0
Cytb,Aves,Cyornis_hainanus,T>C,1.0,15,972,28.200000000000006,0.15610415007749381
Cytb,Aves,Cyornis_hainanus,T>G,0.0,15,972,8.799999999999999,0.0
Cytb,Aves,Henicorhina_leucosticta,A>C,1.99916,28,1140,91.0,0.030094427876099568
Cytb,Aves,Henicorhina_leucosticta,A>G,10.904024,28,1140,130.42857142857142,0.11452333625137005
Cytb,Aves,Henicorhina_leucosticta,A>T,0.99633,28,1140,91.0,0.014998289944673905
Cytb,Aves,Henicorhina_leucosticta,C>A,0.0,28,1140,86.78571428571429,0.0
Cytb,Aves,Henicorhina_leucosticta,C>G,0.0,28,1140,86.78571428571429,0.0
Cytb,Aves,Henicorhina_leucosticta,C>T,10.131858,28,1140,225.42857142857144,0.06156871161011487
Cytb,Aves,Henicorhina_leucosticta,G>A,5.8933599999999995,28,1140,20.35714285714286,0.39657567928370613
Cytb,Aves,Henicorhina_leucosticta,G>C,0.0,28,1140,12.678571428571423,0.0
Cytb,Aves,Henicorhina_leucosticta,G>T,0.0,28,1140,12.678571428571423,0.0
Cytb,Aves,Henicorhina_leucosticta,T>A,0.0,28,1140,25.285714285714285,0.0
Cytb,Aves,Henicorhina_leucosticta,T>C,12.925211000000001,28,1140,46.32142857142858,0.3822395550340355
Cytb,Aves,Henicorhina_leucosticta,T>G,0.0,28,1140,25.285714285714285,0.0
Cytb,Aves,Empidonax_minimus,A>C,2.0,21,1140,90.14285714285714,0.03755106625191262
Cytb,Aves,Empidonax_minimus,A>G,4.958601,21,1140,141.28571428571425,0.05939973518472292
Cytb,Aves,Empidonax_minimus,A>T,0.99968,21,1140,90.14285714285714,0.018769524955356005
Cytb,Aves,Empidonax_minimus,C>A,0.99915,21,1140,74.85714285714286,0.022590250277263975
Cytb,Aves,Empidonax_minimus,C>G,0.0,21,1140,74.85714285714286,0.0
Cytb,Aves,Empidonax_minimus,C>T,7.98943,21,1140,192.7142857142857,0.07016580030378299
Cytb,Aves,Empidonax_minimus,G>A,2.99999,21,1140,11.666666666666664,0.43520774367944415
Cytb,Aves,Empidonax_minimus,G>C,0.0,21,1140,6.190476190476189,0.0
Cytb,Aves,Empidonax_minimus,G>T,0.0,21,1140,6.190476190476189,0.0
Cytb,Aves,Empidonax_minimus,T>A,1.99893,21,1140,34.190476190476204,0.0989500534606805
Cytb,Aves,Empidonax_minimus,T>C,10.673466,21,1140,70.19047619047619,0.2573658258868368
Cytb,Aves,Empidonax_minimus,T>G,0.0,21,1140,34.190476190476204,0.0
Cytb,Aves,Garrulus_glandarius,A>C,0.0,43,1140,105.30232558139537,0.0
Cytb,Aves,Garrulus_glandarius,A>G,3.99999,43,1140,145.65116279069764,0.03687060266458521
Cytb,Aves,Garrulus_glandarius,A>T,0.0,43,1140,105.30232558139537,0.0
Cytb,Aves,Garrulus_glandarius,C>A,1.977138,43,1140,67.23255813953489,0.03948140816166834
Cytb,Aves,Garrulus_glandarius,C>G,0.0,43,1140,67.23255813953489,0.0
Cytb,Aves,Garrulus_glandarius,C>T,16.100857,43,1140,203.7209302325581,0.10610812226809366
Cytb,Aves,Garrulus_glandarius,G>A,4.9691399999999994,43,1140,13.697674418604658,0.4870456629469996
Cytb,Aves,Garrulus_glandarius,G>C,0.0,43,1140,9.465116279069775,0.0
Cytb,Aves,Garrulus_glandarius,G>T,0.0,43,1140,9.465116279069775,0.0
Cytb,Aves,Garrulus_glandarius,T>A,0.0,43,1140,28.48837209302325,0.0
Cytb,Aves,Garrulus_glandarius,T>C,15.834789,43,1140,64.32558139534882,0.33049420395865337
Cytb,Aves,Garrulus_glandarius,T>G,0.0,43,1140,28.48837209302325,0.0
Cytb,Aves,Icterus_galbula,A>C,0.0,16,924,64.8125,0.0
Cytb,Aves,Icterus_galbula,A>G,3.99998,16,924,101.75,0.11707910096472718
Cytb,Aves,Icterus_galbula,A>T,1.0,16,924,64.8125,0.04595123659576251
Cytb,Aves,Icterus_galbula,C>A,0.0,16,924,77.9375,0.0
Cytb,Aves,Icterus_galbula,C>G,0.0,16,924,77.9375,0.0
Cytb,Aves,Icterus_galbula,C>T,6.99907,16,924,184.25,0.11313287334347173
Cytb,Aves,Icterus_galbula,G>A,0.99999,16,924,14.25,0.20899542033106236
Cytb,Aves,Icterus_galbula,G>C,0.0,16,924,13.25,0.0
Cytb,Aves,Icterus_galbula,G>T,0.0,16,924,13.25,0.0
Cytb,Aves,Icterus_galbula,T>A,0.0,16,924,20.0,0.0
Cytb,Aves,Icterus_galbula,T>C,4.99936,16,924,40.6875,0.36593957731539895
Cytb,Aves,Icterus_galbula,T>G,0.99994,16,924,20.0,0.14890179144957727
Cytb,Aves,Symposiachrus_guttula,A>C,0.0,19,1140,119.7894736842105,0.0
Cytb,Aves,Symposiachrus_guttula,A>G,7.901722,19,1140,159.8947368421053,0.07068875957924817
Cytb,Aves,Symposiachrus_guttula,A>T,0.0,19,1140,119.7894736842105,0.0
Cytb,Aves,Symposiachrus_guttula,C>A,0.0,19,1140,61.578947368421055,0.0
Cytb,Aves,Symposiachrus_guttula,C>G,0.0,19,1140,61.578947368421055,0.0
Cytb,Aves,Symposiachrus_guttula,C>T,5.95789,19,1140,213.4736842105264,0.03992187390020775
Cytb,Aves,Symposiachrus_guttula,G>A,2.98396,19,1140,12.105263157894736,0.3525993808314825
Cytb,Aves,Symposiachrus_guttula,G>C,0.0,19,1140,7.368421052631579,0.0
Cytb,Aves,Symposiachrus_guttula,G>T,0.0,19,1140,7.368421052631579,0.0
Cytb,Aves,Symposiachrus_guttula,T>A,0.0,19,1140,21.47368421052632,0.0
Cytb,Aves,Symposiachrus_guttula,T>C,16.669802999999998,19,1140,44.42105263157894,0.5367899856890614
Cytb,Aves,Symposiachrus_guttula,T>G,0.0,19,1140,21.47368421052632,0.0
Cytb,Aves,Corvus_corone,A>C,0.0,45,1140,120.55555555555551,0.0
Cytb,Aves,Corvus_corone,A>G,7.92474,45,1140,161.5111111111111,0.060206490514614186
Cytb,Aves,Corvus_corone,A>T,1.0,45,1140,120.55555555555551,0.010178258256255773
Cytb,Aves,Corvus_corone,C>A,0.0,45,1140,61.93333333333332,0.0
Cytb,Aves,Corvus_corone,C>G,1.0,45,1140,61.93333333333332,0.019812361334835864
Cytb,Aves,Corvus_corone,C>T,15.664555,45,1140,208.64444444444445,0.0921238186129327
Cytb,Aves,Corvus_corone,G>A,2.99984,45,1140,9.311111111111108,0.3953277288601343
Cytb,Aves,Corvus_corone,G>C,0.0,45,1140,7.111111111111118,0.0
Cytb,Aves,Corvus_corone,G>T,0.0,45,1140,7.111111111111118,0.0
Cytb,Aves,Corvus_corone,T>A,0.0,45,1140,21.42222222222221,0.0
Cytb,Aves,Corvus_corone,T>C,15.779742,45,1140,45.84444444444441,0.42235134242122724
Cytb,Aves,Corvus_corone,T>G,0.0,45,1140,21.42222222222221,0.0
Cytb,Aves,Acrocephalus_brevipennis,A>C,0.0,17,1128,94.05882352941178,0.0
Cytb,Aves,Acrocephalus_brevipennis,A>G,4.0,17,1128,132.88235294117646,0.11155708291150328
Cytb,Aves,Acrocephalus_brevipennis,A>T,0.0,17,1128,94.05882352941178,0.0
Cytb,Aves,Acrocephalus_brevipennis,C>A,0.0,17,1128,78.76470588235293,0.0
Cytb,Aves,Acrocephalus_brevipennis,C>G,0.0,17,1128,78.76470588235293,0.0
Cytb,Aves,Acrocephalus_brevipennis,C>T,1.9993500000000002,17,1128,221.64705882352945,0.03342961091769365
Cytb,Aves,Acrocephalus_brevipennis,G>A,3.0,17,1128,28.82352941176471,0.3857256892302335
Cytb,Aves,Acrocephalus_brevipennis,G>C,0.0,17,1128,22.823529411764703,0.0
Cytb,Aves,Acrocephalus_brevipennis,G>T,0.0,17,1128,22.823529411764703,0.0
Cytb,Aves,Acrocephalus_brevipennis,T>A,0.0,17,1128,16.764705882352942,0.0
Cytb,Aves,Acrocephalus_brevipennis,T>C,4.0,17,1128,31.58823529411765,0.4692876169405697
Cytb,Aves,Acrocephalus_brevipennis,T>G,0.0,17,1128,16.764705882352942,0.0
Cytb,Aves,Sylvia_minula,A>C,1.0,13,1038,91.84615384615388,0.07343298359055199
Cytb,Aves,Sylvia_minula,A>G,3.99904,13,1038,128.84615384615384,0.20933239271962126
Cytb,Aves,Sylvia_minula,A>T,0.0,13,1038,91.84615384615388,0.0
Cytb,Aves,Sylvia_minula,C>A,0.0,13,1038,84.53846153846153,0.0
Cytb,Aves,Sylvia_minula,C>G,0.0,13,1038,84.53846153846153,0.0
Cytb,Aves,Sylvia_minula,C>T,0.99998,13,1038,193.61538461538464,0.03483402019367141
Cytb,Aves,Sylvia_minula,G>A,0.0,13,1038,7.0,0.0
Cytb,Aves,Sylvia_minula,G>C,0.0,13,1038,4.0,0.0
Cytb,Aves,Sylvia_minula,G>T,0.0,13,1038,4.0,0.0
Cytb,Aves,Sylvia_minula,T>A,0.0,13,1038,25.461538461538463,0.0
Cytb,Aves,Sylvia_minula,T>C,4.99665,13,1038,49.38461538461538,0.6824006034961553
Cytb,Aves,Sylvia_minula,T>G,0.0,13,1038,25.461538461538463,0.0
Cytb,Aves,Pinicola_enucleator,A>C,0.0,26,1140,114.57692307692308,0.0
Cytb,Aves,Pinicola_enucleator,A>G,0.0,26,1140,158.96153846153842,0.0
Cytb,Aves,Pinicola_enucleator,A>T,1.0,26,1140,114.57692307692308,0.014211469048656842
Cytb,Aves,Pinicola_enucleator,C>A,0.0,26,1140,61.92307692307693,0.0
Cytb,Aves,Pinicola_enucleator,C>G,0.0,26,1140,61.92307692307693,0.0
Cytb,Aves,Pinicola_enucleator,C>T,14.815695,26,1140,204.00000000000009,0.11825730847870584
Cytb,Aves,Pinicola_enucleator,G>A,1.0,26,1140,12.76923076923077,0.12751797077092988
Cytb,Aves,Pinicola_enucleator,G>C,0.0,26,1140,10.769230769230774,0.0
Cytb,Aves,Pinicola_enucleator,G>T,0.99937,26,1140,10.769230769230774,0.15110462370422237
Cytb,Aves,Pinicola_enucleator,T>A,0.99918,26,1140,25.07692307692307,0.064879219023905
Cytb,Aves,Pinicola_enucleator,T>C,14.865831,26,1140,46.1923076923077,0.5240294089735801
Cytb,Aves,Pinicola_enucleator,T>G,0.0,26,1140,25.07692307692307,0.0
Cytb,Aves,Forpus_modestus,A>C,0.0,9,1137,99.55555555555556,0.0
Cytb,Aves,Forpus_modestus,A>G,4.800527,9,1137,143.88888888888889,0.17944137162828228
Cytb,Aves,Forpus_modestus,A>T,0.882064,9,1137,99.55555555555556,0.047653578571990145
Cytb,Aves,Forpus_modestus,C>A,0.0,9,1137,85.66666666666667,0.0
Cytb,Aves,Forpus_modestus,C>G,0.0,9,1137,85.66666666666667,0.0
Cytb,Aves,Forpus_modestus,C>T,9.66524,9,1137,219.1111111111111,0.23725160767496534
Cytb,Aves,Forpus_modestus,G>A,0.0,9,1137,15.77777777777778,0.0
Cytb,Aves,Forpus_modestus,G>C,0.0,9,1137,11.222222222222223,0.0
Cytb,Aves,Forpus_modestus,G>T,0.0,9,1137,11.222222222222223,0.0
Cytb,Aves,Forpus_modestus,T>A,0.0,9,1137,17.88888888888889,0.0
Cytb,Aves,Forpus_modestus,T>C,4.216047,9,1137,42.33333333333334,0.5356534421247623
Cytb,Aves,Forpus_modestus,T>G,0.0,9,1137,17.88888888888889,0.0
Cytb,Aves,Phasianus_colchicus,A>C,0.99997,53,1140,91.90566037735849,0.008533814586336888
Cytb,Aves,Phasianus_colchicus,A>G,2.9999700000000002,53,1140,136.13207547169802,0.017284425047486774
Cytb,Aves,Phasianus_colchicus,A>T,1.0,53,1140,91.90566037735849,0.008534070608455142
Cytb,Aves,Phasianus_colchicus,C>A,0.0,53,1140,86.54716981132076,0.0
Cytb,Aves,Phasianus_colchicus,C>G,0.0,53,1140,86.54716981132076,0.0
Cytb,Aves,Phasianus_colchicus,C>T,9.997530000000001,53,1140,203.0943396226415,0.03860942983804846
Cytb,Aves,Phasianus_colchicus,G>A,11.99951,53,1140,12.83018867924529,0.7335487149574003
Cytb,Aves,Phasianus_colchicus,G>C,0.0,53,1140,5.018867924528308,0.0
Cytb,Aves,Phasianus_colchicus,G>T,0.0,53,1140,5.018867924528308,0.0
Cytb,Aves,Phasianus_colchicus,T>A,1.0,53,1140,29.905660377358508,0.026226787339927428
Cytb,Aves,Phasianus_colchicus,T>C,12.99653,53,1140,60.943396226415146,0.16726275762234497
Cytb,Aves,Phasianus_colchicus,T>G,0.0,53,1140,29.905660377358508,0.0
Cytb,Aves,Geothlypis_philadelphia,A>C,0.0,31,1083,90.45161290322584,0.0
Cytb,Aves,Geothlypis_philadelphia,A>G,9.98753,31,1083,129.1935483870967,0.05237795940700239
Cytb,Aves,Geothlypis_philadelphia,A>T,0.0,31,1083,90.45161290322584,0.0
Cytb,Aves,Geothlypis_philadelphia,C>A,0.0,31,1083,87.35483870967745,0.0
Cytb,Aves,Geothlypis_philadelphia,C>G,0.0,31,1083,87.35483870967745,0.0
Cytb,Aves,Geothlypis_philadelphia,C>T,5.98765,31,1083,216.2903225806452,0.01875644908345476
Cytb,Aves,Geothlypis_philadelphia,G>A,8.95473,31,1083,12.774193548387094,0.47495264225420136
Cytb,Aves,Geothlypis_philadelphia,G>C,1.0,31,1083,6.5483870967741895,0.1034658334337227
Cytb,Aves,Geothlypis_philadelphia,G>T,0.0,31,1083,6.5483870967741895,0.0
Cytb,Aves,Geothlypis_philadelphia,T>A,0.0,31,1083,15.677419354838705,0.0
Cytb,Aves,Geothlypis_philadelphia,T>C,19.988781,31,1083,38.64516129032259,0.3504471158216188
Cytb,Aves,Geothlypis_philadelphia,T>G,0.0,31,1083,15.677419354838705,0.0
Cytb,Aves,Malacoptila_rufa,A>C,1.975126,40,948,66.07499999999999,0.017742476749830927
Cytb,Aves,Malacoptila_rufa,A>G,15.033418,40,948,93.85000000000004,0.09507800637650586
Cytb,Aves,Malacoptila_rufa,A>T,0.0,40,948,66.07499999999999,0.0
Cytb,Aves,Malacoptila_rufa,C>A,0.99901,40,948,97.625,0.006073868696970629
Cytb,Aves,Malacoptila_rufa,C>G,0.0,40,948,97.625,0.0
Cytb,Aves,Malacoptila_rufa,C>T,16.580529,40,948,210.4,0.04677451119364647
Cytb,Aves,Malacoptila_rufa,G>A,12.678655000000001,40,948,13.599999999999998,0.5533384976732896
Cytb,Aves,Malacoptila_rufa,G>C,0.0,40,948,7.050000000000001,0.0
Cytb,Aves,Malacoptila_rufa,G>T,0.0,40,948,7.050000000000001,0.0
Cytb,Aves,Malacoptila_rufa,T>A,1.0,40,948,12.825,0.046280627297965164
Cytb,Aves,Malacoptila_rufa,T>C,8.26466,40,948,20.9,0.23471201201179134
Cytb,Aves,Malacoptila_rufa,T>G,0.0,40,948,12.825,0.0
Cytb,Aves,Piaya_cayana,A>C,1.0,13,1140,106.30769230769234,0.012827846562555187
Cytb,Aves,Piaya_cayana,A>G,2.052087,13,1140,150.30769230769232,0.018617999287398986
Cytb,Aves,Piaya_cayana,A>T,0.0,13,1140,106.30769230769234,0.0
Cytb,Aves,Piaya_cayana,C>A,0.99793,13,1140,79.23076923076925,0.017176103704539716
Cytb,Aves,Piaya_cayana,C>G,0.0,13,1140,79.23076923076925,0.0
Cytb,Aves,Piaya_cayana,C>T,4.61751,13,1140,213.0,0.02956287645988832
Cytb,Aves,Piaya_cayana,G>A,5.5037,13,1140,12.615384615384617,0.5949393636133841
Cytb,Aves,Piaya_cayana,G>C,0.99891,13,1140,8.692307692307692,0.1567146932561626
Cytb,Aves,Piaya_cayana,G>T,0.0,13,1140,8.692307692307692,0.0
Cytb,Aves,Piaya_cayana,T>A,0.0,13,1140,21.000000000000004,0.0
Cytb,Aves,Piaya_cayana,T>C,6.594096,13,1140,52.84615384615384,0.17016111711607115
Cytb,Aves,Piaya_cayana,T>G,0.0,13,1140,21.000000000000004,0.0
Cytb,Aves,Phylloscopus_collybita,A>C,0.0,33,1140,112.39393939393936,0.0
Cytb,Aves,Phylloscopus_collybita,A>G,8.420749,33,1140,157.39393939393935,0.043225801240278375
Cytb,Aves,Phylloscopus_collybita,A>T,0.0,33,1140,112.39393939393936,0.0
Cytb,Aves,Phylloscopus_collybita,C>A,1.0,33,1140,67.72727272727273,0.011929349090675112
Cytb,Aves,Phylloscopus_collybita,C>G,0.0,33,1140,67.72727272727273,0.0
Cytb,Aves,Phylloscopus_collybita,C>T,27.258924,33,1140,206.6363636363637,0.10658161419840544
Cytb,Aves,Phylloscopus_collybita,G>A,5.992,33,1140,9.757575757575756,0.4961468153546958
Cytb,Aves,Phylloscopus_collybita,G>C,0.0,33,1140,7.696969696969692,0.0
Cytb,Aves,Phylloscopus_collybita,G>T,0.0,33,1140,7.696969696969692,0.0
Cytb,Aves,Phylloscopus_collybita,T>A,0.0,33,1140,26.454545454545453,0.0
Cytb,Aves,Phylloscopus_collybita,T>C,19.368994999999998,33,1140,50.21212121212121,0.3116584121667826
Cytb,Aves,Phylloscopus_collybita,T>G,0.99729,33,1140,26.454545454545453,0.030458007949162688
Cytb,Aves,Thraupis_sayaca,A>C,0.0,13,1140,86.07692307692307,0.0
Cytb,Aves,Thraupis_sayaca,A>G,2.99995,13,1140,128.15384615384616,0.143495432986931
Cytb,Aves,Thraupis_sayaca,A>T,0.0,13,1140,86.07692307692307,0.0
Cytb,Aves,Thraupis_sayaca,C>A,0.0,13,1140,91.84615384615384,0.0
Cytb,Aves,Thraupis_sayaca,C>G,0.0,13,1140,91.84615384615384,0.0
Cytb,Aves,Thraupis_sayaca,C>T,4.99997,13,1140,232.15384615384616,0.13202227822411958
Cytb,Aves,Thraupis_sayaca,G>A,0.99999,13,1140,13.999999999999998,0.4378479581295467
Cytb,Aves,Thraupis_sayaca,G>C,0.0,13,1140,8.230769230769232,0.0
Cytb,Aves,Thraupis_sayaca,G>T,0.0,13,1140,8.230769230769232,0.0
Cytb,Aves,Thraupis_sayaca,T>A,0.0,13,1140,24.923076923076923,0.0
Cytb,Aves,Thraupis_sayaca,T>C,1.99988,13,1140,42.76923076923077,0.2866343306594027
Cytb,Aves,Thraupis_sayaca,T>G,0.0,13,1140,24.923076923076923,0.0
Cytb,Aves,Ectopistes_migratorius,A>C,0.0,21,1140,90.33333333333334,0.0
Cytb,Aves,Ectopistes_migratorius,A>G,3.9974600000000002,21,1140,136.2380952380952,0.088550752956907
Cytb,Aves,Ectopistes_migratorius,A>T,0.99994,21,1140,90.33333333333334,0.033406624855103796
Cytb,Aves,Ectopistes_migratorius,C>A,0.0,21,1140,75.80952380952382,0.0
Cytb,Aves,Ectopistes_migratorius,C>G,0.0,21,1140,75.80952380952382,0.0
Cytb,Aves,Ectopistes_migratorius,C>T,8.0,21,1140,208.4761904761905,0.11580844206546756
Cytb,Aves,Ectopistes_migratorius,G>A,2.0,21,1140,9.61904761904762,0.6274868308943279
Cytb,Aves,Ectopistes_migratorius,G>C,0.0,21,1140,5.619047619047619,0.0
Cytb,Aves,Ectopistes_migratorius,G>T,0.0,21,1140,5.619047619047619,0.0
Cytb,Aves,Ectopistes_migratorius,T>A,0.0,21,1140,40.04761904761905,0.0
Cytb,Aves,Ectopistes_migratorius,T>C,3.0,21,1140,67.19047619047619,0.13474734922819376
Cytb,Aves,Ectopistes_migratorius,T>G,0.0,21,1140,40.04761904761905,0.0
Cytb,Aves,Phylloscartes_ventralis,A>C,0.0,15,1014,80.2,0.0
Cytb,Aves,Phylloscartes_ventralis,A>G,4.74746,15,1014,123.73333333333336,0.052256560185691074
Cytb,Aves,Phylloscartes_ventralis,A>T,0.99747,15,1014,80.2,0.016939153035815585
Cytb,Aves,Phylloscartes_ventralis,C>A,0.0,15,1014,75.06666666666666,0.0
Cytb,Aves,Phylloscartes_ventralis,C>G,0.0,15,1014,75.06666666666666,0.0
Cytb,Aves,Phylloscartes_ventralis,C>T,6.956226,15,1014,176.19999999999996,0.053769252193353906
Cytb,Aves,Phylloscartes_ventralis,G>A,2.0,15,1014,4.133333333333335,0.6590157324510413
Cytb,Aves,Phylloscartes_ventralis,G>C,0.0,15,1014,2.0,0.0
Cytb,Aves,Phylloscartes_ventralis,G>T,0.0,15,1014,2.0,0.0
Cytb,Aves,Phylloscartes_ventralis,T>A,0.0,15,1014,26.066666666666677,0.0
Cytb,Aves,Phylloscartes_ventralis,T>C,9.9888,15,1014,62.39999999999999,0.21801930213409815
Cytb,Aves,Phylloscartes_ventralis,T>G,0.0,15,1014,26.066666666666677,0.0
Cytb,Aves,Piranga_rubra,A>C,0.0,32,1083,95.34375,0.0
Cytb,Aves,Piranga_rubra,A>G,3.99998,32,1083,133.40625,0.05879678996832672
Cytb,Aves,Piranga_rubra,A>T,0.0,32,1083,95.34375,0.0
Cytb,Aves,Piranga_rubra,C>A,1.0,32,1083,72.09375,0.027200341503960095
Cytb,Aves,Piranga_rubra,C>G,0.0,32,1083,72.09375,0.0
Cytb,Aves,Piranga_rubra,C>T,6.99989,32,1083,207.4375,0.0661722525334119
Cytb,Aves,Piranga_rubra,G>A,1.0,32,1083,13.09375,0.14976417147884474
Cytb,Aves,Piranga_rubra,G>C,2.0,32,1083,9.125,0.42980265650435573
Cytb,Aves,Piranga_rubra,G>T,0.0,32,1083,9.125,0.0
Cytb,Aves,Piranga_rubra,T>A,0.0,32,1083,24.625,0.0
Cytb,Aves,Piranga_rubra,T>C,5.99788,32,1083,43.84375,0.2682637880111008
Cytb,Aves,Piranga_rubra,T>G,0.0,32,1083,24.625,0.0
Cytb,Aves,Ara_macao,A>C,0.99992,10,1065,85.6,0.0959016981937212
Cytb,Aves,Ara_macao,A>G,2.994723,10,1065,127.9,0.19222989148728833
Cytb,Aves,Ara_macao,A>T,0.0,10,1065,85.6,0.0
Cytb,Aves,Ara_macao,C>A,0.0,10,1065,64.4,0.0
Cytb,Aves,Ara_macao,C>G,0.0,10,1065,64.4,0.0
Cytb,Aves,Ara_macao,C>T,4.967689,10,1065,187.90000000000003,0.21705131747725445
Cytb,Aves,Ara_macao,G>A,0.0,10,1065,15.499999999999998,0.0
Cytb,Aves,Ara_macao,G>C,0.0,10,1065,6.6000000000000005,0.0
Cytb,Aves,Ara_macao,G>T,0.0,10,1065,6.6000000000000005,0.0
Cytb,Aves,Ara_macao,T>A,0.0,10,1065,33.4,0.0
Cytb,Aves,Ara_macao,T>C,3.995981,10,1065,66.3,0.49481709284173603
Cytb,Aves,Ara_macao,T>G,0.0,10,1065,33.4,0.0
Cytb,Aves,Myrmotherula_axillaris,A>C,2.0,106,1017,81.92452830188677,0.013175862783856832
Cytb,Aves,Myrmotherula_axillaris,A>G,12.99609,106,1017,125.8113207547169,0.0557514293023704
Cytb,Aves,Myrmotherula_axillaris,A>T,1.9982,106,1017,81.92452830188677,0.01316400450735136
Cytb,Aves,Myrmotherula_axillaris,C>A,2.99972,106,1017,64.66037735849058,0.025038338187274713
Cytb,Aves,Myrmotherula_axillaris,C>G,0.0,106,1017,64.66037735849058,0.0
Cytb,Aves,Myrmotherula_axillaris,C>T,29.903113,106,1017,171.83018867924525,0.09392472933333885
Cytb,Aves,Myrmotherula_axillaris,G>A,9.862677,106,1017,9.745283018867925,0.5462146841191288
Cytb,Aves,Myrmotherula_axillaris,G>C,0.0,106,1017,2.7358490566037768,0.0
Cytb,Aves,Myrmotherula_axillaris,G>T,0.0,106,1017,2.7358490566037768,0.0
Cytb,Aves,Myrmotherula_axillaris,T>A,0.0,106,1017,32.88679245283018,0.0
Cytb,Aves,Myrmotherula_axillaris,T>C,27.205254,106,1017,62.132075471698094,0.23631970787468073
Cytb,Aves,Myrmotherula_axillaris,T>G,1.0,106,1017,32.88679245283018,0.016411243891998384
Cytb,Aves,Hypsipetes_leucocephalus,A>C,0.0,14,1140,100.71428571428572,0.0
Cytb,Aves,Hypsipetes_leucocephalus,A>G,5.997,14,1140,143.57142857142856,0.12958326473340367
Cytb,Aves,Hypsipetes_leucocephalus,A>T,0.0,14,1140,100.71428571428572,0.0
Cytb,Aves,Hypsipetes_leucocephalus,C>A,0.0,14,1140,79.28571428571429,0.0
Cytb,Aves,Hypsipetes_leucocephalus,C>G,0.0,14,1140,79.28571428571429,0.0
Cytb,Aves,Hypsipetes_leucocephalus,C>T,4.9979499999999994,14,1140,219.14285714285717,0.07075342662250142
Cytb,Aves,Hypsipetes_leucocephalus,G>A,1.99999,14,1140,17.42857142857143,0.35599911950829344
Cytb,Aves,Hypsipetes_leucocephalus,G>C,0.0,14,1140,11.357142857142858,0.0
Cytb,Aves,Hypsipetes_leucocephalus,G>T,0.0,14,1140,11.357142857142858,0.0
Cytb,Aves,Hypsipetes_leucocephalus,T>A,0.0,14,1140,20.71428571428571,0.0
Cytb,Aves,Hypsipetes_leucocephalus,T>C,5.98606,14,1140,41.85714285714286,0.4436641891358014
Cytb,Aves,Hypsipetes_leucocephalus,T>G,0.0,14,1140,20.71428571428571,0.0
Cytb,Aves,Pica_pica,A>C,1.99969,92,1122,108.55434782608704,0.007830557203652659
Cytb,Aves,Pica_pica,A>G,27.9734,92,1122,154.04347826086965,0.07719321931644837
Cytb,Aves,Pica_pica,A>T,0.0,92,1122,108.55434782608704,0.0
Cytb,Aves,Pica_pica,C>A,2.0,92,1122,61.9565217391304,0.013722087413527905
Cytb,Aves,Pica_pica,C>G,0.99995,92,1122,61.9565217391304,0.006860700654578615
Cytb,Aves,Pica_pica,C>T,41.897987,92,1122,191.33695652173915,0.09308324400300165
Cytb,Aves,Pica_pica,G>A,11.98426,92,1122,8.358695652173923,0.6094666195362421
Cytb,Aves,Pica_pica,G>C,0.0,92,1122,4.57608695652174,0.0
Cytb,Aves,Pica_pica,G>T,0.0,92,1122,4.57608695652174,0.0
Cytb,Aves,Pica_pica,T>A,1.0,92,1122,27.945652173913057,0.015211182080340136
Cytb,Aves,Pica_pica,T>C,26.948973000000002,92,1122,70.9673913043478,0.16142120771186852
Cytb,Aves,Pica_pica,T>G,1.0,92,1122,27.945652173913057,0.015211182080340136
Cytb,Aves,Melospiza_lincolnii,A>C,0.0,25,1140,82.12,0.0
Cytb,Aves,Melospiza_lincolnii,A>G,4.99972,25,1140,122.92000000000002,0.11752687206074947
Cytb,Aves,Melospiza_lincolnii,A>T,0.0,25,1140,82.12,0.0
Cytb,Aves,Melospiza_lincolnii,C>A,0.0,25,1140,94.8,0.0
Cytb,Aves,Melospiza_lincolnii,C>G,1.0,25,1140,94.8,0.030479350543434917
Cytb,Aves,Melospiza_lincolnii,C>T,4.99999,25,1140,237.64,0.060794408614559155
Cytb,Aves,Melospiza_lincolnii,G>A,4.0,25,1140,16.200000000000003,0.7134425756833653
Cytb,Aves,Melospiza_lincolnii,G>C,0.0,25,1140,13.0,0.0
Cytb,Aves,Melospiza_lincolnii,G>T,0.0,25,1140,13.0,0.0
Cytb,Aves,Melospiza_lincolnii,T>A,0.0,25,1140,25.08,0.0
Cytb,Aves,Melospiza_lincolnii,T>C,1.0,25,1140,37.16,0.07775679309789103
Cytb,Aves,Melospiza_lincolnii,T>G,0.0,25,1140,25.08,0.0
Cytb,Aves,Corvus_splendens,A>C,1.0,81,1140,113.76543209876536,0.007353862388189617
Cytb,Aves,Corvus_splendens,A>G,18.99099,81,1140,159.75308641975317,0.09945443786712473
Cytb,Aves,Corvus_splendens,A>T,1.0,81,1140,113.76543209876536,0.007353862388189617
Cytb,Aves,Corvus_splendens,C>A,1.9997,81,1140,68.13580246913583,0.02455360646163478
Cytb,Aves,Corvus_splendens,C>G,0.0,81,1140,68.13580246913583,0.0
Cytb,Aves,Corvus_splendens,C>T,25.98506,81,1140,207.7283950617284,0.10465348079806586
Cytb,Aves,Corvus_splendens,G>A,5.99823,81,1140,11.283950617283942,0.4447211224319785
Cytb,Aves,Corvus_splendens,G>C,0.0,81,1140,10.234567901234566,0.0
Cytb,Aves,Corvus_splendens,G>T,0.0,81,1140,10.234567901234566,0.0
Cytb,Aves,Corvus_splendens,T>A,0.0,81,1140,20.81481481481482,0.0
Cytb,Aves,Corvus_splendens,T>C,17.98757,81,1140,48.246913580246925,0.31190962766481695
Cytb,Aves,Corvus_splendens,T>G,0.0,81,1140,20.81481481481482,0.0
Cytb,Aves,Galbula_leucogastra,A>C,0.0,18,993,61.888888888888886,0.0
Cytb,Aves,Galbula_leucogastra,A>G,3.83995,18,993,95.88888888888889,0.10573769252565929
Cytb,Aves,Galbula_leucogastra,A>T,0.0,18,993,61.888888888888886,0.0
Cytb,Aves,Galbula_leucogastra,C>A,0.992811,18,993,86.05555555555554,0.030462126216214563
Cytb,Aves,Galbula_leucogastra,C>G,0.0,18,993,86.05555555555554,0.0
Cytb,Aves,Galbula_leucogastra,C>T,8.595581000000001,18,993,194.05555555555557,0.11695578338279525
Cytb,Aves,Galbula_leucogastra,G>A,1.998201,18,993,15.111111111111112,0.3491526307008961
Cytb,Aves,Galbula_leucogastra,G>C,0.0,18,993,9.555555555555555,0.0
Cytb,Aves,Galbula_leucogastra,G>T,0.99877,18,993,9.555555555555555,0.27598284845159055
Cytb,Aves,Galbula_leucogastra,T>A,0.0,18,993,24.166666666666664,0.0
Cytb,Aves,Galbula_leucogastra,T>C,2.412283,18,993,52.33333333333333,0.12170891872284426
Cytb,Aves,Galbula_leucogastra,T>G,0.0,18,993,24.166666666666664,0.0
Cytb,Aves,Upupa_epops,A>C,0.0,54,1140,95.98148148148138,0.0
Cytb,Aves,Upupa_epops,A>G,4.99996,54,1140,147.07407407407422,0.032361455221537376
Cytb,Aves,Upupa_epops,A>T,2.0,54,1140,95.98148148148138,0.01983536434523005
Cytb,Aves,Upupa_epops,C>A,2.0,54,1140,80.66666666666666,0.023601169284051256
Cytb,Aves,Upupa_epops,C>G,0.0,54,1140,80.66666666666666,0.0
Cytb,Aves,Upupa_epops,C>T,19.9999,54,1140,206.44444444444449,0.09221939304616096
Cytb,Aves,Upupa_epops,G>A,6.0,54,1140,10.185185185185183,0.5607637821890579
Cytb,Aves,Upupa_epops,G>C,0.0,54,1140,3.111111111111109,0.0
Cytb,Aves,Upupa_epops,G>T,0.0,54,1140,3.111111111111109,0.0
Cytb,Aves,Upupa_epops,T>A,1.0,54,1140,27.148148148148145,0.035063674420643676
Cytb,Aves,Upupa_epops,T>C,14.99993,54,1140,60.46296296296296,0.23615516149331867
Cytb,Aves,Upupa_epops,T>G,0.0,54,1140,27.148148148148145,0.0
Cytb,Aves,Pterodroma_arminjoniana,A>C,0.0,12,993,79.83333333333334,0.0
Cytb,Aves,Pterodroma_arminjoniana,A>G,2.971091,12,993,123.66666666666669,0.03705211916525493
Cytb,Aves,Pterodroma_arminjoniana,A>T,0.0,12,993,79.83333333333334,0.0
Cytb,Aves,Pterodroma_arminjoniana,C>A,0.0,12,993,66.83333333333333,0.0
Cytb,Aves,Pterodroma_arminjoniana,C>G,0.0,12,993,66.83333333333333,0.0
Cytb,Aves,Pterodroma_arminjoniana,C>T,4.911512,12,993,172.75,0.0438477089836768
Cytb,Aves,Pterodroma_arminjoniana,G>A,5.90058,12,993,13.333333333333332,0.682504814862861
Cytb,Aves,Pterodroma_arminjoniana,G>C,0.0,12,993,7.75,0.0
Cytb,Aves,Pterodroma_arminjoniana,G>T,0.0,12,993,7.75,0.0
Cytb,Aves,Pterodroma_arminjoniana,T>A,0.0,12,993,25.08333333333333,0.0
Cytb,Aves,Pterodroma_arminjoniana,T>C,8.93619,12,993,58.25,0.2365953569882073
Cytb,Aves,Pterodroma_arminjoniana,T>G,0.0,12,993,25.08333333333333,0.0
Cytb,Aves,Copsychus_saularis,A>C,2.674849,26,1140,105.5,0.01979726508317411
Cytb,Aves,Copsychus_saularis,A>G,10.74231,26,1140,147.57692307692307,0.056837846833884764
Cytb,Aves,Copsychus_saularis,A>T,1.0,26,1140,105.5,0.007401264551073392
Cytb,Aves,Copsychus_saularis,C>A,1.0,26,1140,84.88461538461539,0.00919876242120268
Cytb,Aves,Copsychus_saularis,C>G,0.0,26,1140,84.88461538461539,0.0
Cytb,Aves,Copsychus_saularis,C>T,15.840995,26,1140,227.38461538461544,0.054397603483026746
Cytb,Aves,Copsychus_saularis,G>A,8.698931,26,1140,13.615384615384617,0.49887800816234223
Cytb,Aves,Copsychus_saularis,G>C,0.319771,26,1140,7.499999999999999,0.03329171738577548
Cytb,Aves,Copsychus_saularis,G>T,0.0,26,1140,7.499999999999999,0.0
Cytb,Aves,Copsychus_saularis,T>A,0.63734,26,1140,13.461538461538462,0.036968758588729146
Cytb,Aves,Copsychus_saularis,T>C,13.141850999999999,26,1140,36.23076923076923,0.2832287734907915
Cytb,Aves,Copsychus_saularis,T>G,0.0,26,1140,13.461538461538462,0.0
Cytb,Aves,Automolus_ochrolaemus,A>C,1.0,102,1026,92.22549019607844,0.005538691056400486
Cytb,Aves,Automolus_ochrolaemus,A>G,14.759262,102,1026,141.15686274509795,0.05340977620980014
Cytb,Aves,Automolus_ochrolaemus,A>T,1.99818,102,1026,92.22549019607844,0.011067301695078325
Cytb,Aves,Automolus_ochrolaemus,C>A,0.0,102,1026,58.4803921568628,0.0
Cytb,Aves,Automolus_ochrolaemus,C>G,0.0,102,1026,58.4803921568628,0.0
Cytb,Aves,Automolus_ochrolaemus,C>T,40.16302,102,1026,157.70588235294122,0.1300878039807797
Cytb,Aves,Automolus_ochrolaemus,G>A,1.0,102,1026,2.705882352941173,0.18877705350565016
Cytb,Aves,Automolus_ochrolaemus,G>C,0.99995,102,1026,1.5294117647058807,0.3339734720783401
Cytb,Aves,Automolus_ochrolaemus,G>T,0.0,102,1026,1.5294117647058807,0.0
Cytb,Aves,Automolus_ochrolaemus,T>A,0.658758,102,1026,30.77450980392157,0.010934347500115921
Cytb,Aves,Automolus_ochrolaemus,T>C,38.024042,102,1026,72.96078431372551,0.2662115539738352
Cytb,Aves,Automolus_ochrolaemus,T>G,0.0,102,1026,30.77450980392157,0.0
Cytb,Aves,Sphyrapicus_ruber,A>C,0.0,11,1038,71.18181818181817,0.0
Cytb,Aves,Sphyrapicus_ruber,A>G,0.99997,11,1038,109.09090909090908,0.027143433711665586
Cytb,Aves,Sphyrapicus_ruber,A>T,2.0,11,1038,71.18181818181817,0.08320076027312417
Cytb,Aves,Sphyrapicus_ruber,C>A,0.0,11,1038,80.90909090909089,0.0
Cytb,Aves,Sphyrapicus_ruber,C>G,0.0,11,1038,80.90909090909089,0.0
Cytb,Aves,Sphyrapicus_ruber,C>T,2.99991,11,1038,192.09090909090912,0.046245320095596815
Cytb,Aves,Sphyrapicus_ruber,G>A,1.9953699999999999,11,1038,8.90909090909091,0.6632181821607238
Cytb,Aves,Sphyrapicus_ruber,G>C,0.0,11,1038,5.818181818181817,0.0
Cytb,Aves,Sphyrapicus_ruber,G>T,0.0,11,1038,5.818181818181817,0.0
Cytb,Aves,Sphyrapicus_ruber,T>A,0.0,11,1038,38.090909090909086,0.0
Cytb,Aves,Sphyrapicus_ruber,T>C,3.99959,11,1038,65.72727272727272,0.18019230375888964
Cytb,Aves,Sphyrapicus_ruber,T>G,0.0,11,1038,38.090909090909086,0.0
Cytb,Aves,Aulacorhynchus_derbianus,A>C,0.0,16,1011,67.5625,0.0
Cytb,Aves,Aulacorhynchus_derbianus,A>G,2.8308530000000003,16,1011,104.6875,0.07893014193790567
Cytb,Aves,Aulacorhynchus_derbianus,A>T,1.99979,16,1011,67.5625,0.08639708216442472
Cytb,Aves,Aulacorhynchus_derbianus,C>A,0.99956,16,1011,96.25,0.03031297244378921
Cytb,Aves,Aulacorhynchus_derbianus,C>G,0.0,16,1011,96.25,0.0
Cytb,Aves,Aulacorhynchus_derbianus,C>T,11.612442,16,1011,206.25,0.16434254008148275
Cytb,Aves,Aulacorhynchus_derbianus,G>A,0.0,16,1011,6.125,0.0
Cytb,Aves,Aulacorhynchus_derbianus,G>C,0.0,16,1011,3.125,0.0
Cytb,Aves,Aulacorhynchus_derbianus,G>T,0.0,16,1011,3.125,0.0
Cytb,Aves,Aulacorhynchus_derbianus,T>A,0.0,16,1011,20.1875,0.0
Cytb,Aves,Aulacorhynchus_derbianus,T>C,9.428438,16,1011,43.0,0.6400172633723977
Cytb,Aves,Aulacorhynchus_derbianus,T>G,0.0,16,1011,20.1875,0.0
Cytb,Aves,Dendrexetastes_rufigula,A>C,1.492909,19,981,91.05263157894736,0.039329765999219245
Cytb,Aves,Dendrexetastes_rufigula,A>G,4.496999,19,981,130.57894736842104,0.0826095309251307
Cytb,Aves,Dendrexetastes_rufigula,A>T,0.0,19,981,91.05263157894736,0.0
Cytb,Aves,Dendrexetastes_rufigula,C>A,0.0,19,981,62.31578947368421,0.0
Cytb,Aves,Dendrexetastes_rufigula,C>G,0.0,19,981,62.31578947368421,0.0
Cytb,Aves,Dendrexetastes_rufigula,C>T,13.22917,19,981,170.6842105263158,0.18591728905133306
Cytb,Aves,Dendrexetastes_rufigula,G>A,0.989881,19,981,9.26315789473684,0.2563329584903783
Cytb,Aves,Dendrexetastes_rufigula,G>C,0.0,19,981,4.526315789473685,0.0
Cytb,Aves,Dendrexetastes_rufigula,G>T,0.0,19,981,4.526315789473685,0.0
Cytb,Aves,Dendrexetastes_rufigula,T>A,0.0,19,981,20.26315789473684,0.0
Cytb,Aves,Dendrexetastes_rufigula,T>C,8.376597,19,981,46.10526315789474,0.4358104555339387
Cytb,Aves,Dendrexetastes_rufigula,T>G,0.0,19,981,20.26315789473684,0.0
Cytb,Aves,Brachyramphus_marmoratus,A>C,0.0,13,1041,100.92307692307692,0.0
Cytb,Aves,Brachyramphus_marmoratus,A>G,3.99921,13,1041,142.84615384615384,0.18409552855834455
Cytb,Aves,Brachyramphus_marmoratus,A>T,0.0,13,1041,100.92307692307692,0.0
Cytb,Aves,Brachyramphus_marmoratus,C>A,0.0,13,1041,62.07692307692306,0.0
Cytb,Aves,Brachyramphus_marmoratus,C>G,0.0,13,1041,62.07692307692306,0.0
Cytb,Aves,Brachyramphus_marmoratus,C>T,2.98957,13,1041,181.23076923076923,0.10847118255693147
Cytb,Aves,Brachyramphus_marmoratus,G>A,0.0,13,1041,8.153846153846153,0.0
Cytb,Aves,Brachyramphus_marmoratus,G>C,0.0,13,1041,4.153846153846153,0.0
Cytb,Aves,Brachyramphus_marmoratus,G>T,0.0,13,1041,4.153846153846153,0.0
Cytb,Aves,Brachyramphus_marmoratus,T>A,0.0,13,1041,25.923076923076923,0.0
Cytb,Aves,Brachyramphus_marmoratus,T>C,5.99988,13,1041,55.76923076923077,0.707433288884724
Cytb,Aves,Brachyramphus_marmoratus,T>G,0.0,13,1041,25.923076923076923,0.0
Cytb,Aves,Chrysolophus_pictus,A>C,0.0,9,1140,95.44444444444444,0.0
Cytb,Aves,Chrysolophus_pictus,A>G,2.99406,9,1140,143.99999999999997,0.17066509330002658
Cytb,Aves,Chrysolophus_pictus,A>T,0.0,9,1140,95.44444444444444,0.0
Cytb,Aves,Chrysolophus_pictus,C>A,1.9999,9,1140,88.66666666666667,0.18513758479784
Cytb,Aves,Chrysolophus_pictus,C>G,0.0,9,1140,88.66666666666667,0.0
Cytb,Aves,Chrysolophus_pictus,C>T,4.900791,9,1140,203.55555555555557,0.19761955517331406
Cytb,Aves,Chrysolophus_pictus,G>A,0.0,9,1140,8.222222222222223,0.0
Cytb,Aves,Chrysolophus_pictus,G>C,0.0,9,1140,2.333333333333333,0.0
Cytb,Aves,Chrysolophus_pictus,G>T,0.0,9,1140,2.333333333333333,0.0
Cytb,Aves,Chrysolophus_pictus,T>A,0.0,9,1140,23.88888888888889,0.0
Cytb,Aves,Chrysolophus_pictus,T>C,2.9984,9,1140,55.11111111111112,0.4465777667288194
Cytb,Aves,Chrysolophus_pictus,T>G,0.0,9,1140,23.88888888888889,0.0
Cytb,Aves,Eopsaltria_australis,A>C,0.0,25,1140,106.75999999999996,0.0
Cytb,Aves,Eopsaltria_australis,A>G,4.68572,25,1140,151.36,0.04466596559629011
Cytb,Aves,Eopsaltria_australis,A>T,0.0,25,1140,106.75999999999996,0.0
Cytb,Aves,Eopsaltria_australis,C>A,0.0,25,1140,74.72,0.0
Cytb,Aves,Eopsaltria_australis,C>G,0.0,25,1140,74.72,0.0
Cytb,Aves,Eopsaltria_australis,C>T,8.648376,25,1140,215.24000000000004,0.057972641909112214
Cytb,Aves,Eopsaltria_australis,G>A,2.33974,25,1140,7.560000000000002,0.4465368630384848
Cytb,Aves,Eopsaltria_australis,G>C,0.308441,25,1140,6.280000000000001,0.07086372401711595
Cytb,Aves,Eopsaltria_australis,G>T,0.0,25,1140,6.280000000000001,0.0
Cytb,Aves,Eopsaltria_australis,T>A,0.0,25,1140,25.520000000000007,0.0
Cytb,Aves,Eopsaltria_australis,T>C,12.735429,25,1140,48.35999999999999,0.3799608054389971
Cytb,Aves,Eopsaltria_australis,T>G,0.0,25,1140,25.520000000000007,0.0
Cytb,Aves,Spinus_magellanicus,A>C,0.0,26,993,94.69230769230772,0.0
Cytb,Aves,Spinus_magellanicus,A>G,6.951156,26,993,131.0,0.048233226502259564
Cytb,Aves,Spinus_magellanicus,A>T,0.99638,26,993,94.69230769230772,0.00956468949583387
Cytb,Aves,Spinus_magellanicus,C>A,1.0,26,993,70.65384615384616,0.012865443640187055
Cytb,Aves,Spinus_magellanicus,C>G,0.0,26,993,70.65384615384616,0.0
Cytb,Aves,Spinus_magellanicus,C>T,14.862926,26,993,197.76923076923077,0.06831344170890598
Cytb,Aves,Spinus_magellanicus,G>A,5.572981,26,993,7.807692307692307,0.6488218208553858
Cytb,Aves,Spinus_magellanicus,G>C,0.0,26,993,6.999999999999999,0.0
Cytb,Aves,Spinus_magellanicus,G>T,0.0,26,993,6.999999999999999,0.0
Cytb,Aves,Spinus_magellanicus,T>A,0.0,26,993,18.230769230769223,0.0
Cytb,Aves,Spinus_magellanicus,T>C,6.976463,26,993,29.884615384615387,0.21220137779742793
Cytb,Aves,Spinus_magellanicus,T>G,0.0,26,993,18.230769230769223,0.0
Cytb,Aves,Catharus_ustulatus,A>C,0.0,32,1140,97.9375,0.0
Cytb,Aves,Catharus_ustulatus,A>G,8.99621,32,1140,145.53125,0.13458268327273779
Cytb,Aves,Catharus_ustulatus,A>T,0.0,32,1140,97.9375,0.0
Cytb,Aves,Catharus_ustulatus,C>A,3.0,32,1140,81.96875,0.0796817383704179
Cytb,Aves,Catharus_ustulatus,C>G,0.0,32,1140,81.96875,0.0
Cytb,Aves,Catharus_ustulatus,C>T,13.9877,32,1140,210.03125,0.14499340537031274
Cytb,Aves,Catharus_ustulatus,G>A,1.0,32,1140,11.59375,0.18778544451536944
Cytb,Aves,Catharus_ustulatus,G>C,0.0,32,1140,7.21875,0.0
Cytb,Aves,Catharus_ustulatus,G>T,0.0,32,1140,7.21875,0.0
Cytb,Aves,Catharus_ustulatus,T>A,0.0,32,1140,23.90625,0.0
Cytb,Aves,Catharus_ustulatus,T>C,10.98772,32,1140,52.8125,0.4529567284711621
Cytb,Aves,Catharus_ustulatus,T>G,0.0,32,1140,23.90625,0.0
Cytb,Aves,Bleda_eximius,A>C,0.0,13,951,89.61538461538463,0.0
Cytb,Aves,Bleda_eximius,A>G,2.9971,13,951,125.23076923076924,0.07485549225123421
Cytb,Aves,Bleda_eximius,A>T,0.0,13,951,89.61538461538463,0.0
Cytb,Aves,Bleda_eximius,C>A,0.0,13,951,61.99999999999999,0.0
Cytb,Aves,Bleda_eximius,C>G,0.0,13,951,61.99999999999999,0.0
Cytb,Aves,Bleda_eximius,C>T,4.990246,13,951,177.6923076923077,0.08783888469352655
Cytb,Aves,Bleda_eximius,G>A,1.99999,13,951,14.153846153846157,0.44196394217780943
Cytb,Aves,Bleda_eximius,G>C,0.0,13,951,11.46153846153846,0.0
Cytb,Aves,Bleda_eximius,G>T,0.0,13,951,11.46153846153846,0.0
Cytb,Aves,Bleda_eximius,T>A,0.0,13,951,16.230769230769234,0.0
Cytb,Aves,Bleda_eximius,T>C,4.9975700000000005,13,951,39.53846153846154,0.39534168087742994
Cytb,Aves,Bleda_eximius,T>G,0.0,13,951,16.230769230769234,0.0
Cytb,Aves,Phylloscopus_poliocephalus,A>C,0.0,17,1038,95.64705882352943,0.0
Cytb,Aves,Phylloscopus_poliocephalus,A>G,9.585936,17,1038,130.17647058823528,0.07458710467152083
Cytb,Aves,Phylloscopus_poliocephalus,A>T,0.0,17,1038,95.64705882352943,0.0
Cytb,Aves,Phylloscopus_poliocephalus,C>A,3.879777,17,1038,70.88235294117648,0.055440910627548336
Cytb,Aves,Phylloscopus_poliocephalus,C>G,0.0,17,1038,70.88235294117648,0.0
Cytb,Aves,Phylloscopus_poliocephalus,C>T,17.232588,17,1038,200.52941176470583,0.08704305824979394
Cytb,Aves,Phylloscopus_poliocephalus,G>A,6.804575,17,1038,14.0,0.4923054980446051
Cytb,Aves,Phylloscopus_poliocephalus,G>C,0.0,17,1038,10.411764705882351,0.0
Cytb,Aves,Phylloscopus_poliocephalus,G>T,0.0,17,1038,10.411764705882351,0.0
Cytb,Aves,Phylloscopus_poliocephalus,T>A,0.0,17,1038,25.529411764705884,0.0
Cytb,Aves,Phylloscopus_poliocephalus,T>C,13.046664,17,1038,45.47058823529411,0.2906234284065318
Cytb,Aves,Phylloscopus_poliocephalus,T>G,0.0,17,1038,25.529411764705884,0.0
Cytb,Aves,Turdus_assimilis,A>C,0.0,44,1053,105.8863636363636,0.0
Cytb,Aves,Turdus_assimilis,A>G,8.99992,44,1053,148.65909090909088,0.051171447446728684
Cytb,Aves,Turdus_assimilis,A>T,0.0,44,1053,105.8863636363636,0.0
Cytb,Aves,Turdus_assimilis,C>A,3.0,44,1053,69.38636363636367,0.03654497357759227
Cytb,Aves,Turdus_assimilis,C>G,0.0,44,1053,69.38636363636367,0.0
Cytb,Aves,Turdus_assimilis,C>T,8.99998,44,1053,190.31818181818176,0.039970703270257826
Cytb,Aves,Turdus_assimilis,G>A,9.84753,44,1053,13.318181818181824,0.6249753642305648
Cytb,Aves,Turdus_assimilis,G>C,0.0,44,1053,9.090909090909088,0.0
Cytb,Aves,Turdus_assimilis,G>T,0.0,44,1053,9.090909090909088,0.0
Cytb,Aves,Turdus_assimilis,T>A,0.0,44,1053,12.590909090909092,0.0
Cytb,Aves,Turdus_assimilis,T>C,10.99999,44,1053,37.5909090909091,0.24733751147485658
Cytb,Aves,Turdus_assimilis,T>G,0.0,44,1053,12.590909090909092,0.0
Cytb,Aves,Pionus_menstruus,A>C,0.0,10,1122,92.2,0.0
Cytb,Aves,Pionus_menstruus,A>G,1.9849869999999998,10,1122,137.9,0.06021232568188717
Cytb,Aves,Pionus_menstruus,A>T,0.0,10,1122,92.2,0.0
Cytb,Aves,Pionus_menstruus,C>A,0.0,10,1122,91.3,0.0
Cytb,Aves,Pionus_menstruus,C>G,0.0,10,1122,91.3,0.0
Cytb,Aves,Pionus_menstruus,C>T,4.9963500000000005,10,1122,231.9,0.09012475690537756
Cytb,Aves,Pionus_menstruus,G>A,1.990974,10,1122,18.1,0.4601283740928404
Cytb,Aves,Pionus_menstruus,G>C,0.0,10,1122,14.9,0.0
Cytb,Aves,Pionus_menstruus,G>T,0.0,10,1122,14.9,0.0
Cytb,Aves,Pionus_menstruus,T>A,0.0,10,1122,13.3,0.0
Cytb,Aves,Pionus_menstruus,T>C,2.99854,10,1122,32.2,0.3895345433198949
Cytb,Aves,Pionus_menstruus,T>G,0.0,10,1122,13.3,0.0
Cytb,Aves,Bleda_notatus,A>C,1.0,42,951,98.09523809523807,0.007260479777433236
Cytb,Aves,Bleda_notatus,A>G,14.8534,42,951,128.50000000000003,0.08232580665993003
Cytb,Aves,Bleda_notatus,A>T,0.0,42,951,98.09523809523807,0.0
Cytb,Aves,Bleda_notatus,C>A,3.9998,42,951,53.26190476190475,0.05348534827749804
Cytb,Aves,Bleda_notatus,C>G,0.0,42,951,53.26190476190475,0.0
Cytb,Aves,Bleda_notatus,C>T,24.905841,42,951,176.1904761904762,0.10067740841517919
Cytb,Aves,Bleda_notatus,G>A,12.861752000000001,42,951,16.642857142857146,0.5504089556927743
Cytb,Aves,Bleda_notatus,G>C,0.0,42,951,12.95238095238096,0.0
Cytb,Aves,Bleda_notatus,G>T,0.0,42,951,12.95238095238096,0.0
Cytb,Aves,Bleda_notatus,T>A,0.0,42,951,19.21428571428572,0.0
Cytb,Aves,Bleda_notatus,T>C,10.955054,42,951,37.90476190476191,0.20584200117718526
Cytb,Aves,Bleda_notatus,T>G,0.0,42,951,19.21428571428572,0.0
Cytb,Aves,Pterodroma_phaeopygia,A>C,0.0,15,1140,96.80000000000004,0.0
Cytb,Aves,Pterodroma_phaeopygia,A>G,2.99696,15,1140,144.1333333333333,0.2620879942403892
Cytb,Aves,Pterodroma_phaeopygia,A>T,0.0,15,1140,96.80000000000004,0.0
Cytb,Aves,Pterodroma_phaeopygia,C>A,0.0,15,1140,74.80000000000001,0.0
Cytb,Aves,Pterodroma_phaeopygia,C>G,1.0,15,1140,74.80000000000001,0.1685112939245224
Cytb,Aves,Pterodroma_phaeopygia,C>T,5.99977,15,1140,202.6,0.3732723082182872
Cytb,Aves,Pterodroma_phaeopygia,G>A,0.0,15,1140,10.866666666666664,0.0
Cytb,Aves,Pterodroma_phaeopygia,G>C,0.0,15,1140,4.199999999999999,0.0
Cytb,Aves,Pterodroma_phaeopygia,G>T,0.0,15,1140,4.199999999999999,0.0
Cytb,Aves,Pterodroma_phaeopygia,T>A,0.0,15,1140,31.266666666666666,0.0
Cytb,Aves,Pterodroma_phaeopygia,T>C,0.99999,15,1140,64.26666666666667,0.1961284036168012
Cytb,Aves,Pterodroma_phaeopygia,T>G,0.0,15,1140,31.266666666666666,0.0
Cytb,Aves,Sephanoides_sephaniodes,A>C,1.0,48,966,76.60416666666666,0.008023527735138218
Cytb,Aves,Sephanoides_sephaniodes,A>G,13.928926,48,966,112.93750000000004,0.07580488825832245
Cytb,Aves,Sephanoides_sephaniodes,A>T,0.0,48,966,76.60416666666666,0.0
Cytb,Aves,Sephanoides_sephaniodes,C>A,1.0,48,966,75.39583333333333,0.008152117016331369
Cytb,Aves,Sephanoides_sephaniodes,C>G,0.0,48,966,75.39583333333333,0.0
Cytb,Aves,Sephanoides_sephaniodes,C>T,9.97453,48,966,186.81249999999991,0.03281740669717667
Cytb,Aves,Sephanoides_sephaniodes,G>A,18.969521,48,966,16.062500000000004,0.7258735552691286
Cytb,Aves,Sephanoides_sephaniodes,G>C,0.0,48,966,11.0,0.0
Cytb,Aves,Sephanoides_sephaniodes,G>T,0.0,48,966,11.0,0.0
Cytb,Aves,Sephanoides_sephaniodes,T>A,0.0,48,966,15.104166666666668,0.0
Cytb,Aves,Sephanoides_sephaniodes,T>C,8.99944,48,966,37.04166666666667,0.14932850502390269
Cytb,Aves,Sephanoides_sephaniodes,T>G,0.0,48,966,15.104166666666668,0.0
Cytb,Aves,Pterodroma_sandwichensis,A>C,0.99978,16,1140,96.0625,0.030605219713198243
Cytb,Aves,Pterodroma_sandwichensis,A>G,5.99495,16,1140,145.5,0.12116230135513117
Cytb,Aves,Pterodroma_sandwichensis,A>T,0.0,16,1140,96.0625,0.0
Cytb,Aves,Pterodroma_sandwichensis,C>A,0.0,16,1140,76.625,0.0
Cytb,Aves,Pterodroma_sandwichensis,C>G,0.0,16,1140,76.625,0.0
Cytb,Aves,Pterodroma_sandwichensis,C>T,5.96982,16,1140,203.5625,0.08623993141986872
Cytb,Aves,Pterodroma_sandwichensis,G>A,2.0,16,1140,9.4375,0.6231864082838052
Cytb,Aves,Pterodroma_sandwichensis,G>C,0.0,16,1140,4.25,0.0
Cytb,Aves,Pterodroma_sandwichensis,G>T,0.0,16,1140,4.25,0.0
Cytb,Aves,Pterodroma_sandwichensis,T>A,0.0,16,1140,31.4375,0.0
Cytb,Aves,Pterodroma_sandwichensis,T>C,2.99735,16,1140,63.5,0.13880613922799656
Cytb,Aves,Pterodroma_sandwichensis,T>G,0.0,16,1140,31.4375,0.0
Cytb,Aves,Rhegmatorhina_melanosticta,A>C,0.0,20,1041,92.84999999999997,0.0
Cytb,Aves,Rhegmatorhina_melanosticta,A>G,5.357463,20,1041,135.3,0.11476164585254367
Cytb,Aves,Rhegmatorhina_melanosticta,A>T,0.0,20,1041,92.84999999999997,0.0
Cytb,Aves,Rhegmatorhina_melanosticta,C>A,0.0,20,1041,59.85,0.0
Cytb,Aves,Rhegmatorhina_melanosticta,C>G,0.0,20,1041,59.85,0.0
Cytb,Aves,Rhegmatorhina_melanosticta,C>T,6.29772,20,1041,158.55,0.11512045188281449
Cytb,Aves,Rhegmatorhina_melanosticta,G>A,2.99999,20,1041,14.6,0.5955282056696519
Cytb,Aves,Rhegmatorhina_melanosticta,G>C,0.0,20,1041,8.25,0.0
Cytb,Aves,Rhegmatorhina_melanosticta,G>T,0.0,20,1041,8.25,0.0
Cytb,Aves,Rhegmatorhina_melanosticta,T>A,0.0,20,1041,29.45,0.0
Cytb,Aves,Rhegmatorhina_melanosticta,T>C,3.99992,20,1041,66.39999999999999,0.17458969659498993
Cytb,Aves,Rhegmatorhina_melanosticta,T>G,0.0,20,1041,29.45,0.0
Cytb,Aves,Pygoscelis_adeliae,A>C,0.0,15,1140,83.53333333333333,0.0
Cytb,Aves,Pygoscelis_adeliae,A>G,3.9999700000000002,15,1140,126.4666666666667,0.2077549076771215
Cytb,Aves,Pygoscelis_adeliae,A>T,1.0,15,1140,83.53333333333333,0.07863408134848712
Cytb,Aves,Pygoscelis_adeliae,C>A,0.0,15,1140,96.73333333333336,0.0
Cytb,Aves,Pygoscelis_adeliae,C>G,0.0,15,1140,96.73333333333336,0.0
Cytb,Aves,Pygoscelis_adeliae,C>T,4.99997,15,1140,226.53333333333327,0.14497927127520718
Cytb,Aves,Pygoscelis_adeliae,G>A,0.0,15,1140,16.266666666666666,0.0
Cytb,Aves,Pygoscelis_adeliae,G>C,0.0,15,1140,9.2,0.0
Cytb,Aves,Pygoscelis_adeliae,G>T,0.0,15,1140,9.2,0.0
Cytb,Aves,Pygoscelis_adeliae,T>A,0.0,15,1140,23.266666666666676,0.0
Cytb,Aves,Pygoscelis_adeliae,T>C,3.99947,15,1140,46.2,0.5686317396991842
Cytb,Aves,Pygoscelis_adeliae,T>G,0.0,15,1140,23.266666666666676,0.0
Cytb,Aves,Artemisiospiza_belli,A>C,0.0,21,1140,83.33333333333331,0.0
Cytb,Aves,Artemisiospiza_belli,A>G,6.99493,21,1140,125.61904761904763,0.17680049076776969
Cytb,Aves,Artemisiospiza_belli,A>T,0.76179,21,1140,83.33333333333331,0.029024991642632707
Cytb,Aves,Artemisiospiza_belli,C>A,1.0,21,1140,98.76190476190472,0.03214890109706671
Cytb,Aves,Artemisiospiza_belli,C>G,0.0,21,1140,98.76190476190472,0.0
Cytb,Aves,Artemisiospiza_belli,C>T,8.94716,21,1140,235.8571428571429,0.12044582771306181
Cytb,Aves,Artemisiospiza_belli,G>A,0.76179,21,1140,14.238095238095234,0.16987871362744897
Cytb,Aves,Artemisiospiza_belli,G>C,0.0,21,1140,8.904761904761905,0.0
Cytb,Aves,Artemisiospiza_belli,G>T,0.0,21,1140,8.904761904761905,0.0
Cytb,Aves,Artemisiospiza_belli,T>A,1.0,21,1140,20.28571428571429,0.15651835886224488
Cytb,Aves,Artemisiospiza_belli,T>C,3.87143,21,1140,39.0,0.31518271628977523
Cytb,Aves,Artemisiospiza_belli,T>G,0.0,21,1140,20.28571428571429,0.0
Cytb,Aves,Sturnella_magna,A>C,0.0,25,1095,93.08,0.0
Cytb,Aves,Sturnella_magna,A>G,4.97149,25,1095,131.56,0.042183265495773926
Cytb,Aves,Sturnella_magna,A>T,0.0,25,1095,93.08,0.0
Cytb,Aves,Sturnella_magna,C>A,1.0,25,1095,79.16,0.014101707604837614
Cytb,Aves,Sturnella_magna,C>G,0.0,25,1095,79.16,0.0
Cytb,Aves,Sturnella_magna,C>T,8.531213,25,1095,207.44000000000003,0.045908782179931856
Cytb,Aves,Sturnella_magna,G>A,6.76474,25,1095,11.96,0.6313895950165239
Cytb,Aves,Sturnella_magna,G>C,0.0,25,1095,7.560000000000003,0.0
Cytb,Aves,Sturnella_magna,G>T,0.0,25,1095,7.560000000000003,0.0
Cytb,Aves,Sturnella_magna,T>A,0.0,25,1095,25.08,0.0
Cytb,Aves,Sturnella_magna,T>C,12.448627,25,1095,52.16,0.2664166497029327
Cytb,Aves,Sturnella_magna,T>G,0.0,25,1095,25.08,0.0
Cytb,Aves,Calcarius_lapponicus,A>C,0.0,17,1134,108.94117647058825,0.0
Cytb,Aves,Calcarius_lapponicus,A>G,4.0,17,1134,153.64705882352942,0.2583402791062063
Cytb,Aves,Calcarius_lapponicus,A>T,0.0,17,1134,108.94117647058825,0.0
Cytb,Aves,Calcarius_lapponicus,C>A,0.0,17,1134,71.88235294117648,0.0
Cytb,Aves,Calcarius_lapponicus,C>G,0.0,17,1134,71.88235294117648,0.0
Cytb,Aves,Calcarius_lapponicus,C>T,4.99759,17,1134,212.35294117647064,0.233538629760201
Cytb,Aves,Calcarius_lapponicus,G>A,0.0,17,1134,12.23529411764706,0.0
Cytb,Aves,Calcarius_lapponicus,G>C,0.0,17,1134,9.117647058823527,0.0
Cytb,Aves,Calcarius_lapponicus,G>T,0.0,17,1134,9.117647058823527,0.0
Cytb,Aves,Calcarius_lapponicus,T>A,0.0,17,1134,18.235294117647054,0.0
Cytb,Aves,Calcarius_lapponicus,T>C,2.0,17,1134,39.05882352941176,0.5081210911335926
Cytb,Aves,Calcarius_lapponicus,T>G,0.0,17,1134,18.235294117647054,0.0
Cytb,Aves,Galbula_cyanicollis,A>C,0.0,18,978,61.77777777777778,0.0
Cytb,Aves,Galbula_cyanicollis,A>G,5.660945,18,978,98.33333333333331,0.08107489828412053
Cytb,Aves,Galbula_cyanicollis,A>T,0.0,18,978,61.77777777777778,0.0
Cytb,Aves,Galbula_cyanicollis,C>A,0.0,18,978,82.8888888888889,0.0
Cytb,Aves,Galbula_cyanicollis,C>G,0.0,18,978,82.8888888888889,0.0
Cytb,Aves,Galbula_cyanicollis,C>T,6.862528,18,978,196.66666666666663,0.04914186231909417
Cytb,Aves,Galbula_cyanicollis,G>A,0.0,18,978,10.22222222222222,0.0
Cytb,Aves,Galbula_cyanicollis,G>C,2.0,18,978,5.888888888888888,0.47829393496619954
Cytb,Aves,Galbula_cyanicollis,G>T,0.0,18,978,5.888888888888888,0.0
Cytb,Aves,Galbula_cyanicollis,T>A,0.964382,18,978,26.11111111111112,0.052014206945319955
Cytb,Aves,Galbula_cyanicollis,T>C,9.73217,18,978,48.00000000000001,0.28553982396780075
Cytb,Aves,Galbula_cyanicollis,T>G,1.0,18,978,26.11111111111112,0.05393527351746503
Cytb,Aves,Chondrohierax_uncinatus,A>C,0.99999,13,984,85.6153846153846,0.03905024841106527
Cytb,Aves,Chondrohierax_uncinatus,A>G,3.306074,13,984,126.7692307692308,0.08719240784910902
Cytb,Aves,Chondrohierax_uncinatus,A>T,0.0,13,984,85.6153846153846,0.0
Cytb,Aves,Chondrohierax_uncinatus,C>A,0.81105,13,984,73.15384615384615,0.03706725450307422
Cytb,Aves,Chondrohierax_uncinatus,C>G,1.0,13,984,73.15384615384615,0.04570279822831419
Cytb,Aves,Chondrohierax_uncinatus,C>T,1.907776,13,984,181.30769230769232,0.03517961697699284
Cytb,Aves,Chondrohierax_uncinatus,G>A,0.99997,13,984,6.0769230769230775,0.5501526229657384
Cytb,Aves,Chondrohierax_uncinatus,G>C,0.0,13,984,3.076923076923077,0.0
Cytb,Aves,Chondrohierax_uncinatus,G>T,0.0,13,984,3.076923076923077,0.0
Cytb,Aves,Chondrohierax_uncinatus,T>A,0.0,13,984,20.923076923076927,0.0
Cytb,Aves,Chondrohierax_uncinatus,T>C,2.99989,13,984,48.76923076923077,0.2056550510657062
Cytb,Aves,Chondrohierax_uncinatus,T>G,0.0,13,984,20.923076923076927,0.0
Cytb,Aves,Meleagris_gallopavo,A>C,0.0,9,1140,95.0,0.0
Cytb,Aves,Meleagris_gallopavo,A>G,2.738902,9,1140,148.88888888888889,0.06125853594975146
Cytb,Aves,Meleagris_gallopavo,A>T,0.799671,9,1140,95.0,0.028031100617630766
Cytb,Aves,Meleagris_gallopavo,C>A,0.0,9,1140,75.77777777777777,0.0
Cytb,Aves,Meleagris_gallopavo,C>G,1.851602,9,1140,75.77777777777777,0.0813688512846004
Cytb,Aves,Meleagris_gallopavo,C>T,2.221954,9,1140,189.66666666666663,0.03901184239082897
Cytb,Aves,Meleagris_gallopavo,G>A,2.804267,9,1140,12.444444444444445,0.7504059294666722
Cytb,Aves,Meleagris_gallopavo,G>C,0.0,9,1140,8.333333333333334,0.0
Cytb,Aves,Meleagris_gallopavo,G>T,0.0,9,1140,8.333333333333334,0.0
Cytb,Aves,Meleagris_gallopavo,T>A,0.0,9,1140,26.88888888888889,0.0
Cytb,Aves,Meleagris_gallopavo,T>C,0.744643,9,1140,62.1111111111111,0.03992374029051634
Cytb,Aves,Meleagris_gallopavo,T>G,0.0,9,1140,26.88888888888889,0.0
Cytb,Aves,Melospiza_melodia,A>C,1.0,30,1137,85.86666666666663,0.02410041778503883
Cytb,Aves,Melospiza_melodia,A>G,4.9888200000000005,30,1137,127.89999999999998,0.08071912868158058
Cytb,Aves,Melospiza_melodia,A>T,0.0,30,1137,85.86666666666663,0.0
Cytb,Aves,Melospiza_melodia,C>A,0.0,30,1137,94.90000000000003,0.0
Cytb,Aves,Melospiza_melodia,C>G,0.0,30,1137,94.90000000000003,0.0
Cytb,Aves,Melospiza_melodia,C>T,9.99765,30,1137,235.00000000000009,0.08803983941184344
Cytb,Aves,Melospiza_melodia,G>A,1.0,30,1137,12.100000000000003,0.1710266562376308
Cytb,Aves,Melospiza_melodia,G>C,0.0,30,1137,10.066666666666666,0.0
Cytb,Aves,Melospiza_melodia,G>T,0.0,30,1137,10.066666666666666,0.0
Cytb,Aves,Melospiza_melodia,T>A,0.0,30,1137,23.966666666666672,0.0
Cytb,Aves,Melospiza_melodia,T>C,11.9881,30,1137,38.99999999999999,0.6361139578839063
Cytb,Aves,Melospiza_melodia,T>G,0.0,30,1137,23.966666666666672,0.0
Cytb,Aves,Cyornis_ruficauda,A>C,0.0,16,1140,115.0,0.0
Cytb,Aves,Cyornis_ruficauda,A>G,7.99026,16,1140,158.25,0.34483987707529723
Cytb,Aves,Cyornis_ruficauda,A>T,1.0,16,1140,115.0,0.05938851263061232
Cytb,Aves,Cyornis_ruficauda,C>A,0.794821,16,1140,70.625,0.07686190803145104
Cytb,Aves,Cyornis_ruficauda,C>G,0.0,16,1140,70.625,0.0
Cytb,Aves,Cyornis_ruficauda,C>T,2.0,16,1140,212.375,0.06431716494427703
Cytb,Aves,Cyornis_ruficauda,G>A,0.0,16,1140,11.125,0.0
Cytb,Aves,Cyornis_ruficauda,G>C,0.0,16,1140,7.0625,0.0
Cytb,Aves,Cyornis_ruficauda,G>T,0.0,16,1140,7.0625,0.0
Cytb,Aves,Cyornis_ruficauda,T>A,0.0,16,1140,22.3125,0.0
Cytb,Aves,Cyornis_ruficauda,T>C,2.99526,16,1140,45.0,0.4545925373183623
Cytb,Aves,Cyornis_ruficauda,T>G,0.0,16,1140,22.3125,0.0
Cytb,Aves,Mionectes_oleagineus,A>C,0.0,13,1125,95.46153846153848,0.0
Cytb,Aves,Mionectes_oleagineus,A>G,3.925884,13,1125,137.46153846153845,0.05388739375745225
Cytb,Aves,Mionectes_oleagineus,A>T,0.0,13,1125,95.46153846153848,0.0
Cytb,Aves,Mionectes_oleagineus,C>A,0.98887,13,1125,79.84615384615384,0.023367707998751923
Cytb,Aves,Mionectes_oleagineus,C>G,0.0,13,1125,79.84615384615384,0.0
Cytb,Aves,Mionectes_oleagineus,C>T,16.567464,13,1125,205.61538461538464,0.15203071773237337
Cytb,Aves,Mionectes_oleagineus,G>A,1.7591649999999999,13,1125,11.153846153846157,0.2975862375494853
Cytb,Aves,Mionectes_oleagineus,G>C,0.0,13,1125,5.769230769230771,0.0
Cytb,Aves,Mionectes_oleagineus,G>T,0.0,13,1125,5.769230769230771,0.0
Cytb,Aves,Mionectes_oleagineus,T>A,0.0,13,1125,23.692307692307693,0.0
Cytb,Aves,Mionectes_oleagineus,T>C,11.135722,13,1125,53.38461538461537,0.3935801427426542
Cytb,Aves,Mionectes_oleagineus,T>G,0.99886,13,1125,23.692307692307693,0.07954780021928286
Cytb,Aves,Lophura_nycthemera,A>C,0.0,30,1080,90.29999999999998,0.0
Cytb,Aves,Lophura_nycthemera,A>G,8.946752,30,1080,132.9666666666667,0.049983689462358545
Cytb,Aves,Lophura_nycthemera,A>T,0.0,30,1080,90.29999999999998,0.0
Cytb,Aves,Lophura_nycthemera,C>A,0.0,30,1080,78.13333333333334,0.0
Cytb,Aves,Lophura_nycthemera,C>G,0.0,30,1080,78.13333333333334,0.0
Cytb,Aves,Lophura_nycthemera,C>T,10.809899,30,1080,199.66666666666657,0.04021811955473483
Cytb,Aves,Lophura_nycthemera,G>A,5.99275,30,1080,5.566666666666667,0.7997175675917831
Cytb,Aves,Lophura_nycthemera,G>C,0.0,30,1080,2.900000000000001,0.0
Cytb,Aves,Lophura_nycthemera,G>T,0.0,30,1080,2.900000000000001,0.0
Cytb,Aves,Lophura_nycthemera,T>A,0.0,30,1080,30.29999999999999,0.0
Cytb,Aves,Lophura_nycthemera,T>C,7.824185,30,1080,52.80000000000001,0.11008062339112362
Cytb,Aves,Lophura_nycthemera,T>G,0.0,30,1080,30.29999999999999,0.0
Cytb,Aves,Microcerculus_marginatus,A>C,0.0,31,1128,105.41935483870968,0.0
Cytb,Aves,Microcerculus_marginatus,A>G,13.457921,31,1128,148.1935483870968,0.09820231007055509
Cytb,Aves,Microcerculus_marginatus,A>T,0.0,31,1128,105.41935483870968,0.0
Cytb,Aves,Microcerculus_marginatus,C>A,1.0,31,1128,76.0967741935484,0.014210415596308607
Cytb,Aves,Microcerculus_marginatus,C>G,0.0,31,1128,76.0967741935484,0.0
Cytb,Aves,Microcerculus_marginatus,C>T,14.700019,31,1128,216.22580645161293,0.07351625864283305
Cytb,Aves,Microcerculus_marginatus,G>A,6.977329,31,1128,19.58064516129032,0.3853321368742901
Cytb,Aves,Microcerculus_marginatus,G>C,0.0,31,1128,13.064516129032256,0.0
Cytb,Aves,Microcerculus_marginatus,G>T,0.0,31,1128,13.064516129032256,0.0
Cytb,Aves,Microcerculus_marginatus,T>A,0.980595,31,1128,14.451612903225804,0.07337470713000276
Cytb,Aves,Microcerculus_marginatus,T>C,13.113198,31,1128,39.903225806451616,0.3553641716860104
Cytb,Aves,Microcerculus_marginatus,T>G,0.0,31,1128,14.451612903225804,0.0
Cytb,Aves,Neopelma_chrysocephalum,A>C,0.99938,18,1035,85.38888888888887,0.045617402917874486
Cytb,Aves,Neopelma_chrysocephalum,A>G,1.9913599999999998,18,1035,127.50000000000004,0.060875264257027
Cytb,Aves,Neopelma_chrysocephalum,A>T,0.0,18,1035,85.38888888888887,0.0
Cytb,Aves,Neopelma_chrysocephalum,C>A,0.0,18,1035,62.11111111111111,0.0
Cytb,Aves,Neopelma_chrysocephalum,C>G,0.99996,18,1035,62.11111111111111,0.06275012486886923
Cytb,Aves,Neopelma_chrysocephalum,C>T,7.99669,18,1035,150.55555555555557,0.20702116090919614
Cytb,Aves,Neopelma_chrysocephalum,G>A,0.99955,18,1035,15.16666666666667,0.25687133718159805
Cytb,Aves,Neopelma_chrysocephalum,G>C,0.0,18,1035,5.444444444444444,0.0
Cytb,Aves,Neopelma_chrysocephalum,G>T,0.0,18,1035,5.444444444444444,0.0
Cytb,Aves,Neopelma_chrysocephalum,T>A,0.0,18,1035,31.777777777777786,0.0
Cytb,Aves,Neopelma_chrysocephalum,T>C,7.99539,18,1035,84.94444444444443,0.366864709865435
Cytb,Aves,Neopelma_chrysocephalum,T>G,0.0,18,1035,31.777777777777786,0.0
Cytb,Aves,Sphyrapicus_varius,A>C,0.0,24,1140,77.04166666666667,0.0
Cytb,Aves,Sphyrapicus_varius,A>G,0.0,24,1140,123.0,0.0
Cytb,Aves,Sphyrapicus_varius,A>T,0.0,24,1140,77.04166666666667,0.0
Cytb,Aves,Sphyrapicus_varius,C>A,0.0,24,1140,93.16666666666669,0.0
Cytb,Aves,Sphyrapicus_varius,C>G,0.0,24,1140,93.16666666666669,0.0
Cytb,Aves,Sphyrapicus_varius,C>T,7.0,24,1140,214.5833333333333,0.08458394991823166
Cytb,Aves,Sphyrapicus_varius,G>A,1.99986,24,1140,10.0,0.5185438685296994
Cytb,Aves,Sphyrapicus_varius,G>C,0.0,24,1140,7.95833333333333,0.0
Cytb,Aves,Sphyrapicus_varius,G>T,0.0,24,1140,7.95833333333333,0.0
Cytb,Aves,Sphyrapicus_varius,T>A,0.0,24,1140,33.833333333333336,0.0
Cytb,Aves,Sphyrapicus_varius,T>C,9.99999,24,1140,65.33333333333334,0.396872181552069
Cytb,Aves,Sphyrapicus_varius,T>G,0.0,24,1140,33.833333333333336,0.0
Cytb,Aves,Melanerpes_aurifrons,A>C,0.0,9,1044,64.44444444444444,0.0
Cytb,Aves,Melanerpes_aurifrons,A>G,1.995381,9,1044,104.22222222222224,0.07488309110539555
Cytb,Aves,Melanerpes_aurifrons,A>T,0.0,9,1044,64.44444444444444,0.0
Cytb,Aves,Melanerpes_aurifrons,C>A,0.0,9,1044,84.44444444444444,0.0
Cytb,Aves,Melanerpes_aurifrons,C>G,0.0,9,1044,84.44444444444444,0.0
Cytb,Aves,Melanerpes_aurifrons,C>T,5.916696,9,1044,192.11111111111111,0.12046060269281897
Cytb,Aves,Melanerpes_aurifrons,G>A,1.87632,9,1044,13.0,0.5645232267755609
Cytb,Aves,Melanerpes_aurifrons,G>C,0.0,9,1044,9.0,0.0
Cytb,Aves,Melanerpes_aurifrons,G>T,0.0,9,1044,9.0,0.0
Cytb,Aves,Melanerpes_aurifrons,T>A,0.0,9,1044,33.0,0.0
Cytb,Aves,Melanerpes_aurifrons,T>C,3.98386,9,1044,64.88888888888889,0.2401330794262246
Cytb,Aves,Melanerpes_aurifrons,T>G,0.0,9,1044,33.0,0.0
Cytb,Aves,Sinosuthora_alphonsiana,A>C,0.0,36,1140,90.88888888888886,0.0
Cytb,Aves,Sinosuthora_alphonsiana,A>G,8.99998,36,1140,130.88888888888889,0.10221522728900044
Cytb,Aves,Sinosuthora_alphonsiana,A>T,1.0,36,1140,90.88888888888886,0.016355583445230606
Cytb,Aves,Sinosuthora_alphonsiana,C>A,2.0,36,1140,82.13888888888887,0.03619578561568788
Cytb,Aves,Sinosuthora_alphonsiana,C>G,0.0,36,1140,82.13888888888887,0.0
Cytb,Aves,Sinosuthora_alphonsiana,C>T,6.99993,36,1140,204.1944444444445,0.05095967040494208
Cytb,Aves,Sinosuthora_alphonsiana,G>A,5.0,36,1140,17.16666666666666,0.4329730504271403
Cytb,Aves,Sinosuthora_alphonsiana,G>C,0.0,36,1140,11.166666666666664,0.0
Cytb,Aves,Sinosuthora_alphonsiana,G>T,0.0,36,1140,11.166666666666664,0.0
Cytb,Aves,Sinosuthora_alphonsiana,T>A,0.0,36,1140,32.83333333333334,0.0
Cytb,Aves,Sinosuthora_alphonsiana,T>C,13.99558,36,1140,65.83333333333336,0.3160253283063283
Cytb,Aves,Sinosuthora_alphonsiana,T>G,1.0,36,1140,32.83333333333334,0.045275354511670474
Cytb,Aves,Anairetes_reguloides,A>C,0.0,22,975,79.09090909090911,0.0
Cytb,Aves,Anairetes_reguloides,A>G,2.64816,22,975,120.86363636363636,0.12697704932306075
Cytb,Aves,Anairetes_reguloides,A>T,1.0,22,975,79.09090909090911,0.07327403346249231
Cytb,Aves,Anairetes_reguloides,C>A,0.0,22,975,70.95454545454545,0.0
Cytb,Aves,Anairetes_reguloides,C>G,1.0,22,975,70.95454545454545,0.08167637298189406
Cytb,Aves,Anairetes_reguloides,C>T,4.7170440000000005,22,975,158.13636363636368,0.17286809468987768
Cytb,Aves,Anairetes_reguloides,G>A,0.0,22,975,2.9090909090909074,0.0
Cytb,Aves,Anairetes_reguloides,G>C,0.0,22,975,1.954545454545454,0.0
Cytb,Aves,Anairetes_reguloides,G>T,0.0,22,975,1.954545454545454,0.0
Cytb,Aves,Anairetes_reguloides,T>A,1.0,22,975,23.13636363636364,0.2504849081036083
Cytb,Aves,Anairetes_reguloides,T>C,3.446571,22,975,67.77272727272728,0.29471954143906687
Cytb,Aves,Anairetes_reguloides,T>G,0.0,22,975,23.13636363636364,0.0
Cytb,Aves,Chlorospingus_ophthalmicus,A>C,0.0,10,1140,88.99999999999999,0.0
Cytb,Aves,Chlorospingus_ophthalmicus,A>G,3.447473,10,1140,133.29999999999998,0.0729938631256034
Cytb,Aves,Chlorospingus_ophthalmicus,A>T,0.833747,10,1140,88.99999999999999,0.026439905727260907
Cytb,Aves,Chlorospingus_ophthalmicus,C>A,1.8757670000000002,10,1140,88.89999999999999,0.05955150682802394
Cytb,Aves,Chlorospingus_ophthalmicus,C>G,0.0,10,1140,88.89999999999999,0.0
Cytb,Aves,Chlorospingus_ophthalmicus,C>T,13.823499,10,1140,231.4,0.16860492469117652
Cytb,Aves,Chlorospingus_ophthalmicus,G>A,0.921354,10,1140,9.9,0.262667872059545
Cytb,Aves,Chlorospingus_ophthalmicus,G>C,0.0,10,1140,6.9,0.0
Cytb,Aves,Chlorospingus_ophthalmicus,G>T,0.0,10,1140,6.9,0.0
Cytb,Aves,Chlorospingus_ophthalmicus,T>A,0.0,10,1140,26.2,0.0
Cytb,Aves,Chlorospingus_ophthalmicus,T>C,5.821557,10,1140,40.1,0.4097419275683903
Cytb,Aves,Chlorospingus_ophthalmicus,T>G,0.0,10,1140,26.2,0.0
Cytb,Aves,Pyrrhula_nipalensis,A>C,0.0,9,921,89.33333333333331,0.0
Cytb,Aves,Pyrrhula_nipalensis,A>G,4.0,9,921,119.44444444444446,0.2156363271490945
Cytb,Aves,Pyrrhula_nipalensis,A>T,0.0,9,921,89.33333333333331,0.0
Cytb,Aves,Pyrrhula_nipalensis,C>A,0.0,9,921,55.22222222222222,0.0
Cytb,Aves,Pyrrhula_nipalensis,C>G,0.0,9,921,55.22222222222222,0.0
Cytb,Aves,Pyrrhula_nipalensis,C>T,4.79231,9,921,171.33333333333334,0.18010713950743643
Cytb,Aves,Pyrrhula_nipalensis,G>A,0.0,9,921,7.222222222222221,0.0
Cytb,Aves,Pyrrhula_nipalensis,G>C,0.0,9,921,5.222222222222222,0.0
Cytb,Aves,Pyrrhula_nipalensis,G>T,0.0,9,921,5.222222222222222,0.0
Cytb,Aves,Pyrrhula_nipalensis,T>A,0.0,9,921,29.666666666666664,0.0
Cytb,Aves,Pyrrhula_nipalensis,T>C,3.97261,9,921,42.333333333333336,0.604256533343469
Cytb,Aves,Pyrrhula_nipalensis,T>G,0.0,9,921,29.666666666666664,0.0
Cytb,Aves,Sitta_europaea,A>C,1.0,16,1104,103.3125,0.01694848676262345
Cytb,Aves,Sitta_europaea,A>G,6.259462,16,1104,141.9375,0.07721890789343146
Cytb,Aves,Sitta_europaea,A>T,0.0,16,1104,103.3125,0.0
Cytb,Aves,Sitta_europaea,C>A,0.0,16,1104,86.625,0.0
Cytb,Aves,Sitta_europaea,C>G,0.0,16,1104,86.625,0.0
Cytb,Aves,Sitta_europaea,C>T,13.30321,16,1104,219.5,0.10612207218156776
Cytb,Aves,Sitta_europaea,G>A,2.7126330000000003,16,1104,7.3125,0.6495445768022539
Cytb,Aves,Sitta_europaea,G>C,0.0,16,1104,5.4375,0.0
Cytb,Aves,Sitta_europaea,G>T,0.0,16,1104,5.4375,0.0
Cytb,Aves,Sitta_europaea,T>A,0.0,16,1104,15.8125,0.0
Cytb,Aves,Sitta_europaea,T>C,2.98018,16,1104,34.75,0.15016595636012353
Cytb,Aves,Sitta_europaea,T>G,0.0,16,1104,15.8125,0.0
Cytb,Aves,Atlapetes_albinucha,A>C,0.605987,18,1062,76.77777777777779,0.016227443893968713
Cytb,Aves,Atlapetes_albinucha,A>G,2.99665,18,1062,115.33333333333331,0.053419955777139407
Cytb,Aves,Atlapetes_albinucha,A>T,0.0,18,1062,76.77777777777779,0.0
Cytb,Aves,Atlapetes_albinucha,C>A,0.99999,18,1062,94.88888888888889,0.021667192532648864
Cytb,Aves,Atlapetes_albinucha,C>G,1.0,18,1062,94.88888888888889,0.02166740920674093
Cytb,Aves,Atlapetes_albinucha,C>T,4.377064,18,1062,223.88888888888889,0.04019506195410845
Cytb,Aves,Atlapetes_albinucha,G>A,1.70123,18,1062,14.777777777777777,0.23668800425808595
Cytb,Aves,Atlapetes_albinucha,G>C,0.0,18,1062,9.444444444444445,0.0
Cytb,Aves,Atlapetes_albinucha,G>T,0.0,18,1062,9.444444444444445,0.0
Cytb,Aves,Atlapetes_albinucha,T>A,0.425227,18,1062,16.05555555555556,0.05445250222976207
Cytb,Aves,Atlapetes_albinucha,T>C,8.783906,18,1062,32.5,0.5556824301475455
Cytb,Aves,Atlapetes_albinucha,T>G,0.0,18,1062,16.05555555555556,0.0
Cytb,Aves,Lepidothrix_nattereri,A>C,1.0,30,975,70.53333333333332,0.02053183359808412
Cytb,Aves,Lepidothrix_nattereri,A>G,3.932756,30,975,113.76666666666662,0.05006152938573173
Cytb,Aves,Lepidothrix_nattereri,A>T,0.0,30,975,70.53333333333332,0.0
Cytb,Aves,Lepidothrix_nattereri,C>A,0.0,30,975,56.766666666666666,0.0
Cytb,Aves,Lepidothrix_nattereri,C>G,0.0,30,975,56.766666666666666,0.0
Cytb,Aves,Lepidothrix_nattereri,C>T,10.99031,30,975,141.53333333333333,0.11245359710118637
Cytb,Aves,Lepidothrix_nattereri,G>A,4.934955,30,975,11.966666666666672,0.5972169805945798
Cytb,Aves,Lepidothrix_nattereri,G>C,0.0,30,975,5.933333333333337,0.0
Cytb,Aves,Lepidothrix_nattereri,G>T,0.0,30,975,5.933333333333337,0.0
Cytb,Aves,Lepidothrix_nattereri,T>A,0.0,30,975,33.63333333333333,0.0
Cytb,Aves,Lepidothrix_nattereri,T>C,12.866933,30,975,84.79999999999998,0.21973605932041804
Cytb,Aves,Lepidothrix_nattereri,T>G,0.0,30,975,33.63333333333333,0.0
Cytb,Aves,Dendrocolaptes_certhia,A>C,0.0,29,1005,92.17241379310344,0.0
Cytb,Aves,Dendrocolaptes_certhia,A>G,9.770087,29,1005,138.34482758620686,0.05563731414687218
Cytb,Aves,Dendrocolaptes_certhia,A>T,0.0,29,1005,92.17241379310344,0.0
Cytb,Aves,Dendrocolaptes_certhia,C>A,0.0,29,1005,55.9310344827586,0.0
Cytb,Aves,Dendrocolaptes_certhia,C>G,0.0,29,1005,55.9310344827586,0.0
Cytb,Aves,Dendrocolaptes_certhia,C>T,13.79705,29,1005,157.2758620689655,0.06911221560148434
Cytb,Aves,Dendrocolaptes_certhia,G>A,8.939673,29,1005,11.620689655172413,0.6060666437128658
Cytb,Aves,Dendrocolaptes_certhia,G>C,0.99899,29,1005,7.86206896551724,0.10010480956959529
Cytb,Aves,Dendrocolaptes_certhia,G>T,0.0,29,1005,7.86206896551724,0.0
Cytb,Aves,Dendrocolaptes_certhia,T>A,0.864837,29,1005,22.241379310344826,0.030633963944161492
Cytb,Aves,Dendrocolaptes_certhia,T>C,10.131764,29,1005,57.655172413793096,0.13844505302502086
Cytb,Aves,Dendrocolaptes_certhia,T>G,0.0,29,1005,22.241379310344826,0.0
Cytb,Aves,Capito_auratus,A>C,0.0,19,1044,60.57894736842106,0.0
Cytb,Aves,Capito_auratus,A>G,6.588822,19,1044,101.42105263157892,0.09716145086113609
Cytb,Aves,Capito_auratus,A>T,0.0,19,1044,60.57894736842106,0.0
Cytb,Aves,Capito_auratus,C>A,0.0,19,1044,74.36842105263158,0.0
Cytb,Aves,Capito_auratus,C>G,1.9999,19,1044,74.36842105263158,0.04021925756867781
Cytb,Aves,Capito_auratus,C>T,14.016302,19,1044,165.52631578947367,0.12664286518007972
Cytb,Aves,Capito_auratus,G>A,2.635682,19,1044,11.157894736842108,0.35328490426863707
Cytb,Aves,Capito_auratus,G>C,0.0,19,1044,6.789473684210525,0.0
Cytb,Aves,Capito_auratus,G>T,0.0,19,1044,6.789473684210525,0.0
Cytb,Aves,Capito_auratus,T>A,0.0,19,1044,47.736842105263165,0.0
Cytb,Aves,Capito_auratus,T>C,23.810207,19,1044,93.05263157894738,0.38269152212146923
Cytb,Aves,Capito_auratus,T>G,0.0,19,1044,47.736842105263165,0.0
Cytb,Aves,Campylorhynchus_brunneicapillus,A>C,0.0,9,1140,96.55555555555556,0.0
Cytb,Aves,Campylorhynchus_brunneicapillus,A>G,2.469731,9,1140,133.77777777777777,0.04037620336199694
Cytb,Aves,Campylorhynchus_brunneicapillus,A>T,0.0,9,1140,96.55555555555556,0.0
Cytb,Aves,Campylorhynchus_brunneicapillus,C>A,0.99974,9,1140,92.2222222222222,0.023708893695838913
Cytb,Aves,Campylorhynchus_brunneicapillus,C>G,0.0,9,1140,92.2222222222222,0.0
Cytb,Aves,Campylorhynchus_brunneicapillus,C>T,2.9920210000000003,9,1140,234.7777777777778,0.027871956360577856
Cytb,Aves,Campylorhynchus_brunneicapillus,G>A,8.465665,9,1140,23.666666666666664,0.7823188385137638
Cytb,Aves,Campylorhynchus_brunneicapillus,G>C,0.0,9,1140,17.11111111111111,0.0
Cytb,Aves,Campylorhynchus_brunneicapillus,G>T,0.0,9,1140,17.11111111111111,0.0
Cytb,Aves,Campylorhynchus_brunneicapillus,T>A,0.0,9,1140,14.666666666666666,0.0
Cytb,Aves,Campylorhynchus_brunneicapillus,T>C,1.99922,9,1140,34.77777777777778,0.12572410806782255
Cytb,Aves,Campylorhynchus_brunneicapillus,T>G,0.0,9,1140,14.666666666666666,0.0
Cytb,Aves,Campylorhynchus_rufinucha,A>C,0.0,17,1140,94.29411764705884,0.0
Cytb,Aves,Campylorhynchus_rufinucha,A>G,6.850676,17,1140,133.0,0.1298131111959774
Cytb,Aves,Campylorhynchus_rufinucha,A>T,0.0,17,1140,94.29411764705884,0.0
Cytb,Aves,Campylorhynchus_rufinucha,C>A,1.99825,17,1140,91.11764705882356,0.05526931686299465
Cytb,Aves,Campylorhynchus_rufinucha,C>G,0.0,17,1140,91.11764705882356,0.0
Cytb,Aves,Campylorhynchus_rufinucha,C>T,9.093204,17,1140,222.76470588235296,0.10287440158797416
Cytb,Aves,Campylorhynchus_rufinucha,G>A,2.967154,17,1140,20.882352941176467,0.3580943157188045
Cytb,Aves,Campylorhynchus_rufinucha,G>C,0.0,17,1140,14.176470588235295,0.0
Cytb,Aves,Campylorhynchus_rufinucha,G>T,0.0,17,1140,14.176470588235295,0.0
Cytb,Aves,Campylorhynchus_rufinucha,T>A,0.0,17,1140,20.05882352941176,0.0
Cytb,Aves,Campylorhynchus_rufinucha,T>C,6.691752,17,1140,47.64705882352941,0.35394885463424924
Cytb,Aves,Campylorhynchus_rufinucha,T>G,0.0,17,1140,20.05882352941176,0.0
Cytb,Aves,Larus_dominicanus,A>C,1.0,51,1140,104.8627450980392,0.015914619826711898
Cytb,Aves,Larus_dominicanus,A>G,5.99997,51,1140,154.98039215686268,0.0646085232360737
Cytb,Aves,Larus_dominicanus,A>T,1.0,51,1140,104.8627450980392,0.015914619826711898
Cytb,Aves,Larus_dominicanus,C>A,3.99983,51,1140,65.76470588235296,0.10150002337425736
Cytb,Aves,Larus_dominicanus,C>G,1.0,51,1140,65.76470588235296,0.025376084327148243
Cytb,Aves,Larus_dominicanus,C>T,15.99983,51,1140,194.8627450980392,0.13702633531860756
Cytb,Aves,Larus_dominicanus,G>A,3.0,51,1140,11.098039215686269,0.451120424911247
Cytb,Aves,Larus_dominicanus,G>C,0.0,51,1140,7.980392156862751,0.0
Cytb,Aves,Larus_dominicanus,G>T,0.0,51,1140,7.980392156862751,0.0
Cytb,Aves,Larus_dominicanus,T>A,0.0,51,1140,29.15686274509807,0.0
Cytb,Aves,Larus_dominicanus,T>C,6.99784,51,1140,61.94117647058823,0.18853936917924238
Cytb,Aves,Larus_dominicanus,T>G,0.0,51,1140,29.15686274509807,0.0
Cytb,Aves,Cardinalis_cardinalis,A>C,0.0,23,1140,93.04347826086956,0.0
Cytb,Aves,Cardinalis_cardinalis,A>G,6.74801,23,1140,138.60869565217388,0.0744647621975648
Cytb,Aves,Cardinalis_cardinalis,A>T,1.0,23,1140,93.04347826086956,0.016439160241858257
Cytb,Aves,Cardinalis_cardinalis,C>A,1.9978,23,1140,76.26086956521738,0.04006967518171874
Cytb,Aves,Cardinalis_cardinalis,C>G,0.99948,23,1140,76.26086956521738,0.020046470592964386
Cytb,Aves,Cardinalis_cardinalis,C>T,18.187614,23,1140,204.73913043478265,0.1358752762924099
Cytb,Aves,Cardinalis_cardinalis,G>A,2.682213,23,1140,11.565217391304348,0.3547358072291807
Cytb,Aves,Cardinalis_cardinalis,G>C,0.0,23,1140,8.08695652173913,0.0
Cytb,Aves,Cardinalis_cardinalis,G>T,0.0,23,1140,8.08695652173913,0.0
Cytb,Aves,Cardinalis_cardinalis,T>A,0.0,23,1140,27.260869565217387,0.0
Cytb,Aves,Cardinalis_cardinalis,T>C,14.556906,23,1140,62.13043478260869,0.35836884826430326
Cytb,Aves,Cardinalis_cardinalis,T>G,0.0,23,1140,27.260869565217387,0.0
Cytb,Aves,Myiarchus_tyrannulus,A>C,0.0,12,975,82.66666666666669,0.0
Cytb,Aves,Myiarchus_tyrannulus,A>G,2.0,12,975,121.75,0.042098678060135335
Cytb,Aves,Myiarchus_tyrannulus,A>T,0.0,12,975,82.66666666666669,0.0
Cytb,Aves,Myiarchus_tyrannulus,C>A,0.0,12,975,64.75,0.0
Cytb,Aves,Myiarchus_tyrannulus,C>G,0.0,12,975,64.75,0.0
Cytb,Aves,Myiarchus_tyrannulus,C>T,5.92769,12,975,153.66666666666666,0.09885832451745238
Cytb,Aves,Myiarchus_tyrannulus,G>A,1.0,12,975,5.500000000000001,0.46595582307467964
Cytb,Aves,Myiarchus_tyrannulus,G>C,0.0,12,975,4.5,0.0
Cytb,Aves,Myiarchus_tyrannulus,G>T,0.0,12,975,4.5,0.0
Cytb,Aves,Myiarchus_tyrannulus,T>A,1.99783,12,975,24.166666666666668,0.211860118803024
Cytb,Aves,Myiarchus_tyrannulus,T>C,4.99724,12,975,70.66666666666667,0.1812270555447087
Cytb,Aves,Myiarchus_tyrannulus,T>G,0.0,12,975,24.166666666666668,0.0
Cytb,Aves,Emberiza_godlewskii,A>C,0.0,70,1083,92.94285714285716,0.0
Cytb,Aves,Emberiza_godlewskii,A>G,7.99991,70,1083,132.88571428571427,0.0352216397831584
Cytb,Aves,Emberiza_godlewskii,A>T,1.0,70,1083,92.94285714285716,0.0062948697195080484
Cytb,Aves,Emberiza_godlewskii,C>A,2.0,70,1083,82.9,0.014114913801523132
Cytb,Aves,Emberiza_godlewskii,C>G,0.0,70,1083,82.9,0.0
Cytb,Aves,Emberiza_godlewskii,C>T,20.9847,70,1083,220.6857142857141,0.05563285005404338
Cytb,Aves,Emberiza_godlewskii,G>A,3.9969099999999997,70,1083,6.585714285714278,0.3550783956947434
Cytb,Aves,Emberiza_godlewskii,G>C,0.0,70,1083,5.542857142857138,0.0
Cytb,Aves,Emberiza_godlewskii,G>T,0.0,70,1083,5.542857142857138,0.0
Cytb,Aves,Emberiza_godlewskii,T>A,0.0,70,1083,20.61428571428573,0.0
Cytb,Aves,Emberiza_godlewskii,T>C,33.996621,70,1083,37.271428571428594,0.5336573309470236
Cytb,Aves,Emberiza_godlewskii,T>G,0.0,70,1083,20.61428571428573,0.0
Cytb,Aves,Sylvia_margelanica,A>C,0.841148,12,1038,82.33333333333333,0.02973410165664939
Cytb,Aves,Sylvia_margelanica,A>G,0.9996,12,1038,118.41666666666666,0.024568097069887076
Cytb,Aves,Sylvia_margelanica,A>T,0.0,12,1038,82.33333333333333,0.0
Cytb,Aves,Sylvia_margelanica,C>A,0.0,12,1038,85.83333333333334,0.0
Cytb,Aves,Sylvia_margelanica,C>G,0.798186,12,1038,85.83333333333334,0.02706488781205604
Cytb,Aves,Sylvia_margelanica,C>T,2.551219,12,1038,196.3333333333333,0.03781915354034895
Cytb,Aves,Sylvia_margelanica,G>A,2.99896,12,1038,14.583333333333332,0.59851077626682
Cytb,Aves,Sylvia_margelanica,G>C,0.0,12,1038,10.75,0.0
Cytb,Aves,Sylvia_margelanica,G>T,0.0,12,1038,10.75,0.0
Cytb,Aves,Sylvia_margelanica,T>A,0.0,12,1038,27.25,0.0
Cytb,Aves,Sylvia_margelanica,T>C,4.785175,12,1038,49.333333333333336,0.2823029836542386
Cytb,Aves,Sylvia_margelanica,T>G,0.0,12,1038,27.25,0.0
Cytb,Aves,Chlidonias_albostriatus,A>C,0.0,13,1140,103.07692307692308,0.0
Cytb,Aves,Chlidonias_albostriatus,A>G,0.99998,13,1140,149.99999999999997,0.021515890406318537
Cytb,Aves,Chlidonias_albostriatus,A>T,1.0,13,1140,103.07692307692308,0.031311063752858
Cytb,Aves,Chlidonias_albostriatus,C>A,0.0,13,1140,64.3076923076923,0.0
Cytb,Aves,Chlidonias_albostriatus,C>G,0.0,13,1140,64.3076923076923,0.0
Cytb,Aves,Chlidonias_albostriatus,C>T,0.99998,13,1140,181.07692307692307,0.017823273701071004
Cytb,Aves,Chlidonias_albostriatus,G>A,2.9993,13,1140,18.0,0.5377825064473887
Cytb,Aves,Chlidonias_albostriatus,G>C,0.0,13,1140,10.000000000000002,0.0
Cytb,Aves,Chlidonias_albostriatus,G>T,0.0,13,1140,10.000000000000002,0.0
Cytb,Aves,Chlidonias_albostriatus,T>A,1.0,13,1140,31.692307692307693,0.10183695492434397
Cytb,Aves,Chlidonias_albostriatus,T>C,6.99521,13,1140,77.92307692307692,0.2897303107680197
Cytb,Aves,Chlidonias_albostriatus,T>G,0.0,13,1140,31.692307692307693,0.0
Cytb,Aves,Glyphorynchus_spirurus,A>C,2.314253,232,1020,99.06465517241394,0.004720282705338787
Cytb,Aves,Glyphorynchus_spirurus,A>G,30.447302,232,1020,144.12068965517236,0.04268727088476312
Cytb,Aves,Glyphorynchus_spirurus,A>T,7.0,232,1020,99.06465517241394,0.014277600131606833
Cytb,Aves,Glyphorynchus_spirurus,C>A,13.98632,232,1020,59.41379310344829,0.04756550234059532
Cytb,Aves,Glyphorynchus_spirurus,C>G,1.0,232,1020,59.41379310344829,0.003400859006557502
Cytb,Aves,Glyphorynchus_spirurus,C>T,71.377521,232,1020,168.69396551724108,0.0854944297474541
Cytb,Aves,Glyphorynchus_spirurus,G>A,17.571267,232,1020,7.750000000000002,0.45811792220090103
Cytb,Aves,Glyphorynchus_spirurus,G>C,0.0,232,1020,5.840517241379323,0.0
Cytb,Aves,Glyphorynchus_spirurus,G>T,0.99991,232,1020,5.840517241379323,0.03459278345146815
Cytb,Aves,Glyphorynchus_spirurus,T>A,4.351846,232,1020,17.150862068965512,0.051270018128182764
Cytb,Aves,Glyphorynchus_spirurus,T>C,63.316534,232,1020,51.98706896551728,0.24609211990617622
Cytb,Aves,Glyphorynchus_spirurus,T>G,1.0,232,1020,17.150862068965512,0.011781211496956179
Cytb,Aves,Cinclosoma_clarum,A>C,2.957042,54,1140,123.18518518518512,0.015566543915447182
Cytb,Aves,Cinclosoma_clarum,A>G,17.745622,54,1140,164.40740740740742,0.06999435798834565
Cytb,Aves,Cinclosoma_clarum,A>T,2.99981,54,1140,123.18518518518512,0.015791684427545367
Cytb,Aves,Cinclosoma_clarum,C>A,1.9991400000000001,54,1140,56.48148148148151,0.022952517027622132
Cytb,Aves,Cinclosoma_clarum,C>G,0.0,54,1140,56.48148148148151,0.0
Cytb,Aves,Cinclosoma_clarum,C>T,23.674887000000002,54,1140,206.0555555555556,0.07450694826605568
Cytb,Aves,Cinclosoma_clarum,G>A,11.98167,54,1140,19.370370370370363,0.4011184313641893
Cytb,Aves,Cinclosoma_clarum,G>C,0.0,54,1140,14.166666666666666,0.0
Cytb,Aves,Cinclosoma_clarum,G>T,0.99975,54,1140,14.166666666666666,0.04576325705021393
Cytb,Aves,Cinclosoma_clarum,T>A,0.0,54,1140,18.38888888888888,0.0
Cytb,Aves,Cinclosoma_clarum,T>C,24.677643,54,1140,45.16666666666668,0.3543062599605806
Cytb,Aves,Cinclosoma_clarum,T>G,0.0,54,1140,18.38888888888888,0.0
Cytb,Aves,Phylloscopus_goodsoni,A>C,0.0,9,1038,90.55555555555556,0.0
Cytb,Aves,Phylloscopus_goodsoni,A>G,3.348903,9,1038,127.88888888888891,0.07640065299551087
Cytb,Aves,Phylloscopus_goodsoni,A>T,0.0,9,1038,90.55555555555556,0.0
Cytb,Aves,Phylloscopus_goodsoni,C>A,0.0,9,1038,78.0,0.0
Cytb,Aves,Phylloscopus_goodsoni,C>G,0.0,9,1038,78.0,0.0
Cytb,Aves,Phylloscopus_goodsoni,C>T,4.904924,9,1038,205.3333333333333,0.06969476230679471
Cytb,Aves,Phylloscopus_goodsoni,G>A,2.0,9,1038,9.777777777777777,0.5967839699219349
Cytb,Aves,Phylloscopus_goodsoni,G>C,0.0,9,1038,8.777777777777779,0.0
Cytb,Aves,Phylloscopus_goodsoni,G>T,0.0,9,1038,8.777777777777779,0.0
Cytb,Aves,Phylloscopus_goodsoni,T>A,0.0,9,1038,22.88888888888889,0.0
Cytb,Aves,Phylloscopus_goodsoni,T>C,3.80905,9,1038,43.22222222222223,0.2571206147757594
Cytb,Aves,Phylloscopus_goodsoni,T>G,0.0,9,1038,22.88888888888889,0.0
Cytb,Aves,Vireo_gilvus,A>C,0.0,33,1077,122.78787878787888,0.0
Cytb,Aves,Vireo_gilvus,A>G,7.99481,33,1077,161.81818181818176,0.037268679778710706
Cytb,Aves,Vireo_gilvus,A>T,0.0,33,1077,122.78787878787888,0.0
Cytb,Aves,Vireo_gilvus,C>A,0.0,33,1077,61.15151515151517,0.0
Cytb,Aves,Vireo_gilvus,C>G,0.0,33,1077,61.15151515151517,0.0
Cytb,Aves,Vireo_gilvus,C>T,13.9887,33,1077,205.15151515151524,0.05143583638403145
Cytb,Aves,Vireo_gilvus,G>A,5.99826,33,1077,7.181818181818178,0.6300195978115799
Cytb,Aves,Vireo_gilvus,G>C,0.0,33,1077,5.181818181818179,0.0
Cytb,Aves,Vireo_gilvus,G>T,0.0,33,1077,5.181818181818179,0.0
Cytb,Aves,Vireo_gilvus,T>A,0.0,33,1077,18.757575757575754,0.0
Cytb,Aves,Vireo_gilvus,T>C,12.99431,33,1077,34.84848484848485,0.2812758860256778
Cytb,Aves,Vireo_gilvus,T>G,0.0,33,1077,18.757575757575754,0.0
CO1,Aves,Sphyrapicus_varius,A>C,0.0,26,1548,113.76923076923076,0.0
CO1,Aves,Sphyrapicus_varius,A>G,4.9988,26,1548,181.9615384615385,0.04420341891650405
CO1,Aves,Sphyrapicus_varius,A>T,2.0,26,1548,113.76923076923076,0.02828621734584532
CO1,Aves,Sphyrapicus_varius,C>A,0.0,26,1548,110.34615384615384,0.0
CO1,Aves,Sphyrapicus_varius,C>G,0.0,26,1548,110.34615384615384,0.0
CO1,Aves,Sphyrapicus_varius,C>T,10.99999,26,1548,253.15384615384613,0.0699161427600126
CO1,Aves,Sphyrapicus_varius,G>A,5.99987,26,1548,12.961538461538462,0.7448262734006594
CO1,Aves,Sphyrapicus_varius,G>C,0.0,26,1548,8.153846153846152,0.0
CO1,Aves,Sphyrapicus_varius,G>T,0.0,26,1548,8.153846153846152,0.0
CO1,Aves,Sphyrapicus_varius,T>A,0.0,26,1548,50.615384615384606,0.0
CO1,Aves,Sphyrapicus_varius,T>C,6.99218,26,1548,99.76923076923076,0.11276794757697856
CO1,Aves,Sphyrapicus_varius,T>G,0.0,26,1548,50.615384615384606,0.0
CO1,Aves,Setophaga_coronata,A>C,0.0,25,1557,141.96000000000006,0.0
CO1,Aves,Setophaga_coronata,A>G,7.99824,25,1557,203.36000000000004,0.09989745396559924
CO1,Aves,Setophaga_coronata,A>T,0.0,25,1557,141.96000000000006,0.0
CO1,Aves,Setophaga_coronata,C>A,0.0,25,1557,90.72,0.0
CO1,Aves,Setophaga_coronata,C>G,0.0,25,1557,90.72,0.0
CO1,Aves,Setophaga_coronata,C>T,11.99976,25,1557,252.5200000000001,0.1206986188920981
CO1,Aves,Setophaga_coronata,G>A,5.99992,25,1557,24.6,0.6194922446910196
CO1,Aves,Setophaga_coronata,G>C,0.0,25,1557,17.0,0.0
CO1,Aves,Setophaga_coronata,G>T,0.0,25,1557,17.0,0.0
CO1,Aves,Setophaga_coronata,T>A,0.0,25,1557,47.240000000000016,0.0
CO1,Aves,Setophaga_coronata,T>C,4.99639,25,1557,79.36000000000001,0.159911682451283
CO1,Aves,Setophaga_coronata,T>G,0.0,25,1557,47.240000000000016,0.0
CO1,Aves,Geothlypis_philadelphia,A>C,0.0,23,1557,135.47826086956525,0.0
CO1,Aves,Geothlypis_philadelphia,A>G,4.9956499999999995,23,1557,198.5217391304347,0.05109875137983424
CO1,Aves,Geothlypis_philadelphia,A>T,0.0,23,1557,135.47826086956525,0.0
CO1,Aves,Geothlypis_philadelphia,C>A,1.0,23,1557,98.65217391304346,0.02058352236699989
CO1,Aves,Geothlypis_philadelphia,C>G,0.0,23,1557,98.65217391304346,0.0
CO1,Aves,Geothlypis_philadelphia,C>T,5.99983,23,1557,263.5217391304348,0.04623265695796961
CO1,Aves,Geothlypis_philadelphia,G>A,6.99993,23,1557,27.434782608695656,0.5181058898164843
CO1,Aves,Geothlypis_philadelphia,G>C,0.0,23,1557,19.47826086956522,0.0
CO1,Aves,Geothlypis_philadelphia,G>T,1.0,23,1557,19.47826086956522,0.10425002734536326
CO1,Aves,Geothlypis_philadelphia,T>A,0.0,23,1557,41.30434782608695,0.0
CO1,Aves,Geothlypis_philadelphia,T>C,8.99798,23,1557,70.34782608695653,0.2597291521333487
CO1,Aves,Geothlypis_philadelphia,T>G,0.0,23,1557,41.30434782608695,0.0
CO1,Aves,Garrulax_pectoralis,A>C,0.0,20,858,85.75000000000003,0.0
CO1,Aves,Garrulax_pectoralis,A>G,6.178151,20,858,116.95,0.1117114337543092
CO1,Aves,Garrulax_pectoralis,A>T,1.545545,20,858,85.75000000000003,0.03811420442806925
CO1,Aves,Garrulax_pectoralis,C>A,0.349881,20,858,58.85,0.012572256275576413
CO1,Aves,Garrulax_pectoralis,C>G,0.315017,20,858,58.85,0.011319489927041636
CO1,Aves,Garrulax_pectoralis,C>T,8.156193,20,858,150.74999999999997,0.11441145439476097
CO1,Aves,Garrulax_pectoralis,G>A,2.533441,20,858,14.25,0.3759544793050077
CO1,Aves,Garrulax_pectoralis,G>C,0.0,20,858,8.35,0.0
CO1,Aves,Garrulax_pectoralis,G>T,0.0,20,858,8.35,0.0
CO1,Aves,Garrulax_pectoralis,T>A,0.0,20,858,13.95,0.0
CO1,Aves,Garrulax_pectoralis,T>C,4.066607,20,858,25.6,0.33591668191523477
CO1,Aves,Garrulax_pectoralis,T>G,0.0,20,858,13.95,0.0
CO1,Aves,Oenanthe_hispanica,A>C,0.99998,10,678,51.2,0.13317597457787228
CO1,Aves,Oenanthe_hispanica,A>G,0.99999,10,678,75.80000000000001,0.08995617527506325
CO1,Aves,Oenanthe_hispanica,A>T,0.0,10,678,51.2,0.0
CO1,Aves,Oenanthe_hispanica,C>A,0.94966,10,678,60.400000000000006,0.10721010903831084
CO1,Aves,Oenanthe_hispanica,C>G,0.0,10,678,60.400000000000006,0.0
CO1,Aves,Oenanthe_hispanica,C>T,8.96175,10,678,121.9,0.5012953192359192
CO1,Aves,Oenanthe_hispanica,G>A,0.0,10,678,7.099999999999999,0.0
CO1,Aves,Oenanthe_hispanica,G>C,0.0,10,678,4.6,0.0
CO1,Aves,Oenanthe_hispanica,G>T,0.0,10,678,4.6,0.0
CO1,Aves,Oenanthe_hispanica,T>A,0.0,10,678,23.8,0.0
CO1,Aves,Oenanthe_hispanica,T>C,0.99999,10,678,40.49999999999999,0.16836242187283448
CO1,Aves,Oenanthe_hispanica,T>G,0.0,10,678,23.8,0.0
CO1,Aves,Empidonax_alnorum,A>C,0.0,26,1548,101.8461538461538,0.0
CO1,Aves,Empidonax_alnorum,A>G,5.99741,26,1548,173.96153846153842,0.08869282850405995
CO1,Aves,Empidonax_alnorum,A>T,0.0,26,1548,101.8461538461538,0.0
CO1,Aves,Empidonax_alnorum,C>A,0.0,26,1548,80.84615384615385,0.0
CO1,Aves,Empidonax_alnorum,C>G,0.0,26,1548,80.84615384615385,0.0
CO1,Aves,Empidonax_alnorum,C>T,3.99995,26,1548,182.5769230769231,0.05636203747789223
CO1,Aves,Empidonax_alnorum,G>A,4.6704799999999995,26,1548,22.07692307692308,0.544253183170188
CO1,Aves,Empidonax_alnorum,G>C,0.0,26,1548,8.230769230769228,0.0
CO1,Aves,Empidonax_alnorum,G>T,0.0,26,1548,8.230769230769228,0.0
CO1,Aves,Empidonax_alnorum,T>A,1.0,26,1548,83.92307692307693,0.03065466731573769
CO1,Aves,Empidonax_alnorum,T>C,16.99029,26,1548,175.2692307692308,0.24938660132313553
CO1,Aves,Empidonax_alnorum,T>G,0.99987,26,1548,83.92307692307693,0.030650682208986646
CO1,Aves,Oenanthe_oenanthe,A>C,0.0,23,1548,134.86956521739134,0.0
CO1,Aves,Oenanthe_oenanthe,A>G,10.328113,23,1548,199.0869565217391,0.10408748607210519
CO1,Aves,Oenanthe_oenanthe,A>T,0.0,23,1548,134.86956521739134,0.0
CO1,Aves,Oenanthe_oenanthe,C>A,0.0,23,1548,112.13043478260867,0.0
CO1,Aves,Oenanthe_oenanthe,C>G,0.968401,23,1548,112.13043478260867,0.01732814483438074
CO1,Aves,Oenanthe_oenanthe,C>T,8.073426,23,1548,281.9999999999999,0.05744194102776368
CO1,Aves,Oenanthe_oenanthe,G>A,6.1159479999999995,23,1548,15.782608695652174,0.7775088505019783
CO1,Aves,Oenanthe_oenanthe,G>C,0.0,23,1548,7.869565217391303,0.0
CO1,Aves,Oenanthe_oenanthe,G>T,0.0,23,1548,7.869565217391303,0.0
CO1,Aves,Oenanthe_oenanthe,T>A,0.0,23,1548,34.95652173913042,0.0
CO1,Aves,Oenanthe_oenanthe,T>C,1.329407,23,1548,61.130434782608695,0.04363357756377213
CO1,Aves,Oenanthe_oenanthe,T>G,0.0,23,1548,34.95652173913042,0.0
CO1,Aves,Lepidothrix_iris,A>C,0.0,11,882,67.72727272727272,0.0
CO1,Aves,Lepidothrix_iris,A>G,2.99072,11,882,108.63636363636364,0.06424166263901863
CO1,Aves,Lepidothrix_iris,A>T,0.0,11,882,67.72727272727272,0.0
CO1,Aves,Lepidothrix_iris,C>A,0.0,11,882,46.36363636363636,0.0
CO1,Aves,Lepidothrix_iris,C>G,0.0,11,882,46.36363636363636,0.0
CO1,Aves,Lepidothrix_iris,C>T,4.946178,11,882,114.72727272727272,0.10060494064971683
CO1,Aves,Lepidothrix_iris,G>A,1.9896600000000002,11,882,8.363636363636365,0.5551367318382691
CO1,Aves,Lepidothrix_iris,G>C,0.0,11,882,5.09090909090909,0.0
CO1,Aves,Lepidothrix_iris,G>T,0.0,11,882,5.09090909090909,0.0
CO1,Aves,Lepidothrix_iris,T>A,0.0,11,882,44.63636363636363,0.0
CO1,Aves,Lepidothrix_iris,T>C,9.872418,11,882,82.27272727272727,0.2800166648729954
CO1,Aves,Lepidothrix_iris,T>G,0.0,11,882,44.63636363636363,0.0
CO1,Aves,Eopsaltria_australis,A>C,0.0,21,1548,154.14285714285714,0.0
CO1,Aves,Eopsaltria_australis,A>G,6.0146250000000006,21,1548,223.42857142857144,0.051094756893827475
CO1,Aves,Eopsaltria_australis,A>T,0.0,21,1548,154.14285714285714,0.0
CO1,Aves,Eopsaltria_australis,C>A,0.0,21,1548,81.8095238095238,0.0
CO1,Aves,Eopsaltria_australis,C>G,0.0,21,1548,81.8095238095238,0.0
CO1,Aves,Eopsaltria_australis,C>T,6.108675,21,1548,230.0,0.050411042029461055
CO1,Aves,Eopsaltria_australis,G>A,8.793302,21,1548,23.285714285714285,0.7167520030528725
CO1,Aves,Eopsaltria_australis,G>C,0.0,21,1548,19.190476190476197,0.0
CO1,Aves,Eopsaltria_australis,G>T,0.0,21,1548,19.190476190476197,0.0
CO1,Aves,Eopsaltria_australis,T>A,0.0,21,1548,33.47619047619048,0.0
CO1,Aves,Eopsaltria_australis,T>C,7.9748,21,1548,83.28571428571428,0.181742198023839
CO1,Aves,Eopsaltria_australis,T>G,0.0,21,1548,33.47619047619048,0.0
CO1,Aves,Coeligena_bonapartei,A>C,0.0,11,1548,132.36363636363637,0.0
CO1,Aves,Coeligena_bonapartei,A>G,2.99831,11,1548,203.1818181818182,0.1116390868209578
CO1,Aves,Coeligena_bonapartei,A>T,0.0,11,1548,132.36363636363637,0.0
CO1,Aves,Coeligena_bonapartei,C>A,0.0,11,1548,85.54545454545455,0.0
CO1,Aves,Coeligena_bonapartei,C>G,0.0,11,1548,85.54545454545455,0.0
CO1,Aves,Coeligena_bonapartei,C>T,4.99514,11,1548,228.36363636363637,0.16547991890782732
CO1,Aves,Coeligena_bonapartei,G>A,0.0,11,1548,20.81818181818182,0.0
CO1,Aves,Coeligena_bonapartei,G>C,0.0,11,1548,13.636363636363638,0.0
CO1,Aves,Coeligena_bonapartei,G>T,0.0,11,1548,13.636363636363638,0.0
CO1,Aves,Coeligena_bonapartei,T>A,0.0,11,1548,53.45454545454545,0.0
CO1,Aves,Coeligena_bonapartei,T>C,9.99827,11,1548,104.63636363636368,0.7228809942712148
CO1,Aves,Coeligena_bonapartei,T>G,0.0,11,1548,53.45454545454545,0.0
CO1,Aves,Mimus_parvulus,A>C,1.0,18,1047,101.61111111111111,0.018032593348637306
CO1,Aves,Mimus_parvulus,A>G,12.512805,18,1047,137.7222222222222,0.16647539128305378
CO1,Aves,Mimus_parvulus,A>T,0.0,18,1047,101.61111111111111,0.0
CO1,Aves,Mimus_parvulus,C>A,0.0,18,1047,76.77777777777777,0.0
CO1,Aves,Mimus_parvulus,C>G,0.0,18,1047,76.77777777777777,0.0
CO1,Aves,Mimus_parvulus,C>T,4.119557,18,1047,191.11111111111111,0.039496987113990266
CO1,Aves,Mimus_parvulus,G>A,2.870231,18,1047,18.33333333333333,0.2868631779882565
CO1,Aves,Mimus_parvulus,G>C,0.0,18,1047,11.499999999999998,0.0
CO1,Aves,Mimus_parvulus,G>T,0.0,18,1047,11.499999999999998,0.0
CO1,Aves,Mimus_parvulus,T>A,0.0,18,1047,17.22222222222222,0.0
CO1,Aves,Mimus_parvulus,T>C,6.626246,18,1047,31.72222222222222,0.382739549509102
CO1,Aves,Mimus_parvulus,T>G,1.0,18,1047,17.22222222222222,0.10639230075696013
CO1,Aves,Artisornis_metopias,A>C,0.0,13,723,77.3076923076923,0.0
CO1,Aves,Artisornis_metopias,A>G,6.758018,13,723,100.76923076923076,0.16068154403196108
CO1,Aves,Artisornis_metopias,A>T,0.0,13,723,77.3076923076923,0.0
CO1,Aves,Artisornis_metopias,C>A,0.99094,13,723,24.15384615384616,0.09829595786433694
CO1,Aves,Artisornis_metopias,C>G,0.0,13,723,24.15384615384616,0.0
CO1,Aves,Artisornis_metopias,C>T,0.99998,13,723,100.23076923076924,0.02390368439581133
CO1,Aves,Artisornis_metopias,G>A,1.9999799999999999,13,723,16.76923076923077,0.28575057099980977
CO1,Aves,Artisornis_metopias,G>C,0.0,13,723,9.846153846153848,0.0
CO1,Aves,Artisornis_metopias,G>T,0.99713,13,723,9.846153846153848,0.2426385270716253
CO1,Aves,Artisornis_metopias,T>A,0.0,13,723,30.92307692307692,0.0
CO1,Aves,Artisornis_metopias,T>C,3.6961720000000002,13,723,46.92307692307692,0.18872971563645552
CO1,Aves,Artisornis_metopias,T>G,0.0,13,723,30.92307692307692,0.0
CO1,Aves,Vireo_solitarius,A>C,1.99966,33,1548,172.3030303030304,0.015189252244446548
CO1,Aves,Vireo_solitarius,A>G,11.802314,33,1548,225.4848484848484,0.06850510727254565
CO1,Aves,Vireo_solitarius,A>T,2.0,33,1548,172.3030303030304,0.01519183485637213
CO1,Aves,Vireo_solitarius,C>A,0.0,33,1548,73.69696969696969,0.0
CO1,Aves,Vireo_solitarius,C>G,0.0,33,1548,73.69696969696969,0.0
CO1,Aves,Vireo_solitarius,C>T,12.96706,33,1548,251.9090909090908,0.06737066439618164
CO1,Aves,Vireo_solitarius,G>A,9.99307,33,1548,31.454545454545453,0.4158040034568767
CO1,Aves,Vireo_solitarius,G>C,0.0,33,1548,15.63636363636364,0.0
CO1,Aves,Vireo_solitarius,G>T,0.0,33,1548,15.63636363636364,0.0
CO1,Aves,Vireo_solitarius,T>A,0.0,33,1548,30.36363636363636,0.0
CO1,Aves,Vireo_solitarius,T>C,16.94385,33,1548,53.06060606060607,0.41793913777357733
CO1,Aves,Vireo_solitarius,T>G,0.0,33,1548,30.36363636363636,0.0
CO1,Aves,Cardellina_canadensis,A>C,0.99946,15,1557,150.0,0.038454831062129484
CO1,Aves,Cardellina_canadensis,A>G,3.0,15,1557,210.86666666666665,0.08210886919384588
CO1,Aves,Cardellina_canadensis,A>T,0.0,15,1557,150.0,0.0
CO1,Aves,Cardellina_canadensis,C>A,1.0,15,1557,91.93333333333337,0.0627774602997666
CO1,Aves,Cardellina_canadensis,C>G,0.0,15,1557,91.93333333333337,0.0
CO1,Aves,Cardellina_canadensis,C>T,3.99679,15,1557,259.9333333333334,0.08874136469236323
CO1,Aves,Cardellina_canadensis,G>A,0.99999,15,1557,23.066666666666677,0.25020015043988614
CO1,Aves,Cardellina_canadensis,G>C,0.0,15,1557,13.133333333333336,0.0
CO1,Aves,Cardellina_canadensis,G>T,0.0,15,1557,13.133333333333336,0.0
CO1,Aves,Cardellina_canadensis,T>A,0.0,15,1557,40.73333333333333,0.0
CO1,Aves,Cardellina_canadensis,T>C,5.99836,15,1557,72.46666666666667,0.4777173243120087
CO1,Aves,Cardellina_canadensis,T>G,0.0,15,1557,40.73333333333333,0.0
CO1,Aves,Poephila_acuticauda,A>C,0.0,12,699,68.91666666666666,0.0
CO1,Aves,Poephila_acuticauda,A>G,8.99416,12,699,91.91666666666669,0.2820272954042391
CO1,Aves,Poephila_acuticauda,A>T,0.0,12,699,68.91666666666666,0.0
CO1,Aves,Poephila_acuticauda,C>A,0.0,12,699,41.083333333333336,0.0
CO1,Aves,Poephila_acuticauda,C>G,0.0,12,699,41.083333333333336,0.0
CO1,Aves,Poephila_acuticauda,C>T,2.0,12,699,113.0,0.05101246996492155
CO1,Aves,Poephila_acuticauda,G>A,3.99956,12,699,20.083333333333336,0.5739858942109016
CO1,Aves,Poephila_acuticauda,G>C,0.0,12,699,15.083333333333334,0.0
CO1,Aves,Poephila_acuticauda,G>T,0.0,12,699,15.083333333333334,0.0
CO1,Aves,Poephila_acuticauda,T>A,0.0,12,699,17.833333333333336,0.0
CO1,Aves,Poephila_acuticauda,T>C,1.0,12,699,31.0,0.09297434041993766
CO1,Aves,Poephila_acuticauda,T>G,0.0,12,699,17.833333333333336,0.0
CO1,Aves,Phylloscopus_occisinensis,A>C,0.0,12,1548,138.08333333333334,0.0
CO1,Aves,Phylloscopus_occisinensis,A>G,2.99996,12,1548,196.91666666666669,0.07206375417124748
CO1,Aves,Phylloscopus_occisinensis,A>T,1.0,12,1548,138.08333333333334,0.03425647186192171
CO1,Aves,Phylloscopus_occisinensis,C>A,0.0,12,1548,90.75,0.0
CO1,Aves,Phylloscopus_occisinensis,C>G,0.0,12,1548,90.75,0.0
CO1,Aves,Phylloscopus_occisinensis,C>T,4.99469,12,1548,267.0,0.08848734643718605
CO1,Aves,Phylloscopus_occisinensis,G>A,3.99998,12,1548,28.0,0.6757463102420822
CO1,Aves,Phylloscopus_occisinensis,G>C,0.0,12,1548,14.75,0.0
CO1,Aves,Phylloscopus_occisinensis,G>T,0.0,12,1548,14.75,0.0
CO1,Aves,Phylloscopus_occisinensis,T>A,0.0,12,1548,46.333333333333336,0.0
CO1,Aves,Phylloscopus_occisinensis,T>C,1.99997,12,1548,73.08333333333333,0.1294461172875625
CO1,Aves,Phylloscopus_occisinensis,T>G,0.0,12,1548,46.333333333333336,0.0
CO1,Aves,Melanerpes_chrysogenys,A>C,0.0,10,576,50.0,0.0
CO1,Aves,Melanerpes_chrysogenys,A>G,3.99489,10,576,70.2,0.127190990551768
CO1,Aves,Melanerpes_chrysogenys,A>T,0.0,10,576,50.0,0.0
CO1,Aves,Melanerpes_chrysogenys,C>A,0.0,10,576,39.0,0.0
CO1,Aves,Melanerpes_chrysogenys,C>G,0.0,10,576,39.0,0.0
CO1,Aves,Melanerpes_chrysogenys,C>T,4.9650799999999995,10,576,87.69999999999999,0.1265363472317294
CO1,Aves,Melanerpes_chrysogenys,G>A,1.99831,10,576,6.999999999999999,0.6380481561169805
CO1,Aves,Melanerpes_chrysogenys,G>C,0.0,10,576,5.200000000000001,0.0
CO1,Aves,Melanerpes_chrysogenys,G>T,0.0,10,576,5.200000000000001,0.0
CO1,Aves,Melanerpes_chrysogenys,T>A,0.99748,10,576,20.6,0.10822450609952204
CO1,Aves,Melanerpes_chrysogenys,T>C,0.0,10,576,36.0,0.0
CO1,Aves,Melanerpes_chrysogenys,T>G,0.0,10,576,20.6,0.0
CO1,Aves,Ectopistes_migratorius,A>C,0.0,18,1548,104.05555555555554,0.0
CO1,Aves,Ectopistes_migratorius,A>G,1.9997099999999999,18,1548,169.94444444444446,0.040107912116823505
CO1,Aves,Ectopistes_migratorius,A>T,0.0,18,1548,104.05555555555554,0.0
CO1,Aves,Ectopistes_migratorius,C>A,0.0,18,1548,114.05555555555551,0.0
CO1,Aves,Ectopistes_migratorius,C>G,0.0,18,1548,114.05555555555551,0.0
CO1,Aves,Ectopistes_migratorius,C>T,5.99841,18,1548,255.0,0.08017998576331102
CO1,Aves,Ectopistes_migratorius,G>A,3.0,18,1548,25.77777777777777,0.39668500800729184
CO1,Aves,Ectopistes_migratorius,G>C,0.0,18,1548,16.722222222222225,0.0
CO1,Aves,Ectopistes_migratorius,G>T,0.99998,18,1548,16.722222222222225,0.2038296372962448
CO1,Aves,Ectopistes_migratorius,T>A,0.0,18,1548,50.777777777777786,0.0
CO1,Aves,Ectopistes_migratorius,T>C,7.99996,18,1548,97.66666666666664,0.2791974568163289
CO1,Aves,Ectopistes_migratorius,T>G,0.0,18,1548,50.777777777777786,0.0
CO1,Aves,Lepidothrix_nattereri,A>C,0.0,17,882,68.76470588235296,0.0
CO1,Aves,Lepidothrix_nattereri,A>G,1.99997,17,882,109.6470588235294,0.026923484909456268
CO1,Aves,Lepidothrix_nattereri,A>T,0.0,17,882,68.76470588235296,0.0
CO1,Aves,Lepidothrix_nattereri,C>A,0.0,17,882,45.1764705882353,0.0
CO1,Aves,Lepidothrix_nattereri,C>G,0.0,17,882,45.1764705882353,0.0
CO1,Aves,Lepidothrix_nattereri,C>T,4.99969,17,882,112.1764705882353,0.0657879091808853
CO1,Aves,Lepidothrix_nattereri,G>A,3.99953,17,882,7.35294117647059,0.802883708688616
CO1,Aves,Lepidothrix_nattereri,G>C,0.0,17,882,4.76470588235294,0.0
CO1,Aves,Lepidothrix_nattereri,G>T,0.0,17,882,4.76470588235294,0.0
CO1,Aves,Lepidothrix_nattereri,T>A,0.0,17,882,45.94117647058823,0.0
CO1,Aves,Lepidothrix_nattereri,T>C,5.99974,17,882,84.82352941176472,0.10440489722104233
CO1,Aves,Lepidothrix_nattereri,T>G,0.0,17,882,45.94117647058823,0.0
CO1,Aves,Catharus_ustulatus,A>C,0.0,25,1557,138.0,0.0
CO1,Aves,Catharus_ustulatus,A>G,7.99829,25,1557,203.08,0.08843810447910966
CO1,Aves,Catharus_ustulatus,A>T,0.0,25,1557,138.0,0.0
CO1,Aves,Catharus_ustulatus,C>A,2.0,25,1557,100.92000000000002,0.044500223024577935
CO1,Aves,Catharus_ustulatus,C>G,0.0,25,1557,100.92000000000002,0.0
CO1,Aves,Catharus_ustulatus,C>T,11.977584,25,1557,260.9200000000001,0.10307925930575194
CO1,Aves,Catharus_ustulatus,G>A,5.99262,25,1557,21.960000000000004,0.61276483931093
CO1,Aves,Catharus_ustulatus,G>C,0.0,25,1557,13.039999999999996,0.0
CO1,Aves,Catharus_ustulatus,G>T,0.0,25,1557,13.039999999999996,0.0
CO1,Aves,Catharus_ustulatus,T>A,0.0,25,1557,37.99999999999999,0.0
CO1,Aves,Catharus_ustulatus,T>C,4.98608,25,1557,74.03999999999999,0.15121757387963047
CO1,Aves,Catharus_ustulatus,T>G,0.0,25,1557,37.99999999999999,0.0
CO1,Aves,Picoides_villosus,A>C,0.0,22,1548,109.22727272727272,0.0
CO1,Aves,Picoides_villosus,A>G,6.646912,22,1548,173.36363636363637,0.08216442768266707
CO1,Aves,Picoides_villosus,A>T,0.971053,22,1548,109.22727272727272,0.01905170102764891
CO1,Aves,Picoides_villosus,C>A,1.99956,22,1548,126.99999999999996,0.033740586906015294
CO1,Aves,Picoides_villosus,C>G,0.99883,22,1548,126.99999999999996,0.016854263147560087
CO1,Aves,Picoides_villosus,C>T,10.714265000000001,22,1548,275.9545454545454,0.08320448656258476
CO1,Aves,Picoides_villosus,G>A,3.9494700000000003,22,1548,16.81818181818182,0.5032475732971445
CO1,Aves,Picoides_villosus,G>C,0.0,22,1548,9.999999999999998,0.0
CO1,Aves,Picoides_villosus,G>T,0.0,22,1548,9.999999999999998,0.0
CO1,Aves,Picoides_villosus,T>A,0.0,22,1548,39.681818181818194,0.0
CO1,Aves,Picoides_villosus,T>C,9.121327,22,1548,74.68181818181819,0.26173696137637925
CO1,Aves,Picoides_villosus,T>G,0.0,22,1548,39.681818181818194,0.0
CO1,Aves,Lonchura_castaneothorax,A>C,0.0,15,1548,168.66666666666669,0.0
CO1,Aves,Lonchura_castaneothorax,A>G,1.0,15,1548,235.86666666666665,0.024317868050445744
CO1,Aves,Lonchura_castaneothorax,A>T,1.0,15,1548,168.66666666666669,0.034006568048409895
CO1,Aves,Lonchura_castaneothorax,C>A,1.0,15,1548,86.6,0.06623296163393151
CO1,Aves,Lonchura_castaneothorax,C>G,0.0,15,1548,86.6,0.0
CO1,Aves,Lonchura_castaneothorax,C>T,3.99826,15,1548,260.06666666666666,0.08818168801231618
CO1,Aves,Lonchura_castaneothorax,G>A,0.0,15,1548,16.066666666666666,0.0
CO1,Aves,Lonchura_castaneothorax,G>C,0.0,15,1548,11.333333333333332,0.0
CO1,Aves,Lonchura_castaneothorax,G>T,0.0,15,1548,11.333333333333332,0.0
CO1,Aves,Lonchura_castaneothorax,T>A,0.0,15,1548,23.40000000000001,0.0
CO1,Aves,Lonchura_castaneothorax,T>C,6.99998,15,1548,51.0,0.7872609142548967
CO1,Aves,Lonchura_castaneothorax,T>G,0.0,15,1548,23.40000000000001,0.0
CO1,Aves,Thryophilus_rufalbus,A>C,1.80861,10,630,52.8,0.11807808182208339
CO1,Aves,Thryophilus_rufalbus,A>G,6.83192,10,630,78.1,0.3015435355388286
CO1,Aves,Thryophilus_rufalbus,A>T,0.0,10,630,52.8,0.0
CO1,Aves,Thryophilus_rufalbus,C>A,2.9999000000000002,10,630,51.70000000000001,0.2000205048450545
CO1,Aves,Thryophilus_rufalbus,C>G,0.0,10,630,51.70000000000001,0.0
CO1,Aves,Thryophilus_rufalbus,C>T,3.99761,10,630,120.7,0.1141698516940819
CO1,Aves,Thryophilus_rufalbus,G>A,0.0,10,630,8.4,0.0
CO1,Aves,Thryophilus_rufalbus,G>C,0.0,10,630,4.199999999999999,0.0
CO1,Aves,Thryophilus_rufalbus,G>T,0.0,10,630,4.199999999999999,0.0
CO1,Aves,Thryophilus_rufalbus,T>A,0.0,10,630,15.8,0.0
CO1,Aves,Thryophilus_rufalbus,T>C,2.0,10,630,25.9,0.26618802609995157
CO1,Aves,Thryophilus_rufalbus,T>G,0.0,10,630,15.8,0.0
CO1,Aves,Gallus_gallus,A>C,0.0,49,1548,124.77551020408168,0.0
CO1,Aves,Gallus_gallus,A>G,5.98793,49,1548,193.7755102040817,0.03656485503321084
CO1,Aves,Gallus_gallus,A>T,2.0,49,1548,124.77551020408168,0.018966477124829573
CO1,Aves,Gallus_gallus,C>A,2.0,49,1548,106.97959183673473,0.02212152635276765
CO1,Aves,Gallus_gallus,C>G,0.0,49,1548,106.97959183673473,0.0
CO1,Aves,Gallus_gallus,C>T,12.99377,49,1548,251.00000000000009,0.061255837773371596
CO1,Aves,Gallus_gallus,G>A,9.99179,49,1548,18.93877551020409,0.6242771396898226
CO1,Aves,Gallus_gallus,G>C,0.0,49,1548,11.18367346938775,0.0
CO1,Aves,Gallus_gallus,G>T,0.0,49,1548,11.18367346938775,0.0
CO1,Aves,Gallus_gallus,T>A,0.0,49,1548,41.244897959183696,0.0
CO1,Aves,Gallus_gallus,T>C,17.99167,49,1548,89.89795918367341,0.23681416402599773
CO1,Aves,Gallus_gallus,T>G,0.0,49,1548,41.244897959183696,0.0
CO1,Aves,Setophaga_virens,A>C,0.0,21,1557,148.61904761904765,0.0
CO1,Aves,Setophaga_virens,A>G,5.99997,21,1557,210.57142857142853,0.15435421842939878
CO1,Aves,Setophaga_virens,A>T,1.0,21,1557,148.61904761904765,0.036449736552581144
CO1,Aves,Setophaga_virens,C>A,1.0,21,1557,86.57142857142856,0.06257405268460164
CO1,Aves,Setophaga_virens,C>G,0.0,21,1557,86.57142857142856,0.0
CO1,Aves,Setophaga_virens,C>T,6.99991,21,1557,251.28571428571436,0.15090148874317602
CO1,Aves,Setophaga_virens,G>A,0.99982,21,1557,22.33333333333333,0.2425141813381776
CO1,Aves,Setophaga_virens,G>C,0.0,21,1557,14.285714285714285,0.0
CO1,Aves,Setophaga_virens,G>T,0.0,21,1557,14.285714285714285,0.0
CO1,Aves,Setophaga_virens,T>A,0.0,21,1557,46.42857142857142,0.0
CO1,Aves,Setophaga_virens,T>C,4.9957,21,1557,76.6190476190476,0.3532063222520649
CO1,Aves,Setophaga_virens,T>G,0.0,21,1557,46.42857142857142,0.0
CO1,Aves,Setophaga_magnolia,A>C,0.0,20,1557,142.04999999999998,0.0
CO1,Aves,Setophaga_magnolia,A>G,5.9991,20,1557,202.1,0.09965116877351525
CO1,Aves,Setophaga_magnolia,A>T,0.0,20,1557,142.04999999999998,0.0
CO1,Aves,Setophaga_magnolia,C>A,0.0,20,1557,90.79999999999998,0.0
CO1,Aves,Setophaga_magnolia,C>G,0.0,20,1557,90.79999999999998,0.0
CO1,Aves,Setophaga_magnolia,C>T,8.99997,20,1557,251.8,0.11999079892240029
CO1,Aves,Setophaga_magnolia,G>A,4.0,20,1557,26.950000000000006,0.4982689570195561
CO1,Aves,Setophaga_magnolia,G>C,0.0,20,1557,15.900000000000004,0.0
CO1,Aves,Setophaga_magnolia,G>T,0.0,20,1557,15.900000000000004,0.0
CO1,Aves,Setophaga_magnolia,T>A,1.0,20,1557,46.2,0.07266422289868527
CO1,Aves,Setophaga_magnolia,T>C,4.99999,20,1557,80.14999999999999,0.20942485238584307
CO1,Aves,Setophaga_magnolia,T>G,0.0,20,1557,46.2,0.0
CO1,Aves,Setophaga_tigrina,A>C,0.0,20,1557,139.29999999999998,0.0
CO1,Aves,Setophaga_tigrina,A>G,2.99972,20,1557,203.25,0.0494854639846553
CO1,Aves,Setophaga_tigrina,A>T,1.0,20,1557,139.29999999999998,0.024070015271014173
CO1,Aves,Setophaga_tigrina,C>A,1.0,20,1557,97.85,0.03426625577161241
CO1,Aves,Setophaga_tigrina,C>G,1.0,20,1557,97.85,0.03426625577161241
CO1,Aves,Setophaga_tigrina,C>T,6.9992,20,1557,249.45,0.09407893176293493
CO1,Aves,Setophaga_tigrina,G>A,3.99922,20,1557,23.95,0.5598829730926864
CO1,Aves,Setophaga_tigrina,G>C,0.0,20,1557,14.95,0.0
CO1,Aves,Setophaga_tigrina,G>T,0.0,20,1557,14.95,0.0
CO1,Aves,Setophaga_tigrina,T>A,0.0,20,1557,40.85,0.0
CO1,Aves,Setophaga_tigrina,T>C,4.99998,20,1557,82.2,0.20395010434548447
CO1,Aves,Setophaga_tigrina,T>G,0.0,20,1557,40.85,0.0
CO1,Aves,Phylloscopus_collybita,A>C,0.0,33,1548,136.24242424242428,0.0
CO1,Aves,Phylloscopus_collybita,A>G,5.988352,33,1548,203.3939393939395,0.044701063049245135
CO1,Aves,Phylloscopus_collybita,A>T,3.99908,33,1548,136.24242424242428,0.044565241890158896
CO1,Aves,Phylloscopus_collybita,C>A,0.0,33,1548,87.72727272727273,0.0
CO1,Aves,Phylloscopus_collybita,C>G,0.0,33,1548,87.72727272727273,0.0
CO1,Aves,Phylloscopus_collybita,C>T,11.94736,33,1548,253.72727272727255,0.07149132356145504
CO1,Aves,Phylloscopus_collybita,G>A,8.554753,33,1548,23.393939393939384,0.5552040851691906
CO1,Aves,Phylloscopus_collybita,G>C,0.985744,33,1548,12.939393939393936,0.11566414340214559
CO1,Aves,Phylloscopus_collybita,G>T,0.0,33,1548,12.939393939393936,0.0
CO1,Aves,Phylloscopus_collybita,T>A,0.0,33,1548,48.48484848484847,0.0
CO1,Aves,Phylloscopus_collybita,T>C,8.811414,33,1548,79.45454545454544,0.16837414292780475
CO1,Aves,Phylloscopus_collybita,T>G,0.0,33,1548,48.48484848484847,0.0
CO1,Aves,Threskiornis_aethiopicus,A>C,0.0,22,1548,142.22727272727272,0.0
CO1,Aves,Threskiornis_aethiopicus,A>G,3.99313,22,1548,214.00000000000003,0.1183258889581348
CO1,Aves,Threskiornis_aethiopicus,A>T,0.0,22,1548,142.22727272727272,0.0
CO1,Aves,Threskiornis_aethiopicus,C>A,0.0,22,1548,91.6818181818182,0.0
CO1,Aves,Threskiornis_aethiopicus,C>G,0.0,22,1548,91.6818181818182,0.0
CO1,Aves,Threskiornis_aethiopicus,C>T,1.99998,22,1548,237.5909090909091,0.053379675999885884
CO1,Aves,Threskiornis_aethiopicus,G>A,0.9948,22,1548,16.045454545454543,0.39315504416496894
CO1,Aves,Threskiornis_aethiopicus,G>C,0.0,22,1548,9.999999999999996,0.0
CO1,Aves,Threskiornis_aethiopicus,G>T,0.0,22,1548,9.999999999999996,0.0
CO1,Aves,Threskiornis_aethiopicus,T>A,1.0,22,1548,38.86363636363637,0.1631686296110935
CO1,Aves,Threskiornis_aethiopicus,T>C,3.99644,22,1548,93.18181818181816,0.2719707612659169
CO1,Aves,Threskiornis_aethiopicus,T>G,0.0,22,1548,38.86363636363637,0.0
CO1,Aves,Empidonax_minimus,A>C,0.0,17,1548,102.58823529411764,0.0
CO1,Aves,Empidonax_minimus,A>G,6.99678,17,1548,176.6470588235294,0.1045665873064616
CO1,Aves,Empidonax_minimus,A>T,0.0,17,1548,102.58823529411764,0.0
CO1,Aves,Empidonax_minimus,C>A,0.0,17,1548,81.52941176470588,0.0
CO1,Aves,Empidonax_minimus,C>G,0.9993,17,1548,81.52941176470588,0.03235807707353744
CO1,Aves,Empidonax_minimus,C>T,4.9850200000000005,17,1548,201.05882352941177,0.06545531159791729
CO1,Aves,Empidonax_minimus,G>A,4.99916,17,1548,19.411764705882348,0.6798813762117192
CO1,Aves,Empidonax_minimus,G>C,0.0,17,1548,8.470588235294116,0.0
CO1,Aves,Empidonax_minimus,G>T,0.0,17,1548,8.470588235294116,0.0
CO1,Aves,Empidonax_minimus,T>A,0.0,17,1548,82.41176470588235,0.0
CO1,Aves,Empidonax_minimus,T>C,6.9966800000000005,17,1548,156.88235294117644,0.11773864781036449
CO1,Aves,Empidonax_minimus,T>G,0.0,17,1548,82.41176470588235,0.0
CO1,Aves,Momotus_mexicanus,A>C,0.0,9,564,46.33333333333333,0.0
CO1,Aves,Momotus_mexicanus,A>G,1.866161,9,564,66.77777777777779,0.07653204693424247
CO1,Aves,Momotus_mexicanus,A>T,0.0,9,564,46.33333333333333,0.0
CO1,Aves,Momotus_mexicanus,C>A,0.0,9,564,45.22222222222222,0.0
CO1,Aves,Momotus_mexicanus,C>G,0.0,9,564,45.22222222222222,0.0
CO1,Aves,Momotus_mexicanus,C>T,8.181426,9,564,99.77777777777776,0.22455429287942733
CO1,Aves,Momotus_mexicanus,G>A,0.791386,9,564,8.222222222222221,0.2635878183011016
CO1,Aves,Momotus_mexicanus,G>C,0.0,9,564,5.555555555555555,0.0
CO1,Aves,Momotus_mexicanus,G>T,0.0,9,564,5.555555555555555,0.0
CO1,Aves,Momotus_mexicanus,T>A,0.0,9,564,18.77777777777777,0.0
CO1,Aves,Momotus_mexicanus,T>C,4.804129,9,564,30.22222222222222,0.43532584188522855
CO1,Aves,Momotus_mexicanus,T>G,0.0,9,564,18.77777777777777,0.0
CO1,Aves,Lepidothrix_vilasboasi,A>C,0.0,10,882,67.89999999999999,0.0
CO1,Aves,Lepidothrix_vilasboasi,A>G,1.0,10,882,108.0,0.042555735868740494
CO1,Aves,Lepidothrix_vilasboasi,A>T,1.0,10,882,67.89999999999999,0.06768806294291567
CO1,Aves,Lepidothrix_vilasboasi,C>A,0.0,10,882,45.7,0.0
CO1,Aves,Lepidothrix_vilasboasi,C>G,0.0,10,882,45.7,0.0
CO1,Aves,Lepidothrix_vilasboasi,C>T,3.99995,10,882,113.70000000000002,0.16168731833176955
CO1,Aves,Lepidothrix_vilasboasi,G>A,1.0,10,882,9.000000000000002,0.5106688304248859
CO1,Aves,Lepidothrix_vilasboasi,G>C,0.0,10,882,5.0,0.0
CO1,Aves,Lepidothrix_vilasboasi,G>T,0.0,10,882,5.0,0.0
CO1,Aves,Lepidothrix_vilasboasi,T>A,0.0,10,882,45.3,0.0
CO1,Aves,Lepidothrix_vilasboasi,T>C,3.9402410000000003,10,882,83.30000000000001,0.21740005243168845
CO1,Aves,Lepidothrix_vilasboasi,T>G,0.0,10,882,45.3,0.0
CO1,Aves,Setophaga_pensylvanica,A>C,0.0,27,1557,141.4074074074075,0.0
CO1,Aves,Setophaga_pensylvanica,A>G,3.99829,27,1557,203.2222222222221,0.04726038891124166
CO1,Aves,Setophaga_pensylvanica,A>T,1.0,27,1557,141.4074074074075,0.016987209252750643
CO1,Aves,Setophaga_pensylvanica,C>A,3.0,27,1557,98.74074074074078,0.0729825561819227
CO1,Aves,Setophaga_pensylvanica,C>G,1.0,27,1557,98.74074074074078,0.024327518727307568
CO1,Aves,Setophaga_pensylvanica,C>T,10.98561,27,1557,253.81481481481492,0.1039684108556431
CO1,Aves,Setophaga_pensylvanica,G>A,4.99673,27,1557,24.8888888888889,0.48225259182395624
CO1,Aves,Setophaga_pensylvanica,G>C,0.0,27,1557,15.814814814814811,0.0
CO1,Aves,Setophaga_pensylvanica,G>T,0.0,27,1557,15.814814814814811,0.0
CO1,Aves,Setophaga_pensylvanica,T>A,0.0,27,1557,39.1111111111111,0.0
CO1,Aves,Setophaga_pensylvanica,T>C,7.97608,27,1557,75.96296296296296,0.252221324247178
CO1,Aves,Setophaga_pensylvanica,T>G,0.0,27,1557,39.1111111111111,0.0
CO1,Aves,Oceanodroma_melania,A>C,0.0,47,717,56.61702127659569,0.0
CO1,Aves,Oceanodroma_melania,A>G,14.779495,47,717,80.53191489361701,0.7145300405054357
CO1,Aves,Oceanodroma_melania,A>T,1.99998,47,717,56.61702127659569,0.13753320362202645
CO1,Aves,Oceanodroma_melania,C>A,0.0,47,717,51.9574468085106,0.0
CO1,Aves,Oceanodroma_melania,C>G,0.0,47,717,51.9574468085106,0.0
CO1,Aves,Oceanodroma_melania,C>T,0.0,47,717,114.99999999999989,0.0
CO1,Aves,Oceanodroma_melania,G>A,0.0,47,717,13.404255319148929,0.0
CO1,Aves,Oceanodroma_melania,G>C,0.0,47,717,8.40425531914894,0.0
CO1,Aves,Oceanodroma_melania,G>T,0.0,47,717,8.40425531914894,0.0
CO1,Aves,Oceanodroma_melania,T>A,0.99681,47,717,26.234042553191472,0.14793675587253782
CO1,Aves,Oceanodroma_melania,T>C,0.0,47,717,49.06382978723402,0.0
CO1,Aves,Oceanodroma_melania,T>G,0.0,47,717,26.234042553191472,0.0
CO1,Aves,Certhia_americana,A>C,0.0,16,1557,113.75,0.0
CO1,Aves,Certhia_americana,A>G,1.0,16,1557,174.0,0.026951824509301166
CO1,Aves,Certhia_americana,A>T,1.99978,16,1557,113.75,0.08244574253533705
CO1,Aves,Certhia_americana,C>A,0.0,16,1557,103.0,0.0
CO1,Aves,Certhia_americana,C>G,0.0,16,1557,103.0,0.0
CO1,Aves,Certhia_americana,C>T,13.97588,16,1557,248.5,0.2637486154181531
CO1,Aves,Certhia_americana,G>A,2.99934,16,1557,35.875,0.3920768570405174
CO1,Aves,Certhia_americana,G>C,0.0,16,1557,18.875,0.0
CO1,Aves,Certhia_americana,G>T,0.0,16,1557,18.875,0.0
CO1,Aves,Certhia_americana,T>A,0.0,16,1557,50.125,0.0
CO1,Aves,Certhia_americana,T>C,4.98754,16,1557,99.625,0.23477696049669128
CO1,Aves,Certhia_americana,T>G,0.0,16,1557,50.125,0.0
CO1,Aves,Phylloscopus_affinis,A>C,0.0,9,1548,143.0,0.0
CO1,Aves,Phylloscopus_affinis,A>G,3.0,9,1548,205.55555555555557,0.09846537645886909
CO1,Aves,Phylloscopus_affinis,A>T,1.0,9,1548,143.0,0.04717973230999944
CO1,Aves,Phylloscopus_affinis,C>A,1.0,9,1548,83.33333333333333,0.08096042064395904
CO1,Aves,Phylloscopus_affinis,C>G,0.0,9,1548,83.33333333333333,0.0
CO1,Aves,Phylloscopus_affinis,C>T,1.70505,9,1548,256.44444444444446,0.04485752769247694
CO1,Aves,Phylloscopus_affinis,G>A,1.9438,9,1548,28.444444444444443,0.4610474579523269
CO1,Aves,Phylloscopus_affinis,G>C,0.0,9,1548,16.000000000000004,0.0
CO1,Aves,Phylloscopus_affinis,G>T,0.0,9,1548,16.000000000000004,0.0
CO1,Aves,Phylloscopus_affinis,T>A,0.0,9,1548,44.66666666666667,0.0
CO1,Aves,Phylloscopus_affinis,T>C,2.99999,9,1548,75.66666666666666,0.2674894849423686
CO1,Aves,Phylloscopus_affinis,T>G,0.0,9,1548,44.66666666666667,0.0
CO1,Aves,Sylvia_moltonii,A>C,0.0,10,648,67.99999999999999,0.0
CO1,Aves,Sylvia_moltonii,A>G,2.99833,10,648,89.5,0.07507148875163688
CO1,Aves,Sylvia_moltonii,A>T,0.0,10,648,67.99999999999999,0.0
CO1,Aves,Sylvia_moltonii,C>A,1.0,10,648,47.7,0.04697861993820516
CO1,Aves,Sylvia_moltonii,C>G,0.0,10,648,47.7,0.0
CO1,Aves,Sylvia_moltonii,C>T,4.99237,10,648,115.7,0.09669233309902163
CO1,Aves,Sylvia_moltonii,G>A,0.99889,10,648,5.699999999999999,0.39270049018640674
CO1,Aves,Sylvia_moltonii,G>C,0.0,10,648,3.1999999999999997,0.0
CO1,Aves,Sylvia_moltonii,G>T,0.0,10,648,3.1999999999999997,0.0
CO1,Aves,Sylvia_moltonii,T>A,0.0,10,648,16.999999999999996,0.0
CO1,Aves,Sylvia_moltonii,T>C,2.87574,10,648,25.1,0.2567405873745892
CO1,Aves,Sylvia_moltonii,T>G,1.0,10,648,16.999999999999996,0.1318164806501404
CO1,Aves,Anser_cygnoides,A>C,0.0,11,1548,123.81818181818184,0.0
CO1,Aves,Anser_cygnoides,A>G,4.978496,11,1548,189.27272727272728,0.11690824791197542
CO1,Aves,Anser_cygnoides,A>T,0.99326,11,1548,123.81818181818184,0.03565443453336612
CO1,Aves,Anser_cygnoides,C>A,0.0,11,1548,109.72727272727272,0.0
CO1,Aves,Anser_cygnoides,C>G,0.0,11,1548,109.72727272727272,0.0
CO1,Aves,Anser_cygnoides,C>T,5.716208,11,1548,273.7272727272727,0.09281645612998242
CO1,Aves,Anser_cygnoides,G>A,3.827724,11,1548,27.0,0.6301034831886778
CO1,Aves,Anser_cygnoides,G>C,0.0,11,1548,18.63636363636364,0.0
CO1,Aves,Anser_cygnoides,G>T,0.0,11,1548,18.63636363636364,0.0
CO1,Aves,Anser_cygnoides,T>A,0.0,11,1548,33.72727272727272,0.0
CO1,Aves,Anser_cygnoides,T>C,1.96871,11,1548,70.27272727272727,0.12451737823599829
CO1,Aves,Anser_cygnoides,T>G,0.0,11,1548,33.72727272727272,0.0
CO1,Aves,Zonotrichia_albicollis,A>C,0.0,28,1548,140.39285714285717,0.0
CO1,Aves,Zonotrichia_albicollis,A>G,3.99999,28,1548,203.25,0.03934190637050141
CO1,Aves,Zonotrichia_albicollis,A>T,0.0,28,1548,140.39285714285717,0.0
CO1,Aves,Zonotrichia_albicollis,C>A,0.0,28,1548,97.39285714285712,0.0
CO1,Aves,Zonotrichia_albicollis,C>G,0.0,28,1548,97.39285714285712,0.0
CO1,Aves,Zonotrichia_albicollis,C>T,8.99779,28,1548,266.42857142857144,0.06751217598240646
CO1,Aves,Zonotrichia_albicollis,G>A,4.0,28,1548,18.75,0.42646733122456343
CO1,Aves,Zonotrichia_albicollis,G>C,0.0,28,1548,13.678571428571429,0.0
CO1,Aves,Zonotrichia_albicollis,G>T,0.0,28,1548,13.678571428571429,0.0
CO1,Aves,Zonotrichia_albicollis,T>A,0.0,28,1548,42.57142857142857,0.0
CO1,Aves,Zonotrichia_albicollis,T>C,15.999550000000001,28,1548,68.53571428571429,0.46667858642252874
CO1,Aves,Zonotrichia_albicollis,T>G,0.0,28,1548,42.57142857142857,0.0
CO1,Aves,Vireo_olivaceus,A>C,1.99976,34,1548,184.05882352941168,0.013284403425872978
CO1,Aves,Vireo_olivaceus,A>G,7.99539,34,1548,244.2647058823531,0.040022089002901766
CO1,Aves,Vireo_olivaceus,A>T,1.9997500000000001,34,1548,184.05882352941168,0.01328433699588425
CO1,Aves,Vireo_olivaceus,C>A,0.0,34,1548,66.58823529411761,0.0
CO1,Aves,Vireo_olivaceus,C>G,0.0,34,1548,66.58823529411761,0.0
CO1,Aves,Vireo_olivaceus,C>T,16.974261,34,1548,241.55882352941185,0.08591891626491266
CO1,Aves,Vireo_olivaceus,G>A,8.99726,34,1548,22.58823529411764,0.4870222337808314
CO1,Aves,Vireo_olivaceus,G>C,0.0,34,1548,12.82352941176471,0.0
CO1,Aves,Vireo_olivaceus,G>T,0.0,34,1548,12.82352941176471,0.0
CO1,Aves,Vireo_olivaceus,T>A,0.0,34,1548,28.47058823529412,0.0
CO1,Aves,Vireo_olivaceus,T>C,16.917036,34,1548,57.38235294117647,0.360468020529597
CO1,Aves,Vireo_olivaceus,T>G,0.0,34,1548,28.47058823529412,0.0
CO1,Aves,Bubo_bubo,A>C,0.0,10,1548,105.4,0.0
CO1,Aves,Bubo_bubo,A>G,1.9849,10,1548,170.6,0.055694452340095714
CO1,Aves,Bubo_bubo,A>T,0.0,10,1548,105.4,0.0
CO1,Aves,Bubo_bubo,C>A,0.0,10,1548,138.39999999999998,0.0
CO1,Aves,Bubo_bubo,C>G,0.0,10,1548,138.39999999999998,0.0
CO1,Aves,Bubo_bubo,C>T,6.967943,10,1548,294.40000000000003,0.11329718424090642
CO1,Aves,Bubo_bubo,G>A,2.99216,10,1548,23.4,0.6120984620827052
CO1,Aves,Bubo_bubo,G>C,0.0,10,1548,12.6,0.0
CO1,Aves,Bubo_bubo,G>T,0.0,10,1548,12.6,0.0
CO1,Aves,Bubo_bubo,T>A,0.0,10,1548,27.6,0.0
CO1,Aves,Bubo_bubo,T>C,2.9999700000000002,10,1548,65.60000000000001,0.2189099013362926
CO1,Aves,Bubo_bubo,T>G,0.0,10,1548,27.6,0.0
CO1,Aves,Antilophia_galeata,A>C,0.0,13,864,56.6923076923077,0.0
CO1,Aves,Antilophia_galeata,A>G,2.99941,13,864,94.6153846153846,0.1535882875922181
CO1,Aves,Antilophia_galeata,A>T,0.0,13,864,56.6923076923077,0.0
CO1,Aves,Antilophia_galeata,C>A,0.0,13,864,53.46153846153846,0.0
CO1,Aves,Antilophia_galeata,C>G,0.0,13,864,53.46153846153846,0.0
CO1,Aves,Antilophia_galeata,C>T,4.99998,13,864,125.0,0.19379487000038548
CO1,Aves,Antilophia_galeata,G>A,1.0,13,864,10.384615384615383,0.46654507173677057
CO1,Aves,Antilophia_galeata,G>C,0.0,13,864,7.307692307692307,0.0
CO1,Aves,Antilophia_galeata,G>T,0.0,13,864,7.307692307692307,0.0
CO1,Aves,Antilophia_galeata,T>A,0.0,13,864,44.46153846153846,0.0
CO1,Aves,Antilophia_galeata,T>C,2.99565,13,864,78.0,0.18607177067062586
CO1,Aves,Antilophia_galeata,T>G,0.0,13,864,44.46153846153846,0.0
CO1,Aves,Celeus_undatus,A>C,0.0,9,1050,78.33333333333333,0.0
CO1,Aves,Celeus_undatus,A>G,1.99997,9,1050,120.55555555555554,0.045911929219331876
CO1,Aves,Celeus_undatus,A>T,1.0,9,1050,78.33333333333333,0.03532992229136989
CO1,Aves,Celeus_undatus,C>A,0.0,9,1050,87.88888888888889,0.0
CO1,Aves,Celeus_undatus,C>G,0.0,9,1050,87.88888888888889,0.0
CO1,Aves,Celeus_undatus,C>T,3.99892,9,1050,183.77777777777777,0.06021975856035698
CO1,Aves,Celeus_undatus,G>A,1.9999500000000001,9,1050,7.333333333333333,0.7547567431980421
CO1,Aves,Celeus_undatus,G>C,0.0,9,1050,4.555555555555556,0.0
CO1,Aves,Celeus_undatus,G>T,0.0,9,1050,4.555555555555556,0.0
CO1,Aves,Celeus_undatus,T>A,0.0,9,1050,31.22222222222222,0.0
CO1,Aves,Celeus_undatus,T>C,2.0,9,1050,53.33333333333333,0.10378164673089907
CO1,Aves,Celeus_undatus,T>G,0.0,9,1050,31.22222222222222,0.0
CO1,Aves,Carpodacus_vinaceus,A>C,0.0,14,1500,138.92857142857144,0.0
CO1,Aves,Carpodacus_vinaceus,A>G,6.99651,14,1500,197.57142857142856,0.16363896195337074
CO1,Aves,Carpodacus_vinaceus,A>T,0.0,14,1500,138.92857142857144,0.0
CO1,Aves,Carpodacus_vinaceus,C>A,0.0,14,1500,75.7857142857143,0.0
CO1,Aves,Carpodacus_vinaceus,C>G,0.0,14,1500,75.7857142857143,0.0
CO1,Aves,Carpodacus_vinaceus,C>T,4.39593,14,1500,235.0,0.08643951126438239
CO1,Aves,Carpodacus_vinaceus,G>A,2.99998,14,1500,27.428571428571427,0.505410857588021
CO1,Aves,Carpodacus_vinaceus,G>C,0.0,14,1500,19.21428571428572,0.0
CO1,Aves,Carpodacus_vinaceus,G>T,0.0,14,1500,19.21428571428572,0.0
CO1,Aves,Carpodacus_vinaceus,T>A,0.0,14,1500,51.21428571428572,0.0
CO1,Aves,Carpodacus_vinaceus,T>C,4.39184,14,1500,83.0,0.24451066919422595
CO1,Aves,Carpodacus_vinaceus,T>G,0.0,14,1500,51.21428571428572,0.0
CO1,Aves,Corvus_splendens,A>C,0.99903,63,1548,161.76190476190482,0.007948330380851173
CO1,Aves,Corvus_splendens,A>G,15.99172,63,1548,218.6349206349209,0.09413459985320381
CO1,Aves,Corvus_splendens,A>T,1.0,63,1548,161.76190476190482,0.007956047747165924
CO1,Aves,Corvus_splendens,C>A,3.0,63,1548,61.93650793650787,0.06233732644133884
CO1,Aves,Corvus_splendens,C>G,0.0,63,1548,61.93650793650787,0.0
CO1,Aves,Corvus_splendens,C>T,15.99947,63,1548,228.15873015873015,0.09024894594532587
CO1,Aves,Corvus_splendens,G>A,10.99767,63,1548,27.31746031746028,0.5181243416110464
CO1,Aves,Corvus_splendens,G>C,0.0,63,1548,15.206349206349186,0.0
CO1,Aves,Corvus_splendens,G>T,0.0,63,1548,15.206349206349186,0.0
CO1,Aves,Corvus_splendens,T>A,0.0,63,1548,51.90476190476188,0.0
CO1,Aves,Corvus_splendens,T>C,14.802362,63,1548,86.8888888888889,0.21925040802106804
CO1,Aves,Corvus_splendens,T>G,0.0,63,1548,51.90476190476188,0.0
CO1,Aves,Leiothlypis_ruficapilla,A>C,0.0,26,1557,149.53846153846155,0.0
CO1,Aves,Leiothlypis_ruficapilla,A>G,11.9976,26,1557,214.6538461538462,0.08164657187932854
CO1,Aves,Leiothlypis_ruficapilla,A>T,0.0,26,1557,149.53846153846155,0.0
CO1,Aves,Leiothlypis_ruficapilla,C>A,0.99973,26,1557,88.30769230769232,0.016537369861049908
CO1,Aves,Leiothlypis_ruficapilla,C>G,0.0,26,1557,88.30769230769232,0.0
CO1,Aves,Leiothlypis_ruficapilla,C>T,15.972131000000001,26,1557,255.7692307692308,0.09122141757610791
CO1,Aves,Leiothlypis_ruficapilla,G>A,5.984046,26,1557,16.34615384615384,0.5347632966723683
CO1,Aves,Leiothlypis_ruficapilla,G>C,0.0,26,1557,11.346153846153848,0.0
CO1,Aves,Leiothlypis_ruficapilla,G>T,0.0,26,1557,11.346153846153848,0.0
CO1,Aves,Leiothlypis_ruficapilla,T>A,0.0,26,1557,46.57692307692307,0.0
CO1,Aves,Leiothlypis_ruficapilla,T>C,12.899282,26,1557,77.07692307692307,0.2444687875982296
CO1,Aves,Leiothlypis_ruficapilla,T>G,1.0,26,1557,46.57692307692307,0.031362556412915715
CO1,Aves,Corvus_corax,A>C,1.9548450000000002,11,1548,167.63636363636363,0.045061305364273344
CO1,Aves,Corvus_corax,A>G,4.0561050000000005,11,1548,225.81818181818187,0.06940806785282498
CO1,Aves,Corvus_corax,A>T,0.0,11,1548,167.63636363636363,0.0
CO1,Aves,Corvus_corax,C>A,1.0,11,1548,65.27272727272728,0.05920084602289246
CO1,Aves,Corvus_corax,C>G,0.0,11,1548,65.27272727272728,0.0
CO1,Aves,Corvus_corax,C>T,10.517293,11,1548,238.18181818181813,0.17062986183661186
CO1,Aves,Corvus_corax,G>A,1.4327869999999998,11,1548,19.545454545454547,0.2832667043985686
CO1,Aves,Corvus_corax,G>C,0.0,11,1548,10.454545454545451,0.0
CO1,Aves,Corvus_corax,G>T,0.0,11,1548,10.454545454545451,0.0
CO1,Aves,Corvus_corax,T>A,0.0,11,1548,49.27272727272727,0.0
CO1,Aves,Corvus_corax,T>C,6.253522,11,1548,80.18181818181817,0.3013758541840695
CO1,Aves,Corvus_corax,T>G,0.906058,11,1548,49.27272727272727,0.07105736034075925
CO1,Aves,Pachyptila_macgillivrayi,A>C,0.0,11,771,67.9090909090909,0.0
CO1,Aves,Pachyptila_macgillivrayi,A>G,1.99647,11,771,98.0,0.06784757948960261
CO1,Aves,Pachyptila_macgillivrayi,A>T,0.0,11,771,67.9090909090909,0.0
CO1,Aves,Pachyptila_macgillivrayi,C>A,1.0,11,771,43.090909090909086,0.07728798575243917
CO1,Aves,Pachyptila_macgillivrayi,C>G,0.0,11,771,43.090909090909086,0.0
CO1,Aves,Pachyptila_macgillivrayi,C>T,4.99941,11,771,117.9090909090909,0.14121118880122227
CO1,Aves,Pachyptila_macgillivrayi,G>A,0.0,11,771,8.000000000000002,0.0
CO1,Aves,Pachyptila_macgillivrayi,G>C,0.0,11,771,7.000000000000001,0.0
CO1,Aves,Pachyptila_macgillivrayi,G>T,1.0,11,771,7.000000000000001,0.47577279541111894
CO1,Aves,Pachyptila_macgillivrayi,T>A,0.0,11,771,31.90909090909091,0.0
CO1,Aves,Pachyptila_macgillivrayi,T>C,3.9999,11,771,55.99999999999999,0.23788045054561688
CO1,Aves,Pachyptila_macgillivrayi,T>G,0.0,11,771,31.90909090909091,0.0
CO1,Aves,Oceanodroma_microsoma,A>C,0.0,42,717,62.85714285714285,0.0
CO1,Aves,Oceanodroma_microsoma,A>G,13.728004,42,717,89.45238095238098,0.2181420360091814
CO1,Aves,Oceanodroma_microsoma,A>T,0.0,42,717,62.85714285714285,0.0
CO1,Aves,Oceanodroma_microsoma,C>A,0.0,42,717,48.119047619047656,0.0
CO1,Aves,Oceanodroma_microsoma,C>G,1.0,42,717,48.119047619047656,0.02953975212797452
CO1,Aves,Oceanodroma_microsoma,C>T,1.99594,42,717,113.0238095238095,0.02510160032751791
CO1,Aves,Oceanodroma_microsoma,G>A,4.669852,42,717,9.52380952380952,0.6969735319757332
CO1,Aves,Oceanodroma_microsoma,G>C,0.0,42,717,7.28571428571429,0.0
CO1,Aves,Oceanodroma_microsoma,G>T,0.0,42,717,7.28571428571429,0.0
CO1,Aves,Oceanodroma_microsoma,T>A,0.0,42,717,27.14285714285713,0.0
CO1,Aves,Oceanodroma_microsoma,T>C,1.0,42,717,47.00000000000003,0.03024307955959296
CO1,Aves,Oceanodroma_microsoma,T>G,0.0,42,717,27.14285714285713,0.0
CO1,Aves,Empidonax_flaviventris,A>C,0.0,28,1548,103.17857142857144,0.0
CO1,Aves,Empidonax_flaviventris,A>G,4.99813,28,1548,176.28571428571428,0.05237522599891359
CO1,Aves,Empidonax_flaviventris,A>T,0.0,28,1548,103.17857142857144,0.0
CO1,Aves,Empidonax_flaviventris,C>A,1.0,28,1548,80.03571428571429,0.02308084245646537
CO1,Aves,Empidonax_flaviventris,C>G,1.0,28,1548,80.03571428571429,0.02308084245646537
CO1,Aves,Empidonax_flaviventris,C>T,10.98837,28,1548,194.92857142857144,0.10413416916840018
CO1,Aves,Empidonax_flaviventris,G>A,7.0,28,1548,22.82142857142858,0.5666184281918187
CO1,Aves,Empidonax_flaviventris,G>C,0.0,28,1548,13.03571428571428,0.0
CO1,Aves,Empidonax_flaviventris,G>T,0.0,28,1548,13.03571428571428,0.0
CO1,Aves,Empidonax_flaviventris,T>A,1.0,28,1548,80.78571428571428,0.02286656407822233
CO1,Aves,Empidonax_flaviventris,T>C,17.98999,28,1548,159.89285714285714,0.2078439276497144
CO1,Aves,Empidonax_flaviventris,T>G,0.0,28,1548,80.78571428571428,0.0
CO1,Aves,Catharus_fuscescens,A>C,0.0,19,1557,131.6315789473684,0.0
CO1,Aves,Catharus_fuscescens,A>G,5.9949200000000005,19,1557,197.31578947368425,0.12612267028591032
CO1,Aves,Catharus_fuscescens,A>T,0.0,19,1557,131.6315789473684,0.0
CO1,Aves,Catharus_fuscescens,C>A,1.0,19,1557,98.05263157894738,0.04233624645122042
CO1,Aves,Catharus_fuscescens,C>G,0.0,19,1557,98.05263157894738,0.0
CO1,Aves,Catharus_fuscescens,C>T,4.99622,19,1557,254.3157894736843,0.0815529797016834
CO1,Aves,Catharus_fuscescens,G>A,1.0,19,1557,27.789473684210527,0.1493795968534539
CO1,Aves,Catharus_fuscescens,G>C,0.0,19,1557,17.789473684210527,0.0
CO1,Aves,Catharus_fuscescens,G>T,0.0,19,1557,17.789473684210527,0.0
CO1,Aves,Catharus_fuscescens,T>A,0.0,19,1557,40.89473684210528,0.0
CO1,Aves,Catharus_fuscescens,T>C,9.92853,19,1557,82.57894736842104,0.49909959147140814
CO1,Aves,Catharus_fuscescens,T>G,1.0,19,1557,40.89473684210528,0.10150891523632384
CO1,Aves,Setophaga_palmarum,A>C,2.0,17,1557,142.41176470588235,0.07708090870345538
CO1,Aves,Setophaga_palmarum,A>G,4.0,17,1557,204.2941176470588,0.10746494671526949
CO1,Aves,Setophaga_palmarum,A>T,0.0,17,1557,142.41176470588235,0.0
CO1,Aves,Setophaga_palmarum,C>A,4.0,17,1557,96.70588235294116,0.22702296833462954
CO1,Aves,Setophaga_palmarum,C>G,0.0,17,1557,96.70588235294116,0.0
CO1,Aves,Setophaga_palmarum,C>T,2.99978,17,1557,258.47058823529414,0.06370022588525293
CO1,Aves,Setophaga_palmarum,G>A,1.0,17,1557,24.117647058823525,0.22757668289154329
CO1,Aves,Setophaga_palmarum,G>C,0.0,17,1557,16.058823529411764,0.0
CO1,Aves,Setophaga_palmarum,G>T,0.0,17,1557,16.058823529411764,0.0
CO1,Aves,Setophaga_palmarum,T>A,0.0,17,1557,40.764705882352935,0.0
CO1,Aves,Setophaga_palmarum,T>C,4.0,17,1557,73.88235294117648,0.2971542674698494
CO1,Aves,Setophaga_palmarum,T>G,0.0,17,1557,40.764705882352935,0.0
CO1,Aves,Pachyptila_vittata,A>C,0.0,9,771,68.88888888888889,0.0
CO1,Aves,Pachyptila_vittata,A>G,4.99909,9,771,97.77777777777776,0.32067782849901066
CO1,Aves,Pachyptila_vittata,A>T,0.0,9,771,68.88888888888889,0.0
CO1,Aves,Pachyptila_vittata,C>A,0.0,9,771,43.22222222222223,0.0
CO1,Aves,Pachyptila_vittata,C>G,0.0,9,771,43.22222222222223,0.0
CO1,Aves,Pachyptila_vittata,C>T,1.9971,9,771,119.44444444444444,0.10487017629579361
CO1,Aves,Pachyptila_vittata,G>A,0.0,9,771,8.222222222222221,0.0
CO1,Aves,Pachyptila_vittata,G>C,0.0,9,771,7.111111111111112,0.0
CO1,Aves,Pachyptila_vittata,G>T,0.0,9,771,7.111111111111112,0.0
CO1,Aves,Pachyptila_vittata,T>A,0.0,9,771,31.77777777777778,0.0
CO1,Aves,Pachyptila_vittata,T>C,4.9966,9,771,54.55555555555556,0.5744519952051956
CO1,Aves,Pachyptila_vittata,T>G,0.0,9,771,31.77777777777778,0.0
CO1,Aves,Celeus_grammicus,A>C,0.0,21,1050,78.47619047619047,0.0
CO1,Aves,Celeus_grammicus,A>G,2.0,21,1050,120.52380952380948,0.02581182912661628
CO1,Aves,Celeus_grammicus,A>T,0.0,21,1050,78.47619047619047,0.0
CO1,Aves,Celeus_grammicus,C>A,0.0,21,1050,87.95238095238096,0.0
CO1,Aves,Celeus_grammicus,C>G,0.0,21,1050,87.95238095238096,0.0
CO1,Aves,Celeus_grammicus,C>T,5.99998,21,1050,183.8095238095238,0.050774239704922834
CO1,Aves,Celeus_grammicus,G>A,2.0,21,1050,7.523809523809524,0.4134793640472518
CO1,Aves,Celeus_grammicus,G>C,0.98161,21,1050,4.571428571428572,0.3340016958838687
CO1,Aves,Celeus_grammicus,G>T,0.0,21,1050,4.571428571428572,0.0
CO1,Aves,Celeus_grammicus,T>A,0.0,21,1050,30.85714285714285,0.0
CO1,Aves,Celeus_grammicus,T>C,6.0,21,1050,53.04761904761906,0.17593287123734047
CO1,Aves,Celeus_grammicus,T>G,0.0,21,1050,30.85714285714285,0.0
CO1,Aves,Coryphospingus_cucullatus,A>C,1.0,10,693,65.1,0.036939243970964625
CO1,Aves,Coryphospingus_cucullatus,A>G,4.99953,10,693,92.0,0.13068036611414352
CO1,Aves,Coryphospingus_cucullatus,A>T,0.0,10,693,65.1,0.0
CO1,Aves,Coryphospingus_cucullatus,C>A,0.0,10,693,50.900000000000006,0.0
CO1,Aves,Coryphospingus_cucullatus,C>G,1.0,10,693,50.900000000000006,0.047244494744789714
CO1,Aves,Coryphospingus_cucullatus,C>T,4.99677,10,693,119.0,0.1009744251000124
CO1,Aves,Coryphospingus_cucullatus,G>A,2.0,10,693,9.1,0.5285153368153399
CO1,Aves,Coryphospingus_cucullatus,G>C,0.0,10,693,8.0,0.0
CO1,Aves,Coryphospingus_cucullatus,G>T,0.0,10,693,8.0,0.0
CO1,Aves,Coryphospingus_cucullatus,T>A,0.0,10,693,16.9,0.0
CO1,Aves,Coryphospingus_cucullatus,T>C,1.99999,10,693,30.9,0.15564613325474977
CO1,Aves,Coryphospingus_cucullatus,T>G,0.0,10,693,16.9,0.0
CO1,Aves,Symposiachrus_trivirgatus,A>C,0.0,18,1548,165.16666666666663,0.0
CO1,Aves,Symposiachrus_trivirgatus,A>G,5.99991,18,1548,217.77777777777771,0.06645048725830628
CO1,Aves,Symposiachrus_trivirgatus,A>T,0.99989,18,1548,165.16666666666663,0.01460147794146808
CO1,Aves,Symposiachrus_trivirgatus,C>A,0.0,18,1548,53.83333333333335,0.0
CO1,Aves,Symposiachrus_trivirgatus,C>G,0.0,18,1548,53.83333333333335,0.0
CO1,Aves,Symposiachrus_trivirgatus,C>T,6.57982,18,1548,219.44444444444449,0.07231966710226555
CO1,Aves,Symposiachrus_trivirgatus,G>A,7.762944,18,1548,31.111111111111114,0.6018356741205476
CO1,Aves,Symposiachrus_trivirgatus,G>C,0.0,18,1548,17.166666666666668,0.0
CO1,Aves,Symposiachrus_trivirgatus,G>T,0.0,18,1548,17.166666666666668,0.0
CO1,Aves,Symposiachrus_trivirgatus,T>A,0.0,18,1548,57.00000000000001,0.0
CO1,Aves,Symposiachrus_trivirgatus,T>C,9.230126,18,1548,90.94444444444444,0.24479269357741246
CO1,Aves,Symposiachrus_trivirgatus,T>G,0.0,18,1548,57.00000000000001,0.0
CO1,Aves,Quiscalus_quiscula,A>C,0.0,12,1548,155.16666666666666,0.0
CO1,Aves,Quiscalus_quiscula,A>G,4.994462,12,1548,217.25,0.07902880077288998
CO1,Aves,Quiscalus_quiscula,A>T,0.0,12,1548,155.16666666666666,0.0
CO1,Aves,Quiscalus_quiscula,C>A,0.0,12,1548,89.83333333333334,0.0
CO1,Aves,Quiscalus_quiscula,C>G,0.0,12,1548,89.83333333333334,0.0
CO1,Aves,Quiscalus_quiscula,C>T,3.98634,12,1548,267.5,0.05122795446476498
CO1,Aves,Quiscalus_quiscula,G>A,3.0,12,1548,17.75,0.5810043192993353
CO1,Aves,Quiscalus_quiscula,G>C,0.0,12,1548,13.750000000000002,0.0
CO1,Aves,Quiscalus_quiscula,G>T,0.0,12,1548,13.750000000000002,0.0
CO1,Aves,Quiscalus_quiscula,T>A,0.0,12,1548,38.08333333333333,0.0
CO1,Aves,Quiscalus_quiscula,T>C,4.99765,12,1548,59.5,0.2887389254630097
CO1,Aves,Quiscalus_quiscula,T>G,0.0,12,1548,38.08333333333333,0.0
CO1,Aves,Pachyptila_crassirostris,A>C,0.99975,11,771,66.18181818181819,0.08666957893863463
CO1,Aves,Pachyptila_crassirostris,A>G,1.796386,11,771,97.18181818181816,0.10605438007991796
CO1,Aves,Pachyptila_crassirostris,A>T,0.0,11,771,66.18181818181819,0.0
CO1,Aves,Pachyptila_crassirostris,C>A,0.0,11,771,44.54545454545455,0.0
CO1,Aves,Pachyptila_crassirostris,C>G,1.0,11,771,44.54545454545455,0.12879843117376488
CO1,Aves,Pachyptila_crassirostris,C>T,8.917331,11,771,118.8181818181818,0.4305919962494402
CO1,Aves,Pachyptila_crassirostris,G>A,0.0,11,771,8.90909090909091,0.0
CO1,Aves,Pachyptila_crassirostris,G>C,0.0,11,771,7.909090909090911,0.0
CO1,Aves,Pachyptila_crassirostris,G>T,0.0,11,771,7.909090909090911,0.0
CO1,Aves,Pachyptila_crassirostris,T>A,0.0,11,771,30.36363636363636,0.0
CO1,Aves,Pachyptila_crassirostris,T>C,2.348799,11,771,54.36363636363636,0.2478856135582422
CO1,Aves,Pachyptila_crassirostris,T>G,0.0,11,771,30.36363636363636,0.0
CO1,Aves,Catharus_guttatus,A>C,0.0,14,1557,131.50000000000003,0.0
CO1,Aves,Catharus_guttatus,A>G,3.99747,14,1557,196.0,0.1233385360665342
CO1,Aves,Catharus_guttatus,A>T,0.0,14,1557,131.50000000000003,0.0
CO1,Aves,Catharus_guttatus,C>A,1.0,14,1557,96.0,0.0629938880848405
CO1,Aves,Catharus_guttatus,C>G,0.0,14,1557,96.0,0.0
CO1,Aves,Catharus_guttatus,C>T,1.0,14,1557,247.78571428571436,0.024405818848666938
CO1,Aves,Catharus_guttatus,G>A,3.996711,14,1557,33.785714285714285,0.7153841081465329
CO1,Aves,Catharus_guttatus,G>C,0.0,14,1557,22.5,0.0
CO1,Aves,Catharus_guttatus,G>T,0.0,14,1557,22.5,0.0
CO1,Aves,Catharus_guttatus,T>A,0.0,14,1557,37.85714285714287,0.0
CO1,Aves,Catharus_guttatus,T>C,1.0,14,1557,81.85714285714286,0.0738776488534255
CO1,Aves,Catharus_guttatus,T>G,0.0,14,1557,37.85714285714287,0.0
CO1,Aves,Ara_macao,A>C,0.0,10,1545,130.8,0.0
CO1,Aves,Ara_macao,A>G,4.97659,10,1545,194.7,0.14077834827324803
CO1,Aves,Ara_macao,A>T,0.99949,10,1545,130.8,0.042086291965700386
CO1,Aves,Ara_macao,C>A,0.0,10,1545,88.60000000000002,0.0
CO1,Aves,Ara_macao,C>G,0.0,10,1545,88.60000000000002,0.0
CO1,Aves,Ara_macao,C>T,6.95734,10,1545,234.7,0.16326763140398745
CO1,Aves,Ara_macao,G>A,3.9862200000000003,10,1545,36.9,0.5949834039681229
CO1,Aves,Ara_macao,G>C,0.0,10,1545,22.000000000000004,0.0
CO1,Aves,Ara_macao,G>T,0.0,10,1545,22.000000000000004,0.0
CO1,Aves,Ara_macao,T>A,0.0,10,1545,45.5,0.0
CO1,Aves,Ara_macao,T>C,0.99322,10,1545,92.9,0.05888432438894126
CO1,Aves,Ara_macao,T>G,0.0,10,1545,45.5,0.0
CO1,Aves,Cinclosoma_clarum,A>C,0.99937,47,1548,156.57446808510633,0.006075721008703605
CO1,Aves,Cinclosoma_clarum,A>G,12.99787,47,1548,223.27659574468083,0.055414248390038626
CO1,Aves,Cinclosoma_clarum,A>T,0.99988,47,1548,156.57446808510633,0.00607882157977782
CO1,Aves,Cinclosoma_clarum,C>A,0.9998,47,1548,65.55319148936172,0.01451816580728533
CO1,Aves,Cinclosoma_clarum,C>G,0.0,47,1548,65.55319148936172,0.0
CO1,Aves,Cinclosoma_clarum,C>T,24.935864,47,1548,234.80851063829783,0.10108880130102184
CO1,Aves,Cinclosoma_clarum,G>A,10.90448,47,1548,27.574468085106368,0.3764352430593688
CO1,Aves,Cinclosoma_clarum,G>C,0.99892,47,1548,17.702127659574465,0.05371526221817164
CO1,Aves,Cinclosoma_clarum,G>T,0.99975,47,1548,17.702127659574465,0.05375989408823239
CO1,Aves,Cinclosoma_clarum,T>A,1.0,47,1548,45.510638297872354,0.02091604335464854
CO1,Aves,Cinclosoma_clarum,T>C,25.97691,47,1548,79.2553191489362,0.3119977991927514
CO1,Aves,Cinclosoma_clarum,T>G,0.0,47,1548,45.510638297872354,0.0
CO1,Aves,Melospiza_lincolnii,A>C,0.92255,13,1548,141.15384615384613,0.02976433980484013
CO1,Aves,Melospiza_lincolnii,A>G,3.0,13,1548,201.2307692307692,0.06789314462690622
CO1,Aves,Melospiza_lincolnii,A>T,0.93931,13,1548,141.15384615384613,0.030305069667860146
CO1,Aves,Melospiza_lincolnii,C>A,0.0,13,1548,101.07692307692308,0.0
CO1,Aves,Melospiza_lincolnii,C>G,0.0,13,1548,101.07692307692308,0.0
CO1,Aves,Melospiza_lincolnii,C>T,0.99999,13,1548,270.53846153846155,0.016833161810190806
CO1,Aves,Melospiza_lincolnii,G>A,2.0,13,1548,21.769230769230774,0.4183945025771181
CO1,Aves,Melospiza_lincolnii,G>C,0.0,13,1548,14.846153846153843,0.0
CO1,Aves,Melospiza_lincolnii,G>T,0.0,13,1548,14.846153846153843,0.0
CO1,Aves,Melospiza_lincolnii,T>A,0.0,13,1548,37.92307692307693,0.0
CO1,Aves,Melospiza_lincolnii,T>C,5.99847,13,1548,62.53846153846154,0.43680978151308464
CO1,Aves,Melospiza_lincolnii,T>G,0.0,13,1548,37.92307692307693,0.0
CO1,Aves,Setophaga_fusca,A>C,0.0,27,1557,140.00000000000006,0.0
CO1,Aves,Setophaga_fusca,A>G,5.0,27,1557,202.00000000000009,0.07363379704503868
CO1,Aves,Setophaga_fusca,A>T,0.0,27,1557,140.00000000000006,0.0
CO1,Aves,Setophaga_fusca,C>A,1.0,27,1557,83.00000000000003,0.03584102892312726
CO1,Aves,Setophaga_fusca,C>G,0.0,27,1557,83.00000000000003,0.0
CO1,Aves,Setophaga_fusca,C>T,12.9957,27,1557,248.00000000000009,0.1558858005839986
CO1,Aves,Setophaga_fusca,G>A,3.99581,27,1557,25.962962962962965,0.45783515482445186
CO1,Aves,Setophaga_fusca,G>C,0.0,27,1557,16.925925925925927,0.0
CO1,Aves,Setophaga_fusca,G>T,0.0,27,1557,16.925925925925927,0.0
CO1,Aves,Setophaga_fusca,T>A,0.0,27,1557,54.92592592592594,0.0
CO1,Aves,Setophaga_fusca,T>C,7.99192,27,1557,85.8888888888889,0.27680421862338356
CO1,Aves,Setophaga_fusca,T>G,0.0,27,1557,54.92592592592594,0.0
CO1,Aves,Regulus_satrapa,A>C,0.0,22,1548,137.77272727272725,0.0
CO1,Aves,Regulus_satrapa,A>G,6.9443,22,1548,202.6363636363636,0.22129484570497135
CO1,Aves,Regulus_satrapa,A>T,0.0,22,1548,137.77272727272725,0.0
CO1,Aves,Regulus_satrapa,C>A,1.0,22,1548,76.18181818181817,0.08476349863566289
CO1,Aves,Regulus_satrapa,C>G,0.0,22,1548,76.18181818181817,0.0
CO1,Aves,Regulus_satrapa,C>T,5.97881,22,1548,219.6818181818182,0.17574413699435953
CO1,Aves,Regulus_satrapa,G>A,0.0,22,1548,22.54545454545455,0.0
CO1,Aves,Regulus_satrapa,G>C,0.0,22,1548,14.31818181818182,0.0
CO1,Aves,Regulus_satrapa,G>T,0.0,22,1548,14.31818181818182,0.0
CO1,Aves,Regulus_satrapa,T>A,0.0,22,1548,58.59090909090907,0.0
CO1,Aves,Regulus_satrapa,T>C,8.99509,22,1548,112.09090909090914,0.5181975186650063
CO1,Aves,Regulus_satrapa,T>G,0.0,22,1548,58.59090909090907,0.0
CO1,Aves,Hirundo_rustica,A>C,2.0,137,1554,146.97810218978114,0.007349813796441544
CO1,Aves,Hirundo_rustica,A>G,42.721337,137,1554,205.98540145985424,0.11202304408759982
CO1,Aves,Hirundo_rustica,A>T,0.0,137,1554,146.97810218978114,0.0
CO1,Aves,Hirundo_rustica,C>A,2.99979,137,1554,82.83941605839406,0.019559277147185417
CO1,Aves,Hirundo_rustica,C>G,0.0,137,1554,82.83941605839406,0.0
CO1,Aves,Hirundo_rustica,C>T,38.744986,137,1554,254.49635036496343,0.08223049904999878
CO1,Aves,Hirundo_rustica,G>A,29.224347,137,1554,30.00000000000001,0.5261657047013353
CO1,Aves,Hirundo_rustica,G>C,0.0,137,1554,16.970802919708046,0.0
CO1,Aves,Hirundo_rustica,G>T,0.0,137,1554,16.970802919708046,0.0
CO1,Aves,Hirundo_rustica,T>A,0.0,137,1554,39.16058394160586,0.0
CO1,Aves,Hirundo_rustica,T>C,34.391626,137,1554,73.51824817518246,0.25267166121743906
CO1,Aves,Hirundo_rustica,T>G,0.0,137,1554,39.16058394160586,0.0
CO1,Aves,Junco_hyemalis,A>C,0.0,18,1548,142.22222222222223,0.0
CO1,Aves,Junco_hyemalis,A>G,2.99951,18,1548,204.3888888888889,0.04411016977173757
CO1,Aves,Junco_hyemalis,A>T,1.0,18,1548,142.22222222222223,0.021133831363057853
CO1,Aves,Junco_hyemalis,C>A,0.0,18,1548,106.94444444444444,0.0
CO1,Aves,Junco_hyemalis,C>G,0.0,18,1548,106.94444444444444,0.0
CO1,Aves,Junco_hyemalis,C>T,6.99998,18,1548,268.83333333333337,0.07826352055669165
CO1,Aves,Junco_hyemalis,G>A,4.0,18,1548,17.833333333333336,0.6741758042296337
CO1,Aves,Junco_hyemalis,G>C,0.0,18,1548,9.944444444444445,0.0
CO1,Aves,Junco_hyemalis,G>T,0.0,18,1548,9.944444444444445,0.0
CO1,Aves,Junco_hyemalis,T>A,0.0,18,1548,32.83333333333333,0.0
CO1,Aves,Junco_hyemalis,T>C,3.99999,18,1548,65.94444444444444,0.18231667407887917
CO1,Aves,Junco_hyemalis,T>G,0.0,18,1548,32.83333333333333,0.0
CO1,Aves,Leiothlypis_peregrina,A>C,0.0,16,1557,142.0,0.0
CO1,Aves,Leiothlypis_peregrina,A>G,2.99967,16,1557,210.0625,0.05336980817624741
CO1,Aves,Leiothlypis_peregrina,A>T,0.0,16,1557,142.0,0.0
CO1,Aves,Leiothlypis_peregrina,C>A,1.0,16,1557,89.9375,0.041555630948074095
CO1,Aves,Leiothlypis_peregrina,C>G,0.0,16,1557,89.9375,0.0
CO1,Aves,Leiothlypis_peregrina,C>T,3.95916,16,1557,248.0625,0.05965029953017851
CO1,Aves,Leiothlypis_peregrina,G>A,2.0,16,1557,23.875,0.31308142897528074
CO1,Aves,Leiothlypis_peregrina,G>C,0.0,16,1557,17.9375,0.0
CO1,Aves,Leiothlypis_peregrina,G>T,1.0,16,1557,17.9375,0.20835732729713805
CO1,Aves,Leiothlypis_peregrina,T>A,0.0,16,1557,42.9375,0.0
CO1,Aves,Leiothlypis_peregrina,T>C,6.99999,16,1557,80.75,0.32398550507308127
CO1,Aves,Leiothlypis_peregrina,T>G,0.0,16,1557,42.9375,0.0
CO1,Aves,Symposiachrus_guttula,A>C,1.99956,18,1548,162.55555555555551,0.03784362754967807
CO1,Aves,Symposiachrus_guttula,A>G,4.98509,18,1548,215.94444444444449,0.07102170658397863
CO1,Aves,Symposiachrus_guttula,A>T,1.0,18,1548,162.55555555555551,0.018925977489886812
CO1,Aves,Symposiachrus_guttula,C>A,0.0,18,1548,57.77777777777776,0.0
CO1,Aves,Symposiachrus_guttula,C>G,0.0,18,1548,57.77777777777776,0.0
CO1,Aves,Symposiachrus_guttula,C>T,7.504399,18,1548,223.27777777777777,0.10340238398675085
CO1,Aves,Symposiachrus_guttula,G>A,3.97384,18,1548,32.55555555555556,0.37553066124998785
CO1,Aves,Symposiachrus_guttula,G>C,0.0,18,1548,18.77777777777777,0.0
CO1,Aves,Symposiachrus_guttula,G>T,0.0,18,1548,18.77777777777777,0.0
CO1,Aves,Symposiachrus_guttula,T>A,0.99887,18,1548,53.11111111111111,0.05786070466731777
CO1,Aves,Symposiachrus_guttula,T>C,9.44875,18,1548,86.66666666666666,0.33541493847239995
CO1,Aves,Symposiachrus_guttula,T>G,0.0,18,1548,53.11111111111111,0.0
CO1,Aves,Troglodytes_hiemalis,A>C,0.99792,15,1557,125.26666666666668,0.033367830036892795
CO1,Aves,Troglodytes_hiemalis,A>G,5.99792,15,1557,187.26666666666668,0.13415533490095122
CO1,Aves,Troglodytes_hiemalis,A>T,1.0,15,1557,125.26666666666668,0.033437379786849436
CO1,Aves,Troglodytes_hiemalis,C>A,0.0,15,1557,115.00000000000004,0.0
CO1,Aves,Troglodytes_hiemalis,C>G,0.0,15,1557,115.00000000000004,0.0
CO1,Aves,Troglodytes_hiemalis,C>T,4.99398,15,1557,295.2,0.07085951976084037
CO1,Aves,Troglodytes_hiemalis,G>A,2.9996400000000003,15,1557,25.600000000000005,0.49079138405543554
CO1,Aves,Troglodytes_hiemalis,G>C,0.0,15,1557,16.599999999999998,0.0
CO1,Aves,Troglodytes_hiemalis,G>T,0.0,15,1557,16.599999999999998,0.0
CO1,Aves,Troglodytes_hiemalis,T>A,0.0,15,1557,34.133333333333326,0.0
CO1,Aves,Troglodytes_hiemalis,T>C,3.0,15,1557,52.933333333333344,0.23738855145903054
CO1,Aves,Troglodytes_hiemalis,T>G,0.0,15,1557,34.133333333333326,0.0
CO1,Aves,Alcippe_hueti,A>C,0.0,56,618,68.73214285714286,0.0
CO1,Aves,Alcippe_hueti,A>G,24.434692000000002,56,618,90.17857142857142,0.07527133026827128
CO1,Aves,Alcippe_hueti,A>T,3.0,56,618,68.73214285714286,0.0121251590475094
CO1,Aves,Alcippe_hueti,C>A,0.99979,56,618,38.642857142857125,0.007187297678536229
CO1,Aves,Alcippe_hueti,C>G,0.0,56,618,38.642857142857125,0.0
CO1,Aves,Alcippe_hueti,C>T,13.329241,56,618,95.33928571428568,0.03883824525173804
CO1,Aves,Alcippe_hueti,G>A,12.721735,56,618,5.303571428571426,0.6663524453934266
CO1,Aves,Alcippe_hueti,G>C,0.0,56,618,2.6428571428571423,0.0
CO1,Aves,Alcippe_hueti,G>T,0.0,56,618,2.6428571428571423,0.0
CO1,Aves,Alcippe_hueti,T>A,0.0,56,618,18.875,0.0
CO1,Aves,Alcippe_hueti,T>C,24.351542000000002,56,618,33.785714285714285,0.2002255223605185
CO1,Aves,Alcippe_hueti,T>G,0.0,56,618,18.875,0.0
