"","ecology","p-value"
"1","Beak_length_Culmen","0.16179309982166"
"2","Beak_length_Nares","0.059712133086987"
"3","Beak_width","0.046930738264451"
"4","Beak_depth","0.0157460155927227"
"5","Tarsus_length","0.26535483691786"
"6","Wing_length","0.0020363674203856"
"7","Kipps_distance","0.302056091905673"
"8","Hand_wing_index","0.314826512376315"
"9","Tail_length","0.030450407101293"
"10","Mass","0.0168324941705476"
